solid OpenSCAD_Model
  facet normal 0.994509 0.0325659 0.0994509
    outer loop
      vertex 30 0 0
      vertex 23.9486 1.56967 60
      vertex 24 0 60
    endloop
  endfacet
  facet normal 0.99451 0.0325406 0.0994517
    outer loop
      vertex 29.9358 1.96209 0
      vertex 23.9486 1.56967 60
      vertex 30 0 0
    endloop
  endfacet
  facet normal -0.680213 -0.726237 0.0994507
    outer loop
      vertex -15.8243 -18.0442 60
      vertex -21.2132 -21.2132 0
      vertex -19.7804 -22.5552 0
    endloop
  endfacet
  facet normal 0.769194 -0.631229 0.0994507
    outer loop
      vertex 23.8006 -18.2628 0
      vertex 18.0442 -15.8243 60
      vertex 22.5552 -19.7804 0
    endloop
  endfacet
  facet normal 0.680213 0.726237 0.0994507
    outer loop
      vertex 19.7804 22.5552 0
      vertex 15.8243 18.0442 60
      vertex 21.2132 21.2132 0
    endloop
  endfacet
  facet normal -0.952196 0.288847 0.0994512
    outer loop
      vertex -22.7263 7.71455 60
      vertex -28.4079 9.64318 0
      vertex -23.1822 6.21166 60
    endloop
  endfacet
  facet normal 0.99451 -0.0325406 0.0994517
    outer loop
      vertex 30 0 0
      vertex 23.9486 -1.56967 60
      vertex 29.9358 -1.96209 0
    endloop
  endfacet
  facet normal 0.726254 -0.680194 0.09945
    outer loop
      vertex 18.0442 -15.8243 60
      vertex 16.9706 -16.9706 60
      vertex 21.2132 -21.2132 0
    endloop
  endfacet
  facet normal 0.410651 0.906352 0.0994523
    outer loop
      vertex 11.4805 27.7164 0
      vertex 10.6149 21.5249 60
      vertex 13.2687 26.9062 0
    endloop
  endfacet
  facet normal -0.631247 -0.76918 0.09945
    outer loop
      vertex -15.8243 -18.0442 60
      vertex -18.2628 -23.8006 0
      vertex -14.6103 -19.0405 60
    endloop
  endfacet
  facet normal 0.579591 -0.808817 0.0994505
    outer loop
      vertex 14.6103 -19.0405 60
      vertex 13.3337 -19.9553 60
      vertex 16.6671 -24.9441 0
    endloop
  endfacet
  facet normal 0.225959 -0.969047 0.0994517
    outer loop
      vertex 6.21166 -23.1822 60
      vertex 5.85271 -29.4236 0
      vertex 7.76457 -28.9778 0
    endloop
  endfacet
  facet normal 0.350496 -0.931269 0.0994513
    outer loop
      vertex 11.4805 -27.7164 0
      vertex 9.1844 -22.1731 60
      vertex 9.64318 -28.4079 0
    endloop
  endfacet
  facet normal 0.952192 0.288859 0.0994516
    outer loop
      vertex 28.4079 9.64318 0
      vertex 23.1822 6.21166 60
      vertex 28.9778 7.76457 0
    endloop
  endfacet
  facet normal -0.769194 0.631229 0.0994507
    outer loop
      vertex -22.5552 19.7804 0
      vertex -23.8006 18.2628 0
      vertex -18.0442 15.8243 60
    endloop
  endfacet
  facet normal -0.162131 0.981745 0.0994525
    outer loop
      vertex -3.13263 23.7947 60
      vertex -5.85271 29.4236 0
      vertex -4.68217 23.5388 60
    endloop
  endfacet
  facet normal 0.808817 0.579591 0.0994505
    outer loop
      vertex 24.9441 16.6671 0
      vertex 19.0405 14.6103 60
      vertex 19.9553 13.3337 60
    endloop
  endfacet
  facet normal 0.631247 0.76918 0.09945
    outer loop
      vertex 18.2628 23.8006 0
      vertex 14.6103 19.0405 60
      vertex 15.8243 18.0442 60
    endloop
  endfacet
  facet normal -0.0325659 0.994509 0.0994509
    outer loop
      vertex 0 30 0
      vertex -1.56967 23.9486 60
      vertex 0 24 60
    endloop
  endfacet
  facet normal -0.969047 -0.225959 0.0994517
    outer loop
      vertex -23.1822 -6.21166 60
      vertex -29.4236 -5.85271 0
      vertex -28.9778 -7.76457 0
    endloop
  endfacet
  facet normal -0.99451 -0.0325406 0.0994517
    outer loop
      vertex -23.9486 -1.56967 60
      vertex -30 0 0
      vertex -29.9358 -1.96209 0
    endloop
  endfacet
  facet normal 0 0 -1
    outer loop
      vertex 12.9976 0 0
      vertex 30 0 0
      vertex 29.9358 -1.96209 0
    endloop
  endfacet
  facet normal 0 0 -1
    outer loop
      vertex 12.9698 -0.850182 0
      vertex 29.9358 -1.96209 0
      vertex 29.7433 -3.91578 0
    endloop
  endfacet
  facet normal 0 0 -1
    outer loop
      vertex 30 0 0
      vertex 12.9976 0 0
      vertex 29.9358 1.96209 0
    endloop
  endfacet
  facet normal 0 0 -1
    outer loop
      vertex 12.8864 -1.69653 0
      vertex 29.7433 -3.91578 0
      vertex 29.4236 -5.85271 0
    endloop
  endfacet
  facet normal 0 0 -1
    outer loop
      vertex 12.9698 0.84999 0
      vertex 29.9358 1.96209 0
      vertex 12.9976 0 0
    endloop
  endfacet
  facet normal 0 0 -1
    outer loop
      vertex 12.7479 -2.53581 0
      vertex 29.4236 -5.85271 0
      vertex 28.9778 -7.76457 0
    endloop
  endfacet
  facet normal 0 0 -1
    outer loop
      vertex 12.9698 0.850086 0
      vertex 29.9358 1.96209 0
      vertex 12.9698 0.84999 0
    endloop
  endfacet
  facet normal 0 0 -1
    outer loop
      vertex 12.5547 -3.36413 0
      vertex 28.9778 -7.76457 0
      vertex 28.4079 -9.64318 0
    endloop
  endfacet
  facet normal 0 0 -1
    outer loop
      vertex 12.9698 0.850182 0
      vertex 29.9358 1.96209 0
      vertex 12.9698 0.850086 0
    endloop
  endfacet
  facet normal 0 0 -1
    outer loop
      vertex 12.3079 -4.17796 0
      vertex 28.4079 -9.64318 0
      vertex 27.7164 -11.4805 0
    endloop
  endfacet
  facet normal -0 0 -1
    outer loop
      vertex 29.9358 1.96209 0
      vertex 12.9698 0.850182 0
      vertex 29.7433 3.91578 0
    endloop
  endfacet
  facet normal 0 0 -1
    outer loop
      vertex 12.0082 -4.97407 0
      vertex 27.7164 -11.4805 0
      vertex 26.9062 -13.2687 0
    endloop
  endfacet
  facet normal 0 0 -1
    outer loop
      vertex 12.8864 1.69653 0
      vertex 29.7433 3.91578 0
      vertex 12.9698 0.850182 0
    endloop
  endfacet
  facet normal 0 0 -1
    outer loop
      vertex 11.6572 -5.7488 0
      vertex 26.9062 -13.2687 0
      vertex 25.9808 -15 0
    endloop
  endfacet
  facet normal -0 0 -1
    outer loop
      vertex 29.7433 3.91578 0
      vertex 12.8864 1.69653 0
      vertex 29.4236 5.85271 0
    endloop
  endfacet
  facet normal 0 0 -1
    outer loop
      vertex 11.2563 -6.49882 0
      vertex 25.9808 -15 0
      vertex 24.9441 -16.6671 0
    endloop
  endfacet
  facet normal 0 0 -1
    outer loop
      vertex 12.7479 2.53562 0
      vertex 29.4236 5.85271 0
      vertex 12.8864 1.69653 0
    endloop
  endfacet
  facet normal 0 0 -1
    outer loop
      vertex 10.8071 -7.22111 0
      vertex 24.9441 -16.6671 0
      vertex 23.8006 -18.2628 0
    endloop
  endfacet
  facet normal 0 0 -1
    outer loop
      vertex 12.7479 2.53571 0
      vertex 29.4236 5.85271 0
      vertex 12.7479 2.53562 0
    endloop
  endfacet
  facet normal 0 0 -1
    outer loop
      vertex 10.3117 -7.91247 0
      vertex 23.8006 -18.2628 0
      vertex 22.5552 -19.7804 0
    endloop
  endfacet
  facet normal 0 0 -1
    outer loop
      vertex 12.7479 2.53581 0
      vertex 29.4236 5.85271 0
      vertex 12.7479 2.53571 0
    endloop
  endfacet
  facet normal 0 0 -1
    outer loop
      vertex 9.77208 -8.57001 0
      vertex 22.5552 -19.7804 0
      vertex 21.2132 -21.2132 0
    endloop
  endfacet
  facet normal -0 0 -1
    outer loop
      vertex 29.4236 5.85271 0
      vertex 12.7479 2.53581 0
      vertex 28.9778 7.76457 0
    endloop
  endfacet
  facet normal 0 0 -1
    outer loop
      vertex 9.19072 -9.19072 0
      vertex 21.2132 -21.2132 0
      vertex 19.7804 -22.5552 0
    endloop
  endfacet
  facet normal 0 0 -1
    outer loop
      vertex 12.5548 3.36404 0
      vertex 28.9778 7.76457 0
      vertex 12.7479 2.53581 0
    endloop
  endfacet
  facet normal 0 0 -1
    outer loop
      vertex 8.56987 -9.77221 0
      vertex 19.7804 -22.5552 0
      vertex 18.2628 -23.8006 0
    endloop
  endfacet
  facet normal 0 0 -1
    outer loop
      vertex 12.5547 3.36413 0
      vertex 28.9778 7.76457 0
      vertex 12.5548 3.36404 0
    endloop
  endfacet
  facet normal 0 0 -1
    outer loop
      vertex 7.91239 -10.3118 0
      vertex 18.2628 -23.8006 0
      vertex 16.6671 -24.9441 0
    endloop
  endfacet
  facet normal -0 0 -1
    outer loop
      vertex 28.9778 7.76457 0
      vertex 12.5547 3.36413 0
      vertex 28.4079 9.64318 0
    endloop
  endfacet
  facet normal 0 0 -1
    outer loop
      vertex 7.22102 -10.8072 0
      vertex 16.6671 -24.9441 0
      vertex 15 -25.9808 0
    endloop
  endfacet
  facet normal 0 0 -1
    outer loop
      vertex 12.3079 4.17796 0
      vertex 28.4079 9.64318 0
      vertex 12.5547 3.36413 0
    endloop
  endfacet
  facet normal 0 0 -1
    outer loop
      vertex 6.49882 -11.2563 0
      vertex 15 -25.9808 0
      vertex 13.2687 -26.9062 0
    endloop
  endfacet
  facet normal -0 0 -1
    outer loop
      vertex 28.4079 9.64318 0
      vertex 12.3079 4.17796 0
      vertex 27.7164 11.4805 0
    endloop
  endfacet
  facet normal 0 0 -1
    outer loop
      vertex 12.0083 4.97389 0
      vertex 27.7164 11.4805 0
      vertex 12.3079 4.17796 0
    endloop
  endfacet
  facet normal 0 0 -1
    outer loop
      vertex 29.9358 -1.96209 0
      vertex 12.9698 -0.84999 0
      vertex 12.9976 0 0
    endloop
  endfacet
  facet normal 0 0 -1
    outer loop
      vertex 29.9358 -1.96209 0
      vertex 12.9698 -0.850086 0
      vertex 12.9698 -0.84999 0
    endloop
  endfacet
  facet normal 0 0 -1
    outer loop
      vertex 29.9358 -1.96209 0
      vertex 12.9698 -0.850182 0
      vertex 12.9698 -0.850086 0
    endloop
  endfacet
  facet normal 0 0 -1
    outer loop
      vertex 29.7433 -3.91578 0
      vertex 12.8864 -1.69653 0
      vertex 12.9698 -0.850182 0
    endloop
  endfacet
  facet normal 0 0 -1
    outer loop
      vertex 29.4236 -5.85271 0
      vertex 12.7479 -2.53562 0
      vertex 12.8864 -1.69653 0
    endloop
  endfacet
  facet normal 0 0 -1
    outer loop
      vertex 29.4236 -5.85271 0
      vertex 12.7479 -2.53571 0
      vertex 12.7479 -2.53562 0
    endloop
  endfacet
  facet normal 0 0 -1
    outer loop
      vertex 29.4236 -5.85271 0
      vertex 12.7479 -2.53581 0
      vertex 12.7479 -2.53571 0
    endloop
  endfacet
  facet normal 0 0 -1
    outer loop
      vertex 28.9778 -7.76457 0
      vertex 12.5548 -3.36404 0
      vertex 12.7479 -2.53581 0
    endloop
  endfacet
  facet normal 0 0 -1
    outer loop
      vertex 28.9778 -7.76457 0
      vertex 12.5547 -3.36413 0
      vertex 12.5548 -3.36404 0
    endloop
  endfacet
  facet normal 0 0 -1
    outer loop
      vertex 28.4079 -9.64318 0
      vertex 12.3079 -4.17796 0
      vertex 12.5547 -3.36413 0
    endloop
  endfacet
  facet normal 0 0 -1
    outer loop
      vertex 27.7164 -11.4805 0
      vertex 12.0083 -4.97389 0
      vertex 12.3079 -4.17796 0
    endloop
  endfacet
  facet normal 0 0 -1
    outer loop
      vertex 27.7164 -11.4805 0
      vertex 12.0083 -4.97398 0
      vertex 12.0083 -4.97389 0
    endloop
  endfacet
  facet normal 0 0 -1
    outer loop
      vertex 27.7164 -11.4805 0
      vertex 12.0082 -4.97407 0
      vertex 12.0083 -4.97398 0
    endloop
  endfacet
  facet normal 0 0 -1
    outer loop
      vertex 26.9062 -13.2687 0
      vertex 11.6572 -5.74871 0
      vertex 12.0082 -4.97407 0
    endloop
  endfacet
  facet normal 0 0 -1
    outer loop
      vertex 26.9062 -13.2687 0
      vertex 11.6572 -5.7488 0
      vertex 11.6572 -5.74871 0
    endloop
  endfacet
  facet normal 0 0 -1
    outer loop
      vertex 5.74871 -11.6572 0
      vertex 13.2687 -26.9062 0
      vertex 11.4805 -27.7164 0
    endloop
  endfacet
  facet normal 0 0 -1
    outer loop
      vertex 25.9808 -15 0
      vertex 11.2563 -6.49882 0
      vertex 11.6572 -5.7488 0
    endloop
  endfacet
  facet normal 0 0 -1
    outer loop
      vertex 24.9441 -16.6671 0
      vertex 10.8072 -7.22102 0
      vertex 11.2563 -6.49882 0
    endloop
  endfacet
  facet normal 0 0 -1
    outer loop
      vertex 24.9441 -16.6671 0
      vertex 10.8071 -7.22111 0
      vertex 10.8072 -7.22102 0
    endloop
  endfacet
  facet normal 0 0 -1
    outer loop
      vertex 23.8006 -18.2628 0
      vertex 10.3118 -7.91239 0
      vertex 10.8071 -7.22111 0
    endloop
  endfacet
  facet normal 0 0 -1
    outer loop
      vertex 23.8006 -18.2628 0
      vertex 10.3117 -7.91247 0
      vertex 10.3118 -7.91239 0
    endloop
  endfacet
  facet normal 0 0 -1
    outer loop
      vertex 22.5552 -19.7804 0
      vertex 9.77221 -8.56987 0
      vertex 10.3117 -7.91247 0
    endloop
  endfacet
  facet normal 0 0 -1
    outer loop
      vertex 22.5552 -19.7804 0
      vertex 9.77215 -8.56994 0
      vertex 9.77221 -8.56987 0
    endloop
  endfacet
  facet normal 0 0 -1
    outer loop
      vertex 22.5552 -19.7804 0
      vertex 9.77208 -8.57001 0
      vertex 9.77215 -8.56994 0
    endloop
  endfacet
  facet normal 0 0 -1
    outer loop
      vertex 4.97389 -12.0083 0
      vertex 11.4805 -27.7164 0
      vertex 9.64318 -28.4079 0
    endloop
  endfacet
  facet normal 0 0 -1
    outer loop
      vertex 21.2132 -21.2132 0
      vertex 9.19072 -9.19072 0
      vertex 9.77208 -8.57001 0
    endloop
  endfacet
  facet normal 0 0 -1
    outer loop
      vertex 19.7804 -22.5552 0
      vertex 8.57001 -9.77208 0
      vertex 9.19072 -9.19072 0
    endloop
  endfacet
  facet normal 0 0 -1
    outer loop
      vertex 19.7804 -22.5552 0
      vertex 8.56994 -9.77215 0
      vertex 8.57001 -9.77208 0
    endloop
  endfacet
  facet normal 0 0 -1
    outer loop
      vertex 19.7804 -22.5552 0
      vertex 8.56987 -9.77221 0
      vertex 8.56994 -9.77215 0
    endloop
  endfacet
  facet normal 0 0 -1
    outer loop
      vertex 18.2628 -23.8006 0
      vertex 7.91247 -10.3117 0
      vertex 8.56987 -9.77221 0
    endloop
  endfacet
  facet normal 0 0 -1
    outer loop
      vertex 18.2628 -23.8006 0
      vertex 7.91239 -10.3118 0
      vertex 7.91247 -10.3117 0
    endloop
  endfacet
  facet normal 0 0 -1
    outer loop
      vertex 4.17796 -12.3079 0
      vertex 9.64318 -28.4079 0
      vertex 7.76457 -28.9778 0
    endloop
  endfacet
  facet normal 0 0 -1
    outer loop
      vertex 16.6671 -24.9441 0
      vertex 7.22111 -10.8071 0
      vertex 7.91239 -10.3118 0
    endloop
  endfacet
  facet normal 0 0 -1
    outer loop
      vertex 16.6671 -24.9441 0
      vertex 7.22102 -10.8072 0
      vertex 7.22111 -10.8071 0
    endloop
  endfacet
  facet normal 0 0 -1
    outer loop
      vertex 15 -25.9808 0
      vertex 6.49882 -11.2563 0
      vertex 7.22102 -10.8072 0
    endloop
  endfacet
  facet normal 0 0 -1
    outer loop
      vertex 3.36404 -12.5548 0
      vertex 7.76457 -28.9778 0
      vertex 5.85271 -29.4236 0
    endloop
  endfacet
  facet normal 0 0 -1
    outer loop
      vertex 13.2687 -26.9062 0
      vertex 5.7488 -11.6572 0
      vertex 6.49882 -11.2563 0
    endloop
  endfacet
  facet normal 0 0 -1
    outer loop
      vertex 13.2687 -26.9062 0
      vertex 5.74871 -11.6572 0
      vertex 5.7488 -11.6572 0
    endloop
  endfacet
  facet normal 0 0 -1
    outer loop
      vertex 11.4805 -27.7164 0
      vertex 4.97407 -12.0082 0
      vertex 5.74871 -11.6572 0
    endloop
  endfacet
  facet normal 0 0 -1
    outer loop
      vertex 11.4805 -27.7164 0
      vertex 4.97398 -12.0083 0
      vertex 4.97407 -12.0082 0
    endloop
  endfacet
  facet normal 0 0 -1
    outer loop
      vertex 11.4805 -27.7164 0
      vertex 4.97389 -12.0083 0
      vertex 4.97398 -12.0083 0
    endloop
  endfacet
  facet normal 0 0 -1
    outer loop
      vertex 9.64318 -28.4079 0
      vertex 4.17796 -12.3079 0
      vertex 4.97389 -12.0083 0
    endloop
  endfacet
  facet normal 0 0 -1
    outer loop
      vertex 2.53562 -12.7479 0
      vertex 5.85271 -29.4236 0
      vertex 3.91578 -29.7433 0
    endloop
  endfacet
  facet normal 0 0 -1
    outer loop
      vertex 7.76457 -28.9778 0
      vertex 3.36413 -12.5547 0
      vertex 4.17796 -12.3079 0
    endloop
  endfacet
  facet normal 0 0 -1
    outer loop
      vertex 7.76457 -28.9778 0
      vertex 3.36404 -12.5548 0
      vertex 3.36413 -12.5547 0
    endloop
  endfacet
  facet normal 0 0 -1
    outer loop
      vertex 5.85271 -29.4236 0
      vertex 2.53581 -12.7479 0
      vertex 3.36404 -12.5548 0
    endloop
  endfacet
  facet normal 0 0 -1
    outer loop
      vertex 5.85271 -29.4236 0
      vertex 2.53571 -12.7479 0
      vertex 2.53581 -12.7479 0
    endloop
  endfacet
  facet normal 0 0 -1
    outer loop
      vertex 5.85271 -29.4236 0
      vertex 2.53562 -12.7479 0
      vertex 2.53571 -12.7479 0
    endloop
  endfacet
  facet normal 0 0 -1
    outer loop
      vertex 1.69653 -12.8864 0
      vertex 3.91578 -29.7433 0
      vertex 1.96209 -29.9358 0
    endloop
  endfacet
  facet normal 0 0 -1
    outer loop
      vertex 3.91578 -29.7433 0
      vertex 1.69653 -12.8864 0
      vertex 2.53562 -12.7479 0
    endloop
  endfacet
  facet normal 0 0 -1
    outer loop
      vertex 1.96209 -29.9358 0
      vertex 0.850182 -12.9698 0
      vertex 1.69653 -12.8864 0
    endloop
  endfacet
  facet normal 0 0 -1
    outer loop
      vertex 1.96209 -29.9358 0
      vertex 0.850086 -12.9698 0
      vertex 0.850182 -12.9698 0
    endloop
  endfacet
  facet normal 0 0 -1
    outer loop
      vertex 1.96209 -29.9358 0
      vertex 0.84999 -12.9698 0
      vertex 0.850086 -12.9698 0
    endloop
  endfacet
  facet normal 0 0 -1
    outer loop
      vertex 0 -30 0
      vertex 0.84999 -12.9698 0
      vertex 1.96209 -29.9358 0
    endloop
  endfacet
  facet normal 0 0 -1
    outer loop
      vertex 0 -30 0
      vertex 0 -12.9976 0
      vertex 0.84999 -12.9698 0
    endloop
  endfacet
  facet normal 0 0 -1
    outer loop
      vertex 0 -30 0
      vertex -0.84999 -12.9698 0
      vertex 0 -12.9976 0
    endloop
  endfacet
  facet normal 0 0 -1
    outer loop
      vertex -1.96209 -29.9358 0
      vertex -0.84999 -12.9698 0
      vertex 0 -30 0
    endloop
  endfacet
  facet normal -0 0 -1
    outer loop
      vertex -0.84999 -12.9698 0
      vertex -1.96209 -29.9358 0
      vertex -0.850086 -12.9698 0
    endloop
  endfacet
  facet normal -0 0 -1
    outer loop
      vertex -0.850086 -12.9698 0
      vertex -1.96209 -29.9358 0
      vertex -0.850182 -12.9698 0
    endloop
  endfacet
  facet normal -0 0 -1
    outer loop
      vertex -0.850182 -12.9698 0
      vertex -1.96209 -29.9358 0
      vertex -1.69653 -12.8864 0
    endloop
  endfacet
  facet normal 0 0 -1
    outer loop
      vertex -3.91578 -29.7433 0
      vertex -1.69653 -12.8864 0
      vertex -1.96209 -29.9358 0
    endloop
  endfacet
  facet normal -0 0 -1
    outer loop
      vertex -1.69653 -12.8864 0
      vertex -3.91578 -29.7433 0
      vertex -2.53562 -12.7479 0
    endloop
  endfacet
  facet normal 0 0 -1
    outer loop
      vertex -5.85271 -29.4236 0
      vertex -2.53562 -12.7479 0
      vertex -3.91578 -29.7433 0
    endloop
  endfacet
  facet normal -0 0 -1
    outer loop
      vertex -2.53562 -12.7479 0
      vertex -5.85271 -29.4236 0
      vertex -2.53571 -12.7479 0
    endloop
  endfacet
  facet normal -0 0 -1
    outer loop
      vertex -2.53571 -12.7479 0
      vertex -5.85271 -29.4236 0
      vertex -2.53581 -12.7479 0
    endloop
  endfacet
  facet normal -0 0 -1
    outer loop
      vertex -2.53581 -12.7479 0
      vertex -5.85271 -29.4236 0
      vertex -3.36404 -12.5548 0
    endloop
  endfacet
  facet normal 0 0 -1
    outer loop
      vertex -7.76457 -28.9778 0
      vertex -3.36404 -12.5548 0
      vertex -5.85271 -29.4236 0
    endloop
  endfacet
  facet normal -0 0 -1
    outer loop
      vertex -3.36404 -12.5548 0
      vertex -7.76457 -28.9778 0
      vertex -3.36413 -12.5547 0
    endloop
  endfacet
  facet normal -0 0 -1
    outer loop
      vertex -3.36413 -12.5547 0
      vertex -7.76457 -28.9778 0
      vertex -4.17796 -12.3079 0
    endloop
  endfacet
  facet normal 0 0 -1
    outer loop
      vertex -9.64318 -28.4079 0
      vertex -4.17796 -12.3079 0
      vertex -7.76457 -28.9778 0
    endloop
  endfacet
  facet normal -0 0 -1
    outer loop
      vertex -4.17796 -12.3079 0
      vertex -9.64318 -28.4079 0
      vertex -4.97389 -12.0083 0
    endloop
  endfacet
  facet normal 0 0 -1
    outer loop
      vertex -11.4805 -27.7164 0
      vertex -4.97389 -12.0083 0
      vertex -9.64318 -28.4079 0
    endloop
  endfacet
  facet normal -0 0 -1
    outer loop
      vertex -4.97389 -12.0083 0
      vertex -11.4805 -27.7164 0
      vertex -4.97398 -12.0083 0
    endloop
  endfacet
  facet normal -0 0 -1
    outer loop
      vertex -4.97398 -12.0083 0
      vertex -11.4805 -27.7164 0
      vertex -4.97407 -12.0082 0
    endloop
  endfacet
  facet normal -0 0 -1
    outer loop
      vertex -4.97407 -12.0082 0
      vertex -11.4805 -27.7164 0
      vertex -5.74871 -11.6572 0
    endloop
  endfacet
  facet normal 0 0 -1
    outer loop
      vertex -13.2687 -26.9062 0
      vertex -5.74871 -11.6572 0
      vertex -11.4805 -27.7164 0
    endloop
  endfacet
  facet normal -0 0 -1
    outer loop
      vertex -5.74871 -11.6572 0
      vertex -13.2687 -26.9062 0
      vertex -5.7488 -11.6572 0
    endloop
  endfacet
  facet normal -0 0 -1
    outer loop
      vertex -5.7488 -11.6572 0
      vertex -13.2687 -26.9062 0
      vertex -6.49882 -11.2563 0
    endloop
  endfacet
  facet normal 0 0 -1
    outer loop
      vertex -15 -25.9808 0
      vertex -6.49882 -11.2563 0
      vertex -13.2687 -26.9062 0
    endloop
  endfacet
  facet normal -0 0 -1
    outer loop
      vertex -6.49882 -11.2563 0
      vertex -15 -25.9808 0
      vertex -7.22102 -10.8072 0
    endloop
  endfacet
  facet normal 0 0 -1
    outer loop
      vertex -16.6671 -24.9441 0
      vertex -7.22102 -10.8072 0
      vertex -15 -25.9808 0
    endloop
  endfacet
  facet normal -0 0 -1
    outer loop
      vertex -7.22102 -10.8072 0
      vertex -16.6671 -24.9441 0
      vertex -7.22111 -10.8071 0
    endloop
  endfacet
  facet normal -0 0 -1
    outer loop
      vertex -7.22111 -10.8071 0
      vertex -16.6671 -24.9441 0
      vertex -7.91239 -10.3118 0
    endloop
  endfacet
  facet normal 0 0 -1
    outer loop
      vertex -18.2628 -23.8006 0
      vertex -7.91239 -10.3118 0
      vertex -16.6671 -24.9441 0
    endloop
  endfacet
  facet normal -0 0 -1
    outer loop
      vertex -7.91239 -10.3118 0
      vertex -18.2628 -23.8006 0
      vertex -7.91247 -10.3117 0
    endloop
  endfacet
  facet normal -0 0 -1
    outer loop
      vertex -7.91247 -10.3117 0
      vertex -18.2628 -23.8006 0
      vertex -8.56987 -9.77221 0
    endloop
  endfacet
  facet normal 0 0 -1
    outer loop
      vertex -19.7804 -22.5552 0
      vertex -8.56987 -9.77221 0
      vertex -18.2628 -23.8006 0
    endloop
  endfacet
  facet normal -0 0 -1
    outer loop
      vertex -8.56987 -9.77221 0
      vertex -19.7804 -22.5552 0
      vertex -8.56994 -9.77215 0
    endloop
  endfacet
  facet normal -0 0 -1
    outer loop
      vertex -8.56994 -9.77215 0
      vertex -19.7804 -22.5552 0
      vertex -8.57001 -9.77208 0
    endloop
  endfacet
  facet normal -0 0 -1
    outer loop
      vertex -8.57001 -9.77208 0
      vertex -19.7804 -22.5552 0
      vertex -9.19072 -9.19072 0
    endloop
  endfacet
  facet normal 0 0 -1
    outer loop
      vertex -21.2132 -21.2132 0
      vertex -9.19072 -9.19072 0
      vertex -19.7804 -22.5552 0
    endloop
  endfacet
  facet normal -0 0 -1
    outer loop
      vertex -9.19072 -9.19072 0
      vertex -21.2132 -21.2132 0
      vertex -9.77208 -8.57001 0
    endloop
  endfacet
  facet normal 0 0 -1
    outer loop
      vertex -22.5552 -19.7804 0
      vertex -9.77208 -8.57001 0
      vertex -21.2132 -21.2132 0
    endloop
  endfacet
  facet normal -0 0 -1
    outer loop
      vertex -9.77208 -8.57001 0
      vertex -22.5552 -19.7804 0
      vertex -9.77215 -8.56994 0
    endloop
  endfacet
  facet normal -0 0 -1
    outer loop
      vertex -9.77215 -8.56994 0
      vertex -22.5552 -19.7804 0
      vertex -9.77221 -8.56987 0
    endloop
  endfacet
  facet normal -0 0 -1
    outer loop
      vertex -9.77221 -8.56987 0
      vertex -22.5552 -19.7804 0
      vertex -10.3117 -7.91247 0
    endloop
  endfacet
  facet normal 0 0 -1
    outer loop
      vertex -23.8006 -18.2628 0
      vertex -10.3117 -7.91247 0
      vertex -22.5552 -19.7804 0
    endloop
  endfacet
  facet normal -0 0 -1
    outer loop
      vertex -10.3117 -7.91247 0
      vertex -23.8006 -18.2628 0
      vertex -10.3118 -7.91239 0
    endloop
  endfacet
  facet normal -0 0 -1
    outer loop
      vertex -10.3118 -7.91239 0
      vertex -23.8006 -18.2628 0
      vertex -10.8071 -7.22111 0
    endloop
  endfacet
  facet normal 0 0 -1
    outer loop
      vertex -24.9441 -16.6671 0
      vertex -10.8071 -7.22111 0
      vertex -23.8006 -18.2628 0
    endloop
  endfacet
  facet normal -0 0 -1
    outer loop
      vertex -10.8071 -7.22111 0
      vertex -24.9441 -16.6671 0
      vertex -10.8072 -7.22102 0
    endloop
  endfacet
  facet normal -0 0 -1
    outer loop
      vertex -10.8072 -7.22102 0
      vertex -24.9441 -16.6671 0
      vertex -11.2563 -6.49882 0
    endloop
  endfacet
  facet normal 0 0 -1
    outer loop
      vertex -25.9808 -15 0
      vertex -11.2563 -6.49882 0
      vertex -24.9441 -16.6671 0
    endloop
  endfacet
  facet normal -0 0 -1
    outer loop
      vertex -11.2563 -6.49882 0
      vertex -25.9808 -15 0
      vertex -11.6572 -5.7488 0
    endloop
  endfacet
  facet normal 0 0 -1
    outer loop
      vertex -26.9062 -13.2687 0
      vertex -11.6572 -5.7488 0
      vertex -25.9808 -15 0
    endloop
  endfacet
  facet normal -0 0 -1
    outer loop
      vertex -11.6572 -5.7488 0
      vertex -26.9062 -13.2687 0
      vertex -11.6572 -5.74871 0
    endloop
  endfacet
  facet normal -0 0 -1
    outer loop
      vertex -11.6572 -5.74871 0
      vertex -26.9062 -13.2687 0
      vertex -12.0082 -4.97407 0
    endloop
  endfacet
  facet normal -0 0 -1
    outer loop
      vertex -12.0083 -4.97398 0
      vertex -27.7164 -11.4805 0
      vertex -12.0083 -4.97389 0
    endloop
  endfacet
  facet normal -0 0 -1
    outer loop
      vertex -12.0082 -4.97407 0
      vertex -27.7164 -11.4805 0
      vertex -12.0083 -4.97398 0
    endloop
  endfacet
  facet normal 0 0 -1
    outer loop
      vertex -27.7164 -11.4805 0
      vertex -12.0082 -4.97407 0
      vertex -26.9062 -13.2687 0
    endloop
  endfacet
  facet normal 0 0 -1
    outer loop
      vertex 12.0083 4.97398 0
      vertex 27.7164 11.4805 0
      vertex 12.0083 4.97389 0
    endloop
  endfacet
  facet normal 0 0 -1
    outer loop
      vertex 12.0082 4.97407 0
      vertex 27.7164 11.4805 0
      vertex 12.0083 4.97398 0
    endloop
  endfacet
  facet normal -0 0 -1
    outer loop
      vertex 27.7164 11.4805 0
      vertex 12.0082 4.97407 0
      vertex 26.9062 13.2687 0
    endloop
  endfacet
  facet normal 0 0 -1
    outer loop
      vertex 11.6572 5.74871 0
      vertex 26.9062 13.2687 0
      vertex 12.0082 4.97407 0
    endloop
  endfacet
  facet normal 0 0 -1
    outer loop
      vertex 11.6572 5.7488 0
      vertex 26.9062 13.2687 0
      vertex 11.6572 5.74871 0
    endloop
  endfacet
  facet normal -0 0 -1
    outer loop
      vertex 26.9062 13.2687 0
      vertex 11.6572 5.7488 0
      vertex 25.9808 15 0
    endloop
  endfacet
  facet normal 0 0 -1
    outer loop
      vertex 11.2563 6.49882 0
      vertex 25.9808 15 0
      vertex 11.6572 5.7488 0
    endloop
  endfacet
  facet normal -0 0 -1
    outer loop
      vertex 25.9808 15 0
      vertex 11.2563 6.49882 0
      vertex 24.9441 16.6671 0
    endloop
  endfacet
  facet normal 0 0 -1
    outer loop
      vertex 10.8072 7.22102 0
      vertex 24.9441 16.6671 0
      vertex 11.2563 6.49882 0
    endloop
  endfacet
  facet normal 0 0 -1
    outer loop
      vertex 10.8071 7.22111 0
      vertex 24.9441 16.6671 0
      vertex 10.8072 7.22102 0
    endloop
  endfacet
  facet normal -0 0 -1
    outer loop
      vertex 24.9441 16.6671 0
      vertex 10.8071 7.22111 0
      vertex 23.8006 18.2628 0
    endloop
  endfacet
  facet normal 0 0 -1
    outer loop
      vertex 10.3118 7.91239 0
      vertex 23.8006 18.2628 0
      vertex 10.8071 7.22111 0
    endloop
  endfacet
  facet normal 0 0 -1
    outer loop
      vertex 10.3117 7.91247 0
      vertex 23.8006 18.2628 0
      vertex 10.3118 7.91239 0
    endloop
  endfacet
  facet normal -0 0 -1
    outer loop
      vertex 23.8006 18.2628 0
      vertex 10.3117 7.91247 0
      vertex 22.5552 19.7804 0
    endloop
  endfacet
  facet normal 0 0 -1
    outer loop
      vertex 9.77221 8.56987 0
      vertex 22.5552 19.7804 0
      vertex 10.3117 7.91247 0
    endloop
  endfacet
  facet normal 0 0 -1
    outer loop
      vertex 9.77215 8.56994 0
      vertex 22.5552 19.7804 0
      vertex 9.77221 8.56987 0
    endloop
  endfacet
  facet normal 0 0 -1
    outer loop
      vertex 9.77208 8.57001 0
      vertex 22.5552 19.7804 0
      vertex 9.77215 8.56994 0
    endloop
  endfacet
  facet normal -0 0 -1
    outer loop
      vertex 22.5552 19.7804 0
      vertex 9.77208 8.57001 0
      vertex 21.2132 21.2132 0
    endloop
  endfacet
  facet normal 0 0 -1
    outer loop
      vertex 9.19072 9.19072 0
      vertex 21.2132 21.2132 0
      vertex 9.77208 8.57001 0
    endloop
  endfacet
  facet normal -0 0 -1
    outer loop
      vertex 21.2132 21.2132 0
      vertex 9.19072 9.19072 0
      vertex 19.7804 22.5552 0
    endloop
  endfacet
  facet normal 0 0 -1
    outer loop
      vertex 8.57001 9.77208 0
      vertex 19.7804 22.5552 0
      vertex 9.19072 9.19072 0
    endloop
  endfacet
  facet normal 0 0 -1
    outer loop
      vertex 8.56994 9.77215 0
      vertex 19.7804 22.5552 0
      vertex 8.57001 9.77208 0
    endloop
  endfacet
  facet normal 0 0 -1
    outer loop
      vertex 8.56987 9.77221 0
      vertex 19.7804 22.5552 0
      vertex 8.56994 9.77215 0
    endloop
  endfacet
  facet normal -0 0 -1
    outer loop
      vertex 19.7804 22.5552 0
      vertex 8.56987 9.77221 0
      vertex 18.2628 23.8006 0
    endloop
  endfacet
  facet normal 0 0 -1
    outer loop
      vertex 7.91247 10.3117 0
      vertex 18.2628 23.8006 0
      vertex 8.56987 9.77221 0
    endloop
  endfacet
  facet normal 0 0 -1
    outer loop
      vertex 7.91239 10.3118 0
      vertex 18.2628 23.8006 0
      vertex 7.91247 10.3117 0
    endloop
  endfacet
  facet normal -0 0 -1
    outer loop
      vertex 18.2628 23.8006 0
      vertex 7.91239 10.3118 0
      vertex 16.6671 24.9441 0
    endloop
  endfacet
  facet normal 0 0 -1
    outer loop
      vertex 7.22111 10.8071 0
      vertex 16.6671 24.9441 0
      vertex 7.91239 10.3118 0
    endloop
  endfacet
  facet normal 0 0 -1
    outer loop
      vertex 7.22102 10.8072 0
      vertex 16.6671 24.9441 0
      vertex 7.22111 10.8071 0
    endloop
  endfacet
  facet normal -0 0 -1
    outer loop
      vertex 16.6671 24.9441 0
      vertex 7.22102 10.8072 0
      vertex 15 25.9808 0
    endloop
  endfacet
  facet normal 0 0 -1
    outer loop
      vertex 6.49882 11.2563 0
      vertex 15 25.9808 0
      vertex 7.22102 10.8072 0
    endloop
  endfacet
  facet normal -0 0 -1
    outer loop
      vertex 15 25.9808 0
      vertex 6.49882 11.2563 0
      vertex 13.2687 26.9062 0
    endloop
  endfacet
  facet normal 0 0 -1
    outer loop
      vertex 5.7488 11.6572 0
      vertex 13.2687 26.9062 0
      vertex 6.49882 11.2563 0
    endloop
  endfacet
  facet normal 0 0 -1
    outer loop
      vertex 5.74871 11.6572 0
      vertex 13.2687 26.9062 0
      vertex 5.7488 11.6572 0
    endloop
  endfacet
  facet normal -0 0 -1
    outer loop
      vertex 13.2687 26.9062 0
      vertex 5.74871 11.6572 0
      vertex 11.4805 27.7164 0
    endloop
  endfacet
  facet normal 0 0 -1
    outer loop
      vertex 4.97407 12.0082 0
      vertex 11.4805 27.7164 0
      vertex 5.74871 11.6572 0
    endloop
  endfacet
  facet normal 0 0 -1
    outer loop
      vertex 4.97398 12.0083 0
      vertex 11.4805 27.7164 0
      vertex 4.97407 12.0082 0
    endloop
  endfacet
  facet normal 0 0 -1
    outer loop
      vertex 4.97389 12.0083 0
      vertex 11.4805 27.7164 0
      vertex 4.97398 12.0083 0
    endloop
  endfacet
  facet normal -0 0 -1
    outer loop
      vertex 11.4805 27.7164 0
      vertex 4.97389 12.0083 0
      vertex 9.64318 28.4079 0
    endloop
  endfacet
  facet normal 0 0 -1
    outer loop
      vertex 4.17796 12.3079 0
      vertex 9.64318 28.4079 0
      vertex 4.97389 12.0083 0
    endloop
  endfacet
  facet normal -0 0 -1
    outer loop
      vertex 9.64318 28.4079 0
      vertex 4.17796 12.3079 0
      vertex 7.76457 28.9778 0
    endloop
  endfacet
  facet normal 0 0 -1
    outer loop
      vertex 3.36413 12.5547 0
      vertex 7.76457 28.9778 0
      vertex 4.17796 12.3079 0
    endloop
  endfacet
  facet normal 0 0 -1
    outer loop
      vertex 3.36404 12.5548 0
      vertex 7.76457 28.9778 0
      vertex 3.36413 12.5547 0
    endloop
  endfacet
  facet normal -0 0 -1
    outer loop
      vertex 7.76457 28.9778 0
      vertex 3.36404 12.5548 0
      vertex 5.85271 29.4236 0
    endloop
  endfacet
  facet normal 0 0 -1
    outer loop
      vertex 2.53581 12.7479 0
      vertex 5.85271 29.4236 0
      vertex 3.36404 12.5548 0
    endloop
  endfacet
  facet normal 0 0 -1
    outer loop
      vertex 2.53571 12.7479 0
      vertex 5.85271 29.4236 0
      vertex 2.53581 12.7479 0
    endloop
  endfacet
  facet normal 0 0 -1
    outer loop
      vertex 2.53562 12.7479 0
      vertex 5.85271 29.4236 0
      vertex 2.53571 12.7479 0
    endloop
  endfacet
  facet normal -0 0 -1
    outer loop
      vertex 5.85271 29.4236 0
      vertex 2.53562 12.7479 0
      vertex 3.91578 29.7433 0
    endloop
  endfacet
  facet normal 0 0 -1
    outer loop
      vertex 1.69653 12.8864 0
      vertex 3.91578 29.7433 0
      vertex 2.53562 12.7479 0
    endloop
  endfacet
  facet normal -0 0 -1
    outer loop
      vertex 3.91578 29.7433 0
      vertex 1.69653 12.8864 0
      vertex 1.96209 29.9358 0
    endloop
  endfacet
  facet normal 0 0 -1
    outer loop
      vertex 0.850182 12.9698 0
      vertex 1.96209 29.9358 0
      vertex 1.69653 12.8864 0
    endloop
  endfacet
  facet normal 0 0 -1
    outer loop
      vertex 0.850086 12.9698 0
      vertex 1.96209 29.9358 0
      vertex 0.850182 12.9698 0
    endloop
  endfacet
  facet normal 0 0 -1
    outer loop
      vertex 0.84999 12.9698 0
      vertex 1.96209 29.9358 0
      vertex 0.850086 12.9698 0
    endloop
  endfacet
  facet normal 0 0 -1
    outer loop
      vertex 0 12.9976 0
      vertex 1.96209 29.9358 0
      vertex 0.84999 12.9698 0
    endloop
  endfacet
  facet normal 0 0 -1
    outer loop
      vertex 0 12.9976 0
      vertex 0 30 0
      vertex 1.96209 29.9358 0
    endloop
  endfacet
  facet normal 0 0 -1
    outer loop
      vertex -0.84999 12.9698 0
      vertex 0 30 0
      vertex 0 12.9976 0
    endloop
  endfacet
  facet normal 0 0 -1
    outer loop
      vertex -1.96209 29.9358 0
      vertex -0.84999 12.9698 0
      vertex -0.850086 12.9698 0
    endloop
  endfacet
  facet normal 0 0 -1
    outer loop
      vertex -1.96209 29.9358 0
      vertex -0.850086 12.9698 0
      vertex -0.850182 12.9698 0
    endloop
  endfacet
  facet normal 0 0 -1
    outer loop
      vertex -1.96209 29.9358 0
      vertex -0.850182 12.9698 0
      vertex -1.69653 12.8864 0
    endloop
  endfacet
  facet normal 0 0 -1
    outer loop
      vertex -0.84999 12.9698 0
      vertex -1.96209 29.9358 0
      vertex 0 30 0
    endloop
  endfacet
  facet normal 0 0 -1
    outer loop
      vertex -3.91578 29.7433 0
      vertex -1.69653 12.8864 0
      vertex -2.53562 12.7479 0
    endloop
  endfacet
  facet normal 0 0 -1
    outer loop
      vertex -5.85271 29.4236 0
      vertex -2.53562 12.7479 0
      vertex -2.53571 12.7479 0
    endloop
  endfacet
  facet normal 0 0 -1
    outer loop
      vertex -5.85271 29.4236 0
      vertex -2.53571 12.7479 0
      vertex -2.53581 12.7479 0
    endloop
  endfacet
  facet normal 0 0 -1
    outer loop
      vertex -5.85271 29.4236 0
      vertex -2.53581 12.7479 0
      vertex -3.36404 12.5548 0
    endloop
  endfacet
  facet normal 0 0 -1
    outer loop
      vertex -7.76457 28.9778 0
      vertex -3.36404 12.5548 0
      vertex -3.36413 12.5547 0
    endloop
  endfacet
  facet normal 0 0 -1
    outer loop
      vertex -1.69653 12.8864 0
      vertex -3.91578 29.7433 0
      vertex -1.96209 29.9358 0
    endloop
  endfacet
  facet normal 0 0 -1
    outer loop
      vertex -7.76457 28.9778 0
      vertex -3.36413 12.5547 0
      vertex -4.17796 12.3079 0
    endloop
  endfacet
  facet normal 0 0 -1
    outer loop
      vertex -9.64318 28.4079 0
      vertex -4.17796 12.3079 0
      vertex -4.97389 12.0083 0
    endloop
  endfacet
  facet normal 0 0 -1
    outer loop
      vertex -11.4805 27.7164 0
      vertex -4.97389 12.0083 0
      vertex -4.97398 12.0083 0
    endloop
  endfacet
  facet normal 0 0 -1
    outer loop
      vertex -11.4805 27.7164 0
      vertex -4.97398 12.0083 0
      vertex -4.97407 12.0082 0
    endloop
  endfacet
  facet normal 0 0 -1
    outer loop
      vertex -11.4805 27.7164 0
      vertex -4.97407 12.0082 0
      vertex -5.74871 11.6572 0
    endloop
  endfacet
  facet normal 0 0 -1
    outer loop
      vertex -13.2687 26.9062 0
      vertex -5.74871 11.6572 0
      vertex -5.7488 11.6572 0
    endloop
  endfacet
  facet normal 0 0 -1
    outer loop
      vertex -2.53562 12.7479 0
      vertex -5.85271 29.4236 0
      vertex -3.91578 29.7433 0
    endloop
  endfacet
  facet normal 0 0 -1
    outer loop
      vertex -13.2687 26.9062 0
      vertex -5.7488 11.6572 0
      vertex -6.49882 11.2563 0
    endloop
  endfacet
  facet normal 0 0 -1
    outer loop
      vertex -15 25.9808 0
      vertex -6.49882 11.2563 0
      vertex -7.22102 10.8072 0
    endloop
  endfacet
  facet normal 0 0 -1
    outer loop
      vertex -16.6671 24.9441 0
      vertex -7.22102 10.8072 0
      vertex -7.22111 10.8071 0
    endloop
  endfacet
  facet normal 0 0 -1
    outer loop
      vertex -3.36404 12.5548 0
      vertex -7.76457 28.9778 0
      vertex -5.85271 29.4236 0
    endloop
  endfacet
  facet normal 0 0 -1
    outer loop
      vertex -16.6671 24.9441 0
      vertex -7.22111 10.8071 0
      vertex -7.91239 10.3118 0
    endloop
  endfacet
  facet normal 0 0 -1
    outer loop
      vertex -18.2628 23.8006 0
      vertex -7.91239 10.3118 0
      vertex -7.91247 10.3117 0
    endloop
  endfacet
  facet normal 0 0 -1
    outer loop
      vertex -18.2628 23.8006 0
      vertex -7.91247 10.3117 0
      vertex -8.56987 9.77221 0
    endloop
  endfacet
  facet normal 0 0 -1
    outer loop
      vertex -19.7804 22.5552 0
      vertex -8.56987 9.77221 0
      vertex -8.56994 9.77215 0
    endloop
  endfacet
  facet normal 0 0 -1
    outer loop
      vertex -19.7804 22.5552 0
      vertex -8.56994 9.77215 0
      vertex -8.57001 9.77208 0
    endloop
  endfacet
  facet normal 0 0 -1
    outer loop
      vertex -19.7804 22.5552 0
      vertex -8.57001 9.77208 0
      vertex -9.19072 9.19072 0
    endloop
  endfacet
  facet normal 0 0 -1
    outer loop
      vertex -4.17796 12.3079 0
      vertex -9.64318 28.4079 0
      vertex -7.76457 28.9778 0
    endloop
  endfacet
  facet normal 0 0 -1
    outer loop
      vertex -21.2132 21.2132 0
      vertex -9.19072 9.19072 0
      vertex -9.77208 8.57001 0
    endloop
  endfacet
  facet normal 0 0 -1
    outer loop
      vertex -22.5552 19.7804 0
      vertex -9.77208 8.57001 0
      vertex -9.77215 8.56994 0
    endloop
  endfacet
  facet normal 0 0 -1
    outer loop
      vertex -22.5552 19.7804 0
      vertex -9.77215 8.56994 0
      vertex -9.77221 8.56987 0
    endloop
  endfacet
  facet normal 0 0 -1
    outer loop
      vertex -22.5552 19.7804 0
      vertex -9.77221 8.56987 0
      vertex -10.3117 7.91247 0
    endloop
  endfacet
  facet normal 0 0 -1
    outer loop
      vertex -23.8006 18.2628 0
      vertex -10.3117 7.91247 0
      vertex -10.3118 7.91239 0
    endloop
  endfacet
  facet normal 0 0 -1
    outer loop
      vertex -23.8006 18.2628 0
      vertex -10.3118 7.91239 0
      vertex -10.8071 7.22111 0
    endloop
  endfacet
  facet normal 0 0 -1
    outer loop
      vertex -24.9441 16.6671 0
      vertex -10.8071 7.22111 0
      vertex -10.8072 7.22102 0
    endloop
  endfacet
  facet normal 0 0 -1
    outer loop
      vertex -24.9441 16.6671 0
      vertex -10.8072 7.22102 0
      vertex -11.2563 6.49882 0
    endloop
  endfacet
  facet normal 0 0 -1
    outer loop
      vertex -4.97389 12.0083 0
      vertex -11.4805 27.7164 0
      vertex -9.64318 28.4079 0
    endloop
  endfacet
  facet normal 0 0 -1
    outer loop
      vertex -25.9808 15 0
      vertex -11.2563 6.49882 0
      vertex -11.6572 5.7488 0
    endloop
  endfacet
  facet normal 0 0 -1
    outer loop
      vertex -26.9062 13.2687 0
      vertex -11.6572 5.7488 0
      vertex -11.6572 5.74871 0
    endloop
  endfacet
  facet normal 0 0 -1
    outer loop
      vertex -26.9062 13.2687 0
      vertex -11.6572 5.74871 0
      vertex -12.0082 4.97407 0
    endloop
  endfacet
  facet normal 0 0 -1
    outer loop
      vertex -27.7164 11.4805 0
      vertex -12.0082 4.97407 0
      vertex -12.0083 4.97398 0
    endloop
  endfacet
  facet normal 0 0 -1
    outer loop
      vertex -27.7164 11.4805 0
      vertex -12.0083 4.97398 0
      vertex -12.0083 4.97389 0
    endloop
  endfacet
  facet normal 0 0 -1
    outer loop
      vertex -27.7164 11.4805 0
      vertex -12.0083 4.97389 0
      vertex -12.3079 4.17796 0
    endloop
  endfacet
  facet normal 0 0 -1
    outer loop
      vertex -28.4079 9.64318 0
      vertex -12.3079 4.17796 0
      vertex -12.5547 3.36413 0
    endloop
  endfacet
  facet normal 0 0 -1
    outer loop
      vertex -28.9778 7.76457 0
      vertex -12.5547 3.36413 0
      vertex -12.5548 3.36404 0
    endloop
  endfacet
  facet normal 0 0 -1
    outer loop
      vertex -28.9778 7.76457 0
      vertex -12.5548 3.36404 0
      vertex -12.7479 2.53581 0
    endloop
  endfacet
  facet normal 0 0 -1
    outer loop
      vertex -29.4236 5.85271 0
      vertex -12.7479 2.53581 0
      vertex -12.7479 2.53571 0
    endloop
  endfacet
  facet normal 0 0 -1
    outer loop
      vertex -29.4236 5.85271 0
      vertex -12.7479 2.53571 0
      vertex -12.7479 2.53562 0
    endloop
  endfacet
  facet normal 0 0 -1
    outer loop
      vertex -29.4236 5.85271 0
      vertex -12.7479 2.53562 0
      vertex -12.8864 1.69653 0
    endloop
  endfacet
  facet normal 0 0 -1
    outer loop
      vertex -29.7433 3.91578 0
      vertex -12.8864 1.69653 0
      vertex -12.9698 0.850182 0
    endloop
  endfacet
  facet normal 0 0 -1
    outer loop
      vertex -29.9358 1.96209 0
      vertex -12.9698 0.850182 0
      vertex -12.9698 0.850086 0
    endloop
  endfacet
  facet normal 0 0 -1
    outer loop
      vertex -5.74871 11.6572 0
      vertex -13.2687 26.9062 0
      vertex -11.4805 27.7164 0
    endloop
  endfacet
  facet normal 0 0 -1
    outer loop
      vertex -29.9358 1.96209 0
      vertex -12.9698 0.850086 0
      vertex -12.9698 0.84999 0
    endloop
  endfacet
  facet normal 0 0 -1
    outer loop
      vertex -29.9358 1.96209 0
      vertex -12.9698 0.84999 0
      vertex -12.9976 0 0
    endloop
  endfacet
  facet normal -0 0 -1
    outer loop
      vertex -12.0083 -4.97389 0
      vertex -27.7164 -11.4805 0
      vertex -12.3079 -4.17796 0
    endloop
  endfacet
  facet normal 0 0 -1
    outer loop
      vertex -28.4079 -9.64318 0
      vertex -12.3079 -4.17796 0
      vertex -27.7164 -11.4805 0
    endloop
  endfacet
  facet normal 0 0 -1
    outer loop
      vertex -6.49882 11.2563 0
      vertex -15 25.9808 0
      vertex -13.2687 26.9062 0
    endloop
  endfacet
  facet normal -0 0 -1
    outer loop
      vertex -12.3079 -4.17796 0
      vertex -28.4079 -9.64318 0
      vertex -12.5547 -3.36413 0
    endloop
  endfacet
  facet normal 0 0 -1
    outer loop
      vertex -7.22102 10.8072 0
      vertex -16.6671 24.9441 0
      vertex -15 25.9808 0
    endloop
  endfacet
  facet normal 0 0 -1
    outer loop
      vertex -28.9778 -7.76457 0
      vertex -12.5547 -3.36413 0
      vertex -28.4079 -9.64318 0
    endloop
  endfacet
  facet normal 0 0 -1
    outer loop
      vertex -7.91239 10.3118 0
      vertex -18.2628 23.8006 0
      vertex -16.6671 24.9441 0
    endloop
  endfacet
  facet normal -0 0 -1
    outer loop
      vertex -12.5547 -3.36413 0
      vertex -28.9778 -7.76457 0
      vertex -12.5548 -3.36404 0
    endloop
  endfacet
  facet normal 0 0 -1
    outer loop
      vertex -8.56987 9.77221 0
      vertex -19.7804 22.5552 0
      vertex -18.2628 23.8006 0
    endloop
  endfacet
  facet normal -0 0 -1
    outer loop
      vertex -12.5548 -3.36404 0
      vertex -28.9778 -7.76457 0
      vertex -12.7479 -2.53581 0
    endloop
  endfacet
  facet normal 0 0 -1
    outer loop
      vertex -9.19072 9.19072 0
      vertex -21.2132 21.2132 0
      vertex -19.7804 22.5552 0
    endloop
  endfacet
  facet normal 0 0 -1
    outer loop
      vertex -29.4236 -5.85271 0
      vertex -12.7479 -2.53581 0
      vertex -28.9778 -7.76457 0
    endloop
  endfacet
  facet normal 0 0 -1
    outer loop
      vertex -9.77208 8.57001 0
      vertex -22.5552 19.7804 0
      vertex -21.2132 21.2132 0
    endloop
  endfacet
  facet normal -0 0 -1
    outer loop
      vertex -12.7479 -2.53581 0
      vertex -29.4236 -5.85271 0
      vertex -12.7479 -2.53571 0
    endloop
  endfacet
  facet normal 0 0 -1
    outer loop
      vertex -10.3117 7.91247 0
      vertex -23.8006 18.2628 0
      vertex -22.5552 19.7804 0
    endloop
  endfacet
  facet normal -0 0 -1
    outer loop
      vertex -12.7479 -2.53571 0
      vertex -29.4236 -5.85271 0
      vertex -12.7479 -2.53562 0
    endloop
  endfacet
  facet normal 0 0 -1
    outer loop
      vertex -10.8071 7.22111 0
      vertex -24.9441 16.6671 0
      vertex -23.8006 18.2628 0
    endloop
  endfacet
  facet normal -0 0 -1
    outer loop
      vertex -12.7479 -2.53562 0
      vertex -29.4236 -5.85271 0
      vertex -12.8864 -1.69653 0
    endloop
  endfacet
  facet normal 0 0 -1
    outer loop
      vertex -11.2563 6.49882 0
      vertex -25.9808 15 0
      vertex -24.9441 16.6671 0
    endloop
  endfacet
  facet normal 0 0 -1
    outer loop
      vertex -29.7433 -3.91578 0
      vertex -12.8864 -1.69653 0
      vertex -29.4236 -5.85271 0
    endloop
  endfacet
  facet normal 0 0 -1
    outer loop
      vertex -11.6572 5.7488 0
      vertex -26.9062 13.2687 0
      vertex -25.9808 15 0
    endloop
  endfacet
  facet normal -0 0 -1
    outer loop
      vertex -12.8864 -1.69653 0
      vertex -29.7433 -3.91578 0
      vertex -12.9698 -0.850182 0
    endloop
  endfacet
  facet normal 0 0 -1
    outer loop
      vertex -12.0082 4.97407 0
      vertex -27.7164 11.4805 0
      vertex -26.9062 13.2687 0
    endloop
  endfacet
  facet normal 0 0 -1
    outer loop
      vertex -29.9358 -1.96209 0
      vertex -12.9698 -0.850182 0
      vertex -29.7433 -3.91578 0
    endloop
  endfacet
  facet normal 0 0 -1
    outer loop
      vertex -12.3079 4.17796 0
      vertex -28.4079 9.64318 0
      vertex -27.7164 11.4805 0
    endloop
  endfacet
  facet normal -0 0 -1
    outer loop
      vertex -12.9698 -0.850182 0
      vertex -29.9358 -1.96209 0
      vertex -12.9698 -0.850086 0
    endloop
  endfacet
  facet normal 0 0 -1
    outer loop
      vertex -12.5547 3.36413 0
      vertex -28.9778 7.76457 0
      vertex -28.4079 9.64318 0
    endloop
  endfacet
  facet normal -0 0 -1
    outer loop
      vertex -12.9698 -0.850086 0
      vertex -29.9358 -1.96209 0
      vertex -12.9698 -0.84999 0
    endloop
  endfacet
  facet normal 0 0 -1
    outer loop
      vertex -12.7479 2.53581 0
      vertex -29.4236 5.85271 0
      vertex -28.9778 7.76457 0
    endloop
  endfacet
  facet normal -0 0 -1
    outer loop
      vertex -12.9698 -0.84999 0
      vertex -29.9358 -1.96209 0
      vertex -12.9976 0 0
    endloop
  endfacet
  facet normal 0 0 -1
    outer loop
      vertex -12.8864 1.69653 0
      vertex -29.7433 3.91578 0
      vertex -29.4236 5.85271 0
    endloop
  endfacet
  facet normal 0 0 -1
    outer loop
      vertex -30 0 0
      vertex -12.9976 0 0
      vertex -29.9358 -1.96209 0
    endloop
  endfacet
  facet normal 0 0 -1
    outer loop
      vertex -12.9698 0.850182 0
      vertex -29.9358 1.96209 0
      vertex -29.7433 3.91578 0
    endloop
  endfacet
  facet normal 0 0 -1
    outer loop
      vertex -12.9976 0 0
      vertex -30 0 0
      vertex -29.9358 1.96209 0
    endloop
  endfacet
  facet normal -0.808817 -0.579591 0.0994505
    outer loop
      vertex -19.9553 -13.3337 60
      vertex -24.9441 -16.6671 0
      vertex -19.0405 -14.6103 60
    endloop
  endfacet
  facet normal -0.952192 -0.288859 0.0994516
    outer loop
      vertex -23.1822 -6.21166 60
      vertex -28.9778 -7.76457 0
      vertex -28.4079 -9.64318 0
    endloop
  endfacet
  facet normal -0.410687 -0.906337 0.0994512
    outer loop
      vertex -10.6149 -21.5249 60
      vertex -11.4805 -27.7164 0
      vertex -9.1844 -22.1731 60
    endloop
  endfacet
  facet normal -0.0325659 -0.994509 0.0994509
    outer loop
      vertex 0 -24 60
      vertex -1.56967 -23.9486 60
      vertex 0 -30 0
    endloop
  endfacet
  facet normal -0.162044 -0.981759 0.09945
    outer loop
      vertex -3.13263 -23.7947 60
      vertex -5.85271 -29.4236 0
      vertex -3.91578 -29.7433 0
    endloop
  endfacet
  facet normal 0.0325659 -0.994509 0.0994509
    outer loop
      vertex 0 -24 60
      vertex 0 -30 0
      vertex 1.56967 -23.9486 60
    endloop
  endfacet
  facet normal 0.579603 -0.808808 0.0994501
    outer loop
      vertex 18.2628 -23.8006 0
      vertex 14.6103 -19.0405 60
      vertex 16.6671 -24.9441 0
    endloop
  endfacet
  facet normal 0.931269 -0.350497 0.0994513
    outer loop
      vertex 22.7263 -7.71455 60
      vertex 22.1731 -9.1844 60
      vertex 28.4079 -9.64318 0
    endloop
  endfacet
  facet normal 0.969053 -0.225934 0.0994524
    outer loop
      vertex 23.5388 -4.68217 60
      vertex 23.1822 -6.21166 60
      vertex 29.4236 -5.85271 0
    endloop
  endfacet
  facet normal 0.410687 -0.906337 0.0994512
    outer loop
      vertex 10.6149 -21.5249 60
      vertex 9.1844 -22.1731 60
      vertex 11.4805 -27.7164 0
    endloop
  endfacet
  facet normal 0.162131 -0.981745 0.0994525
    outer loop
      vertex 4.68217 -23.5388 60
      vertex 3.13263 -23.7947 60
      vertex 5.85271 -29.4236 0
    endloop
  endfacet
  facet normal 0.288859 -0.952192 0.0994516
    outer loop
      vertex 9.64318 -28.4079 0
      vertex 6.21166 -23.1822 60
      vertex 7.76457 -28.9778 0
    endloop
  endfacet
  facet normal 0.931269 0.350497 0.0994513
    outer loop
      vertex 28.4079 9.64318 0
      vertex 22.1731 9.1844 60
      vertex 22.7263 7.71455 60
    endloop
  endfacet
  facet normal 0.931269 0.350496 0.0994513
    outer loop
      vertex 27.7164 11.4805 0
      vertex 22.1731 9.1844 60
      vertex 28.4079 9.64318 0
    endloop
  endfacet
  facet normal 0.990247 0.0975705 0.0994516
    outer loop
      vertex 29.7433 3.91578 0
      vertex 23.9486 1.56967 60
      vertex 29.9358 1.96209 0
    endloop
  endfacet
  facet normal -0.877563 0.469034 0.0994516
    outer loop
      vertex -20.7846 12 60
      vertex -25.9808 15 0
      vertex -21.5249 10.6149 60
    endloop
  endfacet
  facet normal -0.952192 0.288859 0.0994516
    outer loop
      vertex -28.4079 9.64318 0
      vertex -28.9778 7.76457 0
      vertex -23.1822 6.21166 60
    endloop
  endfacet
  facet normal -0.994509 -0.0325659 0.0994509
    outer loop
      vertex -24 0 60
      vertex -30 0 0
      vertex -23.9486 -1.56967 60
    endloop
  endfacet
  facet normal -0.225959 0.969047 0.0994517
    outer loop
      vertex -5.85271 29.4236 0
      vertex -7.76457 28.9778 0
      vertex -6.21166 23.1822 60
    endloop
  endfacet
  facet normal -0.350496 0.931269 0.0994513
    outer loop
      vertex -9.64318 28.4079 0
      vertex -11.4805 27.7164 0
      vertex -9.1844 22.1731 60
    endloop
  endfacet
  facet normal -0.0325406 0.99451 0.0994517
    outer loop
      vertex 0 30 0
      vertex -1.96209 29.9358 0
      vertex -1.56967 23.9486 60
    endloop
  endfacet
  facet normal 0.769194 0.631229 0.0994507
    outer loop
      vertex 22.5552 19.7804 0
      vertex 18.0442 15.8243 60
      vertex 23.8006 18.2628 0
    endloop
  endfacet
  facet normal 0.808808 0.579603 0.0994501
    outer loop
      vertex 23.8006 18.2628 0
      vertex 19.0405 14.6103 60
      vertex 24.9441 16.6671 0
    endloop
  endfacet
  facet normal 0.726254 0.680194 0.09945
    outer loop
      vertex 21.2132 21.2132 0
      vertex 16.9706 16.9706 60
      vertex 18.0442 15.8243 60
    endloop
  endfacet
  facet normal 0.680194 0.726254 0.09945
    outer loop
      vertex 21.2132 21.2132 0
      vertex 15.8243 18.0442 60
      vertex 16.9706 16.9706 60
    endloop
  endfacet
  facet normal 0.579603 0.808808 0.0994501
    outer loop
      vertex 16.6671 24.9441 0
      vertex 14.6103 19.0405 60
      vertex 18.2628 23.8006 0
    endloop
  endfacet
  facet normal 0.0325406 0.99451 0.0994517
    outer loop
      vertex 1.96209 29.9358 0
      vertex 0 30 0
      vertex 1.56967 23.9486 60
    endloop
  endfacet
  facet normal 0.162131 0.981745 0.0994525
    outer loop
      vertex 5.85271 29.4236 0
      vertex 3.13263 23.7947 60
      vertex 4.68217 23.5388 60
    endloop
  endfacet
  facet normal -0.990247 -0.0975705 0.0994516
    outer loop
      vertex -23.9486 -1.56967 60
      vertex -29.9358 -1.96209 0
      vertex -29.7433 -3.91578 0
    endloop
  endfacet
  facet normal -0.844985 -0.525461 0.0994516
    outer loop
      vertex -20.7846 -12 60
      vertex -25.9808 -15 0
      vertex -24.9441 -16.6671 0
    endloop
  endfacet
  facet normal -0.845006 -0.525428 0.0994505
    outer loop
      vertex -20.7846 -12 60
      vertex -24.9441 -16.6671 0
      vertex -19.9553 -13.3337 60
    endloop
  endfacet
  facet normal -0.726237 -0.680213 0.0994507
    outer loop
      vertex -18.0442 -15.8243 60
      vertex -22.5552 -19.7804 0
      vertex -21.2132 -21.2132 0
    endloop
  endfacet
  facet normal -0.808808 -0.579603 0.0994501
    outer loop
      vertex -19.0405 -14.6103 60
      vertex -24.9441 -16.6671 0
      vertex -23.8006 -18.2628 0
    endloop
  endfacet
  facet normal -0.726254 -0.680194 0.09945
    outer loop
      vertex -18.0442 -15.8243 60
      vertex -21.2132 -21.2132 0
      vertex -16.9706 -16.9706 60
    endloop
  endfacet
  facet normal -0.680194 -0.726254 0.09945
    outer loop
      vertex -16.9706 -16.9706 60
      vertex -21.2132 -21.2132 0
      vertex -15.8243 -18.0442 60
    endloop
  endfacet
  facet normal -0.981745 -0.162131 0.0994525
    outer loop
      vertex -23.7947 -3.13263 60
      vertex -29.4236 -5.85271 0
      vertex -23.5388 -4.68217 60
    endloop
  endfacet
  facet normal -0.952196 -0.288847 0.0994512
    outer loop
      vertex -23.1822 -6.21166 60
      vertex -28.4079 -9.64318 0
      vertex -22.7263 -7.71455 60
    endloop
  endfacet
  facet normal -0.579603 -0.808808 0.0994501
    outer loop
      vertex -14.6103 -19.0405 60
      vertex -18.2628 -23.8006 0
      vertex -16.6671 -24.9441 0
    endloop
  endfacet
  facet normal 0.631229 -0.769194 0.0994507
    outer loop
      vertex 19.7804 -22.5552 0
      vertex 15.8243 -18.0442 60
      vertex 18.2628 -23.8006 0
    endloop
  endfacet
  facet normal 0.726237 -0.680213 0.0994507
    outer loop
      vertex 22.5552 -19.7804 0
      vertex 18.0442 -15.8243 60
      vertex 21.2132 -21.2132 0
    endloop
  endfacet
  facet normal 0.845006 -0.525428 0.0994505
    outer loop
      vertex 20.7846 -12 60
      vertex 19.9553 -13.3337 60
      vertex 24.9441 -16.6671 0
    endloop
  endfacet
  facet normal 0.906337 -0.410687 0.0994512
    outer loop
      vertex 22.1731 -9.1844 60
      vertex 21.5249 -10.6149 60
      vertex 27.7164 -11.4805 0
    endloop
  endfacet
  facet normal 0.844985 -0.525461 0.0994516
    outer loop
      vertex 25.9808 -15 0
      vertex 20.7846 -12 60
      vertex 24.9441 -16.6671 0
    endloop
  endfacet
  facet normal 0.931269 -0.350496 0.0994513
    outer loop
      vertex 28.4079 -9.64318 0
      vertex 22.1731 -9.1844 60
      vertex 27.7164 -11.4805 0
    endloop
  endfacet
  facet normal 0.952196 -0.288847 0.0994512
    outer loop
      vertex 23.1822 -6.21166 60
      vertex 22.7263 -7.71455 60
      vertex 28.4079 -9.64318 0
    endloop
  endfacet
  facet normal 0.994509 -0.0325659 0.0994509
    outer loop
      vertex 24 0 60
      vertex 23.9486 -1.56967 60
      vertex 30 0 0
    endloop
  endfacet
  facet normal 0.990254 -0.0975073 0.0994498
    outer loop
      vertex 23.9486 -1.56967 60
      vertex 23.7947 -3.13263 60
      vertex 29.7433 -3.91578 0
    endloop
  endfacet
  facet normal 0.952192 -0.288859 0.0994516
    outer loop
      vertex 28.9778 -7.76457 0
      vertex 23.1822 -6.21166 60
      vertex 28.4079 -9.64318 0
    endloop
  endfacet
  facet normal 0.969047 -0.225959 0.0994517
    outer loop
      vertex 29.4236 -5.85271 0
      vertex 23.1822 -6.21166 60
      vertex 28.9778 -7.76457 0
    endloop
  endfacet
  facet normal 0.631247 -0.76918 0.09945
    outer loop
      vertex 15.8243 -18.0442 60
      vertex 14.6103 -19.0405 60
      vertex 18.2628 -23.8006 0
    endloop
  endfacet
  facet normal 0.350497 -0.931269 0.0994513
    outer loop
      vertex 9.1844 -22.1731 60
      vertex 7.71455 -22.7263 60
      vertex 9.64318 -28.4079 0
    endloop
  endfacet
  facet normal 0.0325406 -0.99451 0.0994517
    outer loop
      vertex 1.56967 -23.9486 60
      vertex 0 -30 0
      vertex 1.96209 -29.9358 0
    endloop
  endfacet
  facet normal 0.288847 -0.952196 0.0994512
    outer loop
      vertex 7.71455 -22.7263 60
      vertex 6.21166 -23.1822 60
      vertex 9.64318 -28.4079 0
    endloop
  endfacet
  facet normal 0.225934 -0.969053 0.0994524
    outer loop
      vertex 6.21166 -23.1822 60
      vertex 4.68217 -23.5388 60
      vertex 5.85271 -29.4236 0
    endloop
  endfacet
  facet normal 0.844985 0.525461 0.0994516
    outer loop
      vertex 24.9441 16.6671 0
      vertex 20.7846 12 60
      vertex 25.9808 15 0
    endloop
  endfacet
  facet normal 0.845006 0.525428 0.0994505
    outer loop
      vertex 24.9441 16.6671 0
      vertex 19.9553 13.3337 60
      vertex 20.7846 12 60
    endloop
  endfacet
  facet normal 0.969053 0.225934 0.0994524
    outer loop
      vertex 29.4236 5.85271 0
      vertex 23.1822 6.21166 60
      vertex 23.5388 4.68217 60
    endloop
  endfacet
  facet normal 0.969047 0.225959 0.0994517
    outer loop
      vertex 28.9778 7.76457 0
      vertex 23.1822 6.21166 60
      vertex 29.4236 5.85271 0
    endloop
  endfacet
  facet normal -0.906337 0.410687 0.0994512
    outer loop
      vertex -21.5249 10.6149 60
      vertex -27.7164 11.4805 0
      vertex -22.1731 9.1844 60
    endloop
  endfacet
  facet normal -0.76918 0.631247 0.09945
    outer loop
      vertex -18.0442 15.8243 60
      vertex -23.8006 18.2628 0
      vertex -19.0405 14.6103 60
    endloop
  endfacet
  facet normal -0.969047 0.225959 0.0994517
    outer loop
      vertex -28.9778 7.76457 0
      vertex -29.4236 5.85271 0
      vertex -23.1822 6.21166 60
    endloop
  endfacet
  facet normal -0.99451 0.0325406 0.0994517
    outer loop
      vertex -29.9358 1.96209 0
      vertex -30 0 0
      vertex -23.9486 1.56967 60
    endloop
  endfacet
  facet normal -0.990254 0.0975073 0.0994498
    outer loop
      vertex -23.7947 3.13263 60
      vertex -29.7433 3.91578 0
      vertex -23.9486 1.56967 60
    endloop
  endfacet
  facet normal 0 0 1
    outer loop
      vertex 6.25 0 60
      vertex 24 0 60
      vertex 23.9486 1.56967 60
    endloop
  endfacet
  facet normal 0 0 1
    outer loop
      vertex 6.23662 0.408769 60
      vertex 23.9486 1.56967 60
      vertex 23.7947 3.13263 60
    endloop
  endfacet
  facet normal 0 0 1
    outer loop
      vertex 24 0 60
      vertex 6.25 0 60
      vertex 23.9486 -1.56967 60
    endloop
  endfacet
  facet normal 0 0 1
    outer loop
      vertex 6.19653 0.815788 60
      vertex 23.7947 3.13263 60
      vertex 23.5388 4.68217 60
    endloop
  endfacet
  facet normal -0 0 1
    outer loop
      vertex 6.23662 -0.408769 60
      vertex 23.9486 -1.56967 60
      vertex 6.25 0 60
    endloop
  endfacet
  facet normal 0 0 1
    outer loop
      vertex 6.12991 1.21931 60
      vertex 23.5388 4.68217 60
      vertex 23.1822 6.21166 60
    endloop
  endfacet
  facet normal 0 0 1
    outer loop
      vertex 23.9486 -1.56967 60
      vertex 6.23662 -0.408769 60
      vertex 23.7947 -3.13263 60
    endloop
  endfacet
  facet normal 0 0 1
    outer loop
      vertex 6.03704 1.61762 60
      vertex 23.1822 6.21166 60
      vertex 22.7263 7.71455 60
    endloop
  endfacet
  facet normal -0 0 1
    outer loop
      vertex 6.19653 -0.815788 60
      vertex 23.7947 -3.13263 60
      vertex 6.23662 -0.408769 60
    endloop
  endfacet
  facet normal 0 0 1
    outer loop
      vertex 5.91831 2.009 60
      vertex 22.7263 7.71455 60
      vertex 22.1731 9.1844 60
    endloop
  endfacet
  facet normal 0 0 1
    outer loop
      vertex 23.7947 -3.13263 60
      vertex 6.19653 -0.815788 60
      vertex 23.5388 -4.68217 60
    endloop
  endfacet
  facet normal 0 0 1
    outer loop
      vertex 5.77425 2.39177 60
      vertex 22.1731 9.1844 60
      vertex 21.5249 10.6149 60
    endloop
  endfacet
  facet normal -0 0 1
    outer loop
      vertex 6.12991 -1.21931 60
      vertex 23.5388 -4.68217 60
      vertex 6.19653 -0.815788 60
    endloop
  endfacet
  facet normal 0 0 1
    outer loop
      vertex 5.60545 2.7643 60
      vertex 21.5249 10.6149 60
      vertex 20.7846 12 60
    endloop
  endfacet
  facet normal 0 0 1
    outer loop
      vertex 23.5388 -4.68217 60
      vertex 6.12991 -1.21931 60
      vertex 23.1822 -6.21166 60
    endloop
  endfacet
  facet normal 0 0 1
    outer loop
      vertex 5.41266 3.125 60
      vertex 20.7846 12 60
      vertex 19.9553 13.3337 60
    endloop
  endfacet
  facet normal -0 0 1
    outer loop
      vertex 6.03704 -1.61762 60
      vertex 23.1822 -6.21166 60
      vertex 6.12991 -1.21931 60
    endloop
  endfacet
  facet normal 0 0 1
    outer loop
      vertex 5.19668 3.47231 60
      vertex 19.9553 13.3337 60
      vertex 19.0405 14.6103 60
    endloop
  endfacet
  facet normal 0 0 1
    outer loop
      vertex 23.1822 -6.21166 60
      vertex 6.03704 -1.61762 60
      vertex 22.7263 -7.71455 60
    endloop
  endfacet
  facet normal 0 0 1
    outer loop
      vertex 4.95846 3.80476 60
      vertex 19.0405 14.6103 60
      vertex 18.0442 15.8243 60
    endloop
  endfacet
  facet normal -0 0 1
    outer loop
      vertex 5.91831 -2.009 60
      vertex 22.7263 -7.71455 60
      vertex 6.03704 -1.61762 60
    endloop
  endfacet
  facet normal 0 0 1
    outer loop
      vertex 4.699 4.12091 60
      vertex 18.0442 15.8243 60
      vertex 16.9706 16.9706 60
    endloop
  endfacet
  facet normal 0 0 1
    outer loop
      vertex 22.7263 -7.71455 60
      vertex 5.91831 -2.009 60
      vertex 22.1731 -9.1844 60
    endloop
  endfacet
  facet normal 0 0 1
    outer loop
      vertex 4.41942 4.41942 60
      vertex 16.9706 16.9706 60
      vertex 15.8243 18.0442 60
    endloop
  endfacet
  facet normal -0 0 1
    outer loop
      vertex 5.77425 -2.39177 60
      vertex 22.1731 -9.1844 60
      vertex 5.91831 -2.009 60
    endloop
  endfacet
  facet normal 0 0 1
    outer loop
      vertex 4.12091 4.699 60
      vertex 15.8243 18.0442 60
      vertex 14.6103 19.0405 60
    endloop
  endfacet
  facet normal 0 0 1
    outer loop
      vertex 22.1731 -9.1844 60
      vertex 5.77425 -2.39177 60
      vertex 21.5249 -10.6149 60
    endloop
  endfacet
  facet normal 0 0 1
    outer loop
      vertex 3.80476 4.95846 60
      vertex 14.6103 19.0405 60
      vertex 13.3337 19.9553 60
    endloop
  endfacet
  facet normal -0 0 1
    outer loop
      vertex 5.60545 -2.7643 60
      vertex 21.5249 -10.6149 60
      vertex 5.77425 -2.39177 60
    endloop
  endfacet
  facet normal 0 0 1
    outer loop
      vertex 3.47231 5.19668 60
      vertex 13.3337 19.9553 60
      vertex 12 20.7846 60
    endloop
  endfacet
  facet normal 0 0 1
    outer loop
      vertex 21.5249 -10.6149 60
      vertex 5.60545 -2.7643 60
      vertex 20.7846 -12 60
    endloop
  endfacet
  facet normal 0 0 1
    outer loop
      vertex 3.125 5.41266 60
      vertex 12 20.7846 60
      vertex 10.6149 21.5249 60
    endloop
  endfacet
  facet normal -0 0 1
    outer loop
      vertex 5.41266 -3.125 60
      vertex 20.7846 -12 60
      vertex 5.60545 -2.7643 60
    endloop
  endfacet
  facet normal 0 0 1
    outer loop
      vertex 2.7643 5.60545 60
      vertex 10.6149 21.5249 60
      vertex 9.1844 22.1731 60
    endloop
  endfacet
  facet normal 0 0 1
    outer loop
      vertex 20.7846 -12 60
      vertex 5.41266 -3.125 60
      vertex 19.9553 -13.3337 60
    endloop
  endfacet
  facet normal 0 0 1
    outer loop
      vertex 2.39177 5.77425 60
      vertex 9.1844 22.1731 60
      vertex 7.71455 22.7263 60
    endloop
  endfacet
  facet normal -0 0 1
    outer loop
      vertex 5.19668 -3.47231 60
      vertex 19.9553 -13.3337 60
      vertex 5.41266 -3.125 60
    endloop
  endfacet
  facet normal 0 0 1
    outer loop
      vertex 19.9553 -13.3337 60
      vertex 5.19668 -3.47231 60
      vertex 19.0405 -14.6103 60
    endloop
  endfacet
  facet normal 0 0 1
    outer loop
      vertex 23.9486 1.56967 60
      vertex 6.23662 0.408769 60
      vertex 6.25 0 60
    endloop
  endfacet
  facet normal 0 0 1
    outer loop
      vertex 2.009 5.91831 60
      vertex 7.71455 22.7263 60
      vertex 6.21166 23.1822 60
    endloop
  endfacet
  facet normal 0 0 1
    outer loop
      vertex 23.7947 3.13263 60
      vertex 6.19653 0.815788 60
      vertex 6.23662 0.408769 60
    endloop
  endfacet
  facet normal 0 0 1
    outer loop
      vertex 23.5388 4.68217 60
      vertex 6.12991 1.21931 60
      vertex 6.19653 0.815788 60
    endloop
  endfacet
  facet normal 0 0 1
    outer loop
      vertex 23.1822 6.21166 60
      vertex 6.03704 1.61762 60
      vertex 6.12991 1.21931 60
    endloop
  endfacet
  facet normal 0 0 1
    outer loop
      vertex 22.7263 7.71455 60
      vertex 5.91831 2.009 60
      vertex 6.03704 1.61762 60
    endloop
  endfacet
  facet normal 0 0 1
    outer loop
      vertex 22.1731 9.1844 60
      vertex 5.77425 2.39177 60
      vertex 5.91831 2.009 60
    endloop
  endfacet
  facet normal 0 0 1
    outer loop
      vertex 21.5249 10.6149 60
      vertex 5.60545 2.7643 60
      vertex 5.77425 2.39177 60
    endloop
  endfacet
  facet normal 0 0 1
    outer loop
      vertex 20.7846 12 60
      vertex 5.41266 3.125 60
      vertex 5.60545 2.7643 60
    endloop
  endfacet
  facet normal 0 0 1
    outer loop
      vertex 19.9553 13.3337 60
      vertex 5.19668 3.47231 60
      vertex 5.41266 3.125 60
    endloop
  endfacet
  facet normal 0 0 1
    outer loop
      vertex 19.0405 14.6103 60
      vertex 4.95846 3.80476 60
      vertex 5.19668 3.47231 60
    endloop
  endfacet
  facet normal 0 0 1
    outer loop
      vertex 18.0442 15.8243 60
      vertex 4.699 4.12091 60
      vertex 4.95846 3.80476 60
    endloop
  endfacet
  facet normal 0 0 1
    outer loop
      vertex 1.61762 6.03704 60
      vertex 6.21166 23.1822 60
      vertex 4.68217 23.5388 60
    endloop
  endfacet
  facet normal 0 0 1
    outer loop
      vertex 16.9706 16.9706 60
      vertex 4.41942 4.41942 60
      vertex 4.699 4.12091 60
    endloop
  endfacet
  facet normal 0 0 1
    outer loop
      vertex 15.8243 18.0442 60
      vertex 4.12091 4.699 60
      vertex 4.41942 4.41942 60
    endloop
  endfacet
  facet normal 0 0 1
    outer loop
      vertex 14.6103 19.0405 60
      vertex 3.80476 4.95846 60
      vertex 4.12091 4.699 60
    endloop
  endfacet
  facet normal 0 0 1
    outer loop
      vertex 13.3337 19.9553 60
      vertex 3.47231 5.19668 60
      vertex 3.80476 4.95846 60
    endloop
  endfacet
  facet normal 0 0 1
    outer loop
      vertex 1.21931 6.12991 60
      vertex 4.68217 23.5388 60
      vertex 3.13263 23.7947 60
    endloop
  endfacet
  facet normal 0 0 1
    outer loop
      vertex 12 20.7846 60
      vertex 3.125 5.41266 60
      vertex 3.47231 5.19668 60
    endloop
  endfacet
  facet normal 0 0 1
    outer loop
      vertex 10.6149 21.5249 60
      vertex 2.7643 5.60545 60
      vertex 3.125 5.41266 60
    endloop
  endfacet
  facet normal 0 0 1
    outer loop
      vertex 9.1844 22.1731 60
      vertex 2.39177 5.77425 60
      vertex 2.7643 5.60545 60
    endloop
  endfacet
  facet normal 0 0 1
    outer loop
      vertex 7.71455 22.7263 60
      vertex 2.009 5.91831 60
      vertex 2.39177 5.77425 60
    endloop
  endfacet
  facet normal 0 0 1
    outer loop
      vertex 6.21166 23.1822 60
      vertex 1.61762 6.03704 60
      vertex 2.009 5.91831 60
    endloop
  endfacet
  facet normal 0 0 1
    outer loop
      vertex 0.815788 6.19653 60
      vertex 3.13263 23.7947 60
      vertex 1.56967 23.9486 60
    endloop
  endfacet
  facet normal 0 0 1
    outer loop
      vertex 4.68217 23.5388 60
      vertex 1.21931 6.12991 60
      vertex 1.61762 6.03704 60
    endloop
  endfacet
  facet normal 0 0 1
    outer loop
      vertex 3.13263 23.7947 60
      vertex 0.815788 6.19653 60
      vertex 1.21931 6.12991 60
    endloop
  endfacet
  facet normal 0 0 1
    outer loop
      vertex 1.56967 23.9486 60
      vertex 0.408769 6.23662 60
      vertex 0.815788 6.19653 60
    endloop
  endfacet
  facet normal 0 0 1
    outer loop
      vertex 0 24 60
      vertex 0.408769 6.23662 60
      vertex 1.56967 23.9486 60
    endloop
  endfacet
  facet normal 0 0 1
    outer loop
      vertex 0 24 60
      vertex 0 6.25 60
      vertex 0.408769 6.23662 60
    endloop
  endfacet
  facet normal 0 0 1
    outer loop
      vertex 0 24 60
      vertex -0.408769 6.23662 60
      vertex 0 6.25 60
    endloop
  endfacet
  facet normal -0 0 1
    outer loop
      vertex -1.56967 23.9486 60
      vertex -0.408769 6.23662 60
      vertex 0 24 60
    endloop
  endfacet
  facet normal 0 0 1
    outer loop
      vertex -0.408769 6.23662 60
      vertex -1.56967 23.9486 60
      vertex -0.815788 6.19653 60
    endloop
  endfacet
  facet normal -0 0 1
    outer loop
      vertex -3.13263 23.7947 60
      vertex -0.815788 6.19653 60
      vertex -1.56967 23.9486 60
    endloop
  endfacet
  facet normal 0 0 1
    outer loop
      vertex -0.815788 6.19653 60
      vertex -3.13263 23.7947 60
      vertex -1.21931 6.12991 60
    endloop
  endfacet
  facet normal -0 0 1
    outer loop
      vertex -4.68217 23.5388 60
      vertex -1.21931 6.12991 60
      vertex -3.13263 23.7947 60
    endloop
  endfacet
  facet normal 0 0 1
    outer loop
      vertex -1.21931 6.12991 60
      vertex -4.68217 23.5388 60
      vertex -1.61762 6.03704 60
    endloop
  endfacet
  facet normal -0 0 1
    outer loop
      vertex -6.21166 23.1822 60
      vertex -1.61762 6.03704 60
      vertex -4.68217 23.5388 60
    endloop
  endfacet
  facet normal 0 0 1
    outer loop
      vertex -1.61762 6.03704 60
      vertex -6.21166 23.1822 60
      vertex -2.009 5.91831 60
    endloop
  endfacet
  facet normal -0 0 1
    outer loop
      vertex -7.71455 22.7263 60
      vertex -2.009 5.91831 60
      vertex -6.21166 23.1822 60
    endloop
  endfacet
  facet normal 0 0 1
    outer loop
      vertex -2.009 5.91831 60
      vertex -7.71455 22.7263 60
      vertex -2.39177 5.77425 60
    endloop
  endfacet
  facet normal -0 0 1
    outer loop
      vertex -9.1844 22.1731 60
      vertex -2.39177 5.77425 60
      vertex -7.71455 22.7263 60
    endloop
  endfacet
  facet normal 0 0 1
    outer loop
      vertex -2.39177 5.77425 60
      vertex -9.1844 22.1731 60
      vertex -2.7643 5.60545 60
    endloop
  endfacet
  facet normal -0 0 1
    outer loop
      vertex -10.6149 21.5249 60
      vertex -2.7643 5.60545 60
      vertex -9.1844 22.1731 60
    endloop
  endfacet
  facet normal 0 0 1
    outer loop
      vertex -2.7643 5.60545 60
      vertex -10.6149 21.5249 60
      vertex -3.125 5.41266 60
    endloop
  endfacet
  facet normal -0 0 1
    outer loop
      vertex -12 20.7846 60
      vertex -3.125 5.41266 60
      vertex -10.6149 21.5249 60
    endloop
  endfacet
  facet normal 0 0 1
    outer loop
      vertex -3.125 5.41266 60
      vertex -12 20.7846 60
      vertex -3.47231 5.19668 60
    endloop
  endfacet
  facet normal -0 0 1
    outer loop
      vertex -13.3337 19.9553 60
      vertex -3.47231 5.19668 60
      vertex -12 20.7846 60
    endloop
  endfacet
  facet normal 0 0 1
    outer loop
      vertex -3.47231 5.19668 60
      vertex -13.3337 19.9553 60
      vertex -3.80476 4.95846 60
    endloop
  endfacet
  facet normal -0 0 1
    outer loop
      vertex -14.6103 19.0405 60
      vertex -3.80476 4.95846 60
      vertex -13.3337 19.9553 60
    endloop
  endfacet
  facet normal 0 0 1
    outer loop
      vertex -3.80476 4.95846 60
      vertex -14.6103 19.0405 60
      vertex -4.12091 4.699 60
    endloop
  endfacet
  facet normal -0 0 1
    outer loop
      vertex -15.8243 18.0442 60
      vertex -4.12091 4.699 60
      vertex -14.6103 19.0405 60
    endloop
  endfacet
  facet normal 0 0 1
    outer loop
      vertex -4.12091 4.699 60
      vertex -15.8243 18.0442 60
      vertex -4.41942 4.41942 60
    endloop
  endfacet
  facet normal -0 0 1
    outer loop
      vertex -16.9706 16.9706 60
      vertex -4.41942 4.41942 60
      vertex -15.8243 18.0442 60
    endloop
  endfacet
  facet normal 0 0 1
    outer loop
      vertex -4.41942 4.41942 60
      vertex -16.9706 16.9706 60
      vertex -4.699 4.12091 60
    endloop
  endfacet
  facet normal -0 0 1
    outer loop
      vertex -18.0442 15.8243 60
      vertex -4.699 4.12091 60
      vertex -16.9706 16.9706 60
    endloop
  endfacet
  facet normal 0 0 1
    outer loop
      vertex -4.699 4.12091 60
      vertex -18.0442 15.8243 60
      vertex -4.95846 3.80476 60
    endloop
  endfacet
  facet normal -0 0 1
    outer loop
      vertex -19.0405 14.6103 60
      vertex -4.95846 3.80476 60
      vertex -18.0442 15.8243 60
    endloop
  endfacet
  facet normal 0 0 1
    outer loop
      vertex -4.95846 3.80476 60
      vertex -19.0405 14.6103 60
      vertex -5.19668 3.47231 60
    endloop
  endfacet
  facet normal -0 0 1
    outer loop
      vertex 4.95846 -3.80476 60
      vertex 19.0405 -14.6103 60
      vertex 5.19668 -3.47231 60
    endloop
  endfacet
  facet normal 0 0 1
    outer loop
      vertex 19.0405 -14.6103 60
      vertex 4.95846 -3.80476 60
      vertex 18.0442 -15.8243 60
    endloop
  endfacet
  facet normal -0 0 1
    outer loop
      vertex 4.699 -4.12091 60
      vertex 18.0442 -15.8243 60
      vertex 4.95846 -3.80476 60
    endloop
  endfacet
  facet normal 0 0 1
    outer loop
      vertex 18.0442 -15.8243 60
      vertex 4.699 -4.12091 60
      vertex 16.9706 -16.9706 60
    endloop
  endfacet
  facet normal -0 0 1
    outer loop
      vertex 4.41942 -4.41942 60
      vertex 16.9706 -16.9706 60
      vertex 4.699 -4.12091 60
    endloop
  endfacet
  facet normal 0 0 1
    outer loop
      vertex 16.9706 -16.9706 60
      vertex 4.41942 -4.41942 60
      vertex 15.8243 -18.0442 60
    endloop
  endfacet
  facet normal -0 0 1
    outer loop
      vertex 4.12091 -4.699 60
      vertex 15.8243 -18.0442 60
      vertex 4.41942 -4.41942 60
    endloop
  endfacet
  facet normal 0 0 1
    outer loop
      vertex 15.8243 -18.0442 60
      vertex 4.12091 -4.699 60
      vertex 14.6103 -19.0405 60
    endloop
  endfacet
  facet normal -0 0 1
    outer loop
      vertex 3.80476 -4.95846 60
      vertex 14.6103 -19.0405 60
      vertex 4.12091 -4.699 60
    endloop
  endfacet
  facet normal 0 0 1
    outer loop
      vertex 14.6103 -19.0405 60
      vertex 3.80476 -4.95846 60
      vertex 13.3337 -19.9553 60
    endloop
  endfacet
  facet normal -0 0 1
    outer loop
      vertex 3.47231 -5.19668 60
      vertex 13.3337 -19.9553 60
      vertex 3.80476 -4.95846 60
    endloop
  endfacet
  facet normal 0 0 1
    outer loop
      vertex 13.3337 -19.9553 60
      vertex 3.47231 -5.19668 60
      vertex 12 -20.7846 60
    endloop
  endfacet
  facet normal -0 0 1
    outer loop
      vertex 3.125 -5.41266 60
      vertex 12 -20.7846 60
      vertex 3.47231 -5.19668 60
    endloop
  endfacet
  facet normal 0 0 1
    outer loop
      vertex 12 -20.7846 60
      vertex 3.125 -5.41266 60
      vertex 10.6149 -21.5249 60
    endloop
  endfacet
  facet normal -0 0 1
    outer loop
      vertex 2.7643 -5.60545 60
      vertex 10.6149 -21.5249 60
      vertex 3.125 -5.41266 60
    endloop
  endfacet
  facet normal 0 0 1
    outer loop
      vertex 10.6149 -21.5249 60
      vertex 2.7643 -5.60545 60
      vertex 9.1844 -22.1731 60
    endloop
  endfacet
  facet normal -0 0 1
    outer loop
      vertex 2.39177 -5.77425 60
      vertex 9.1844 -22.1731 60
      vertex 2.7643 -5.60545 60
    endloop
  endfacet
  facet normal 0 0 1
    outer loop
      vertex 9.1844 -22.1731 60
      vertex 2.39177 -5.77425 60
      vertex 7.71455 -22.7263 60
    endloop
  endfacet
  facet normal -0 0 1
    outer loop
      vertex 2.009 -5.91831 60
      vertex 7.71455 -22.7263 60
      vertex 2.39177 -5.77425 60
    endloop
  endfacet
  facet normal 0 0 1
    outer loop
      vertex 7.71455 -22.7263 60
      vertex 2.009 -5.91831 60
      vertex 6.21166 -23.1822 60
    endloop
  endfacet
  facet normal -0 0 1
    outer loop
      vertex 1.61762 -6.03704 60
      vertex 6.21166 -23.1822 60
      vertex 2.009 -5.91831 60
    endloop
  endfacet
  facet normal 0 0 1
    outer loop
      vertex 6.21166 -23.1822 60
      vertex 1.61762 -6.03704 60
      vertex 4.68217 -23.5388 60
    endloop
  endfacet
  facet normal -0 0 1
    outer loop
      vertex 1.21931 -6.12991 60
      vertex 4.68217 -23.5388 60
      vertex 1.61762 -6.03704 60
    endloop
  endfacet
  facet normal 0 0 1
    outer loop
      vertex 4.68217 -23.5388 60
      vertex 1.21931 -6.12991 60
      vertex 3.13263 -23.7947 60
    endloop
  endfacet
  facet normal -0 0 1
    outer loop
      vertex 0.815788 -6.19653 60
      vertex 3.13263 -23.7947 60
      vertex 1.21931 -6.12991 60
    endloop
  endfacet
  facet normal 0 0 1
    outer loop
      vertex 3.13263 -23.7947 60
      vertex 0.815788 -6.19653 60
      vertex 1.56967 -23.9486 60
    endloop
  endfacet
  facet normal -0 0 1
    outer loop
      vertex 0.408769 -6.23662 60
      vertex 1.56967 -23.9486 60
      vertex 0.815788 -6.19653 60
    endloop
  endfacet
  facet normal -0 0 1
    outer loop
      vertex 0 -6.25 60
      vertex 1.56967 -23.9486 60
      vertex 0.408769 -6.23662 60
    endloop
  endfacet
  facet normal 0 0 1
    outer loop
      vertex 0 -6.25 60
      vertex 0 -24 60
      vertex 1.56967 -23.9486 60
    endloop
  endfacet
  facet normal 0 0 1
    outer loop
      vertex -0.408769 -6.23662 60
      vertex 0 -24 60
      vertex 0 -6.25 60
    endloop
  endfacet
  facet normal 0 0 1
    outer loop
      vertex -1.56967 -23.9486 60
      vertex -0.408769 -6.23662 60
      vertex -0.815788 -6.19653 60
    endloop
  endfacet
  facet normal 0 0 1
    outer loop
      vertex -3.13263 -23.7947 60
      vertex -0.815788 -6.19653 60
      vertex -1.21931 -6.12991 60
    endloop
  endfacet
  facet normal 0 0 1
    outer loop
      vertex -0.408769 -6.23662 60
      vertex -1.56967 -23.9486 60
      vertex 0 -24 60
    endloop
  endfacet
  facet normal 0 0 1
    outer loop
      vertex -4.68217 -23.5388 60
      vertex -1.21931 -6.12991 60
      vertex -1.61762 -6.03704 60
    endloop
  endfacet
  facet normal 0 0 1
    outer loop
      vertex -6.21166 -23.1822 60
      vertex -1.61762 -6.03704 60
      vertex -2.009 -5.91831 60
    endloop
  endfacet
  facet normal 0 0 1
    outer loop
      vertex -7.71455 -22.7263 60
      vertex -2.009 -5.91831 60
      vertex -2.39177 -5.77425 60
    endloop
  endfacet
  facet normal 0 0 1
    outer loop
      vertex -9.1844 -22.1731 60
      vertex -2.39177 -5.77425 60
      vertex -2.7643 -5.60545 60
    endloop
  endfacet
  facet normal 0 0 1
    outer loop
      vertex -10.6149 -21.5249 60
      vertex -2.7643 -5.60545 60
      vertex -3.125 -5.41266 60
    endloop
  endfacet
  facet normal 0 0 1
    outer loop
      vertex -0.815788 -6.19653 60
      vertex -3.13263 -23.7947 60
      vertex -1.56967 -23.9486 60
    endloop
  endfacet
  facet normal 0 0 1
    outer loop
      vertex -12 -20.7846 60
      vertex -3.125 -5.41266 60
      vertex -3.47231 -5.19668 60
    endloop
  endfacet
  facet normal 0 0 1
    outer loop
      vertex -13.3337 -19.9553 60
      vertex -3.47231 -5.19668 60
      vertex -3.80476 -4.95846 60
    endloop
  endfacet
  facet normal 0 0 1
    outer loop
      vertex -14.6103 -19.0405 60
      vertex -3.80476 -4.95846 60
      vertex -4.12091 -4.699 60
    endloop
  endfacet
  facet normal 0 0 1
    outer loop
      vertex -15.8243 -18.0442 60
      vertex -4.12091 -4.699 60
      vertex -4.41942 -4.41942 60
    endloop
  endfacet
  facet normal 0 0 1
    outer loop
      vertex -1.21931 -6.12991 60
      vertex -4.68217 -23.5388 60
      vertex -3.13263 -23.7947 60
    endloop
  endfacet
  facet normal 0 0 1
    outer loop
      vertex -16.9706 -16.9706 60
      vertex -4.41942 -4.41942 60
      vertex -4.699 -4.12091 60
    endloop
  endfacet
  facet normal 0 0 1
    outer loop
      vertex -18.0442 -15.8243 60
      vertex -4.699 -4.12091 60
      vertex -4.95846 -3.80476 60
    endloop
  endfacet
  facet normal 0 0 1
    outer loop
      vertex -19.0405 -14.6103 60
      vertex -4.95846 -3.80476 60
      vertex -5.19668 -3.47231 60
    endloop
  endfacet
  facet normal 0 0 1
    outer loop
      vertex -19.9553 -13.3337 60
      vertex -5.19668 -3.47231 60
      vertex -5.41266 -3.125 60
    endloop
  endfacet
  facet normal 0 0 1
    outer loop
      vertex -20.7846 -12 60
      vertex -5.41266 -3.125 60
      vertex -5.60545 -2.7643 60
    endloop
  endfacet
  facet normal 0 0 1
    outer loop
      vertex -21.5249 -10.6149 60
      vertex -5.60545 -2.7643 60
      vertex -5.77425 -2.39177 60
    endloop
  endfacet
  facet normal 0 0 1
    outer loop
      vertex -22.1731 -9.1844 60
      vertex -5.77425 -2.39177 60
      vertex -5.91831 -2.009 60
    endloop
  endfacet
  facet normal 0 0 1
    outer loop
      vertex -22.7263 -7.71455 60
      vertex -5.91831 -2.009 60
      vertex -6.03704 -1.61762 60
    endloop
  endfacet
  facet normal 0 0 1
    outer loop
      vertex -23.1822 -6.21166 60
      vertex -6.03704 -1.61762 60
      vertex -6.12991 -1.21931 60
    endloop
  endfacet
  facet normal 0 0 1
    outer loop
      vertex -23.5388 -4.68217 60
      vertex -6.12991 -1.21931 60
      vertex -6.19653 -0.815788 60
    endloop
  endfacet
  facet normal 0 0 1
    outer loop
      vertex -1.61762 -6.03704 60
      vertex -6.21166 -23.1822 60
      vertex -4.68217 -23.5388 60
    endloop
  endfacet
  facet normal 0 0 1
    outer loop
      vertex -23.7947 -3.13263 60
      vertex -6.19653 -0.815788 60
      vertex -6.23662 -0.408769 60
    endloop
  endfacet
  facet normal 0 0 1
    outer loop
      vertex -23.9486 -1.56967 60
      vertex -6.23662 -0.408769 60
      vertex -6.25 0 60
    endloop
  endfacet
  facet normal -0 0 1
    outer loop
      vertex -19.9553 13.3337 60
      vertex -5.19668 3.47231 60
      vertex -19.0405 14.6103 60
    endloop
  endfacet
  facet normal 0 0 1
    outer loop
      vertex -2.009 -5.91831 60
      vertex -7.71455 -22.7263 60
      vertex -6.21166 -23.1822 60
    endloop
  endfacet
  facet normal 0 0 1
    outer loop
      vertex -5.19668 3.47231 60
      vertex -19.9553 13.3337 60
      vertex -5.41266 3.125 60
    endloop
  endfacet
  facet normal 0 0 1
    outer loop
      vertex -2.39177 -5.77425 60
      vertex -9.1844 -22.1731 60
      vertex -7.71455 -22.7263 60
    endloop
  endfacet
  facet normal -0 0 1
    outer loop
      vertex -20.7846 12 60
      vertex -5.41266 3.125 60
      vertex -19.9553 13.3337 60
    endloop
  endfacet
  facet normal 0 0 1
    outer loop
      vertex -2.7643 -5.60545 60
      vertex -10.6149 -21.5249 60
      vertex -9.1844 -22.1731 60
    endloop
  endfacet
  facet normal 0 0 1
    outer loop
      vertex -5.41266 3.125 60
      vertex -20.7846 12 60
      vertex -5.60545 2.7643 60
    endloop
  endfacet
  facet normal 0 0 1
    outer loop
      vertex -3.125 -5.41266 60
      vertex -12 -20.7846 60
      vertex -10.6149 -21.5249 60
    endloop
  endfacet
  facet normal -0 0 1
    outer loop
      vertex -21.5249 10.6149 60
      vertex -5.60545 2.7643 60
      vertex -20.7846 12 60
    endloop
  endfacet
  facet normal 0 0 1
    outer loop
      vertex -3.47231 -5.19668 60
      vertex -13.3337 -19.9553 60
      vertex -12 -20.7846 60
    endloop
  endfacet
  facet normal 0 0 1
    outer loop
      vertex -5.60545 2.7643 60
      vertex -21.5249 10.6149 60
      vertex -5.77425 2.39177 60
    endloop
  endfacet
  facet normal 0 0 1
    outer loop
      vertex -3.80476 -4.95846 60
      vertex -14.6103 -19.0405 60
      vertex -13.3337 -19.9553 60
    endloop
  endfacet
  facet normal -0 0 1
    outer loop
      vertex -22.1731 9.1844 60
      vertex -5.77425 2.39177 60
      vertex -21.5249 10.6149 60
    endloop
  endfacet
  facet normal 0 0 1
    outer loop
      vertex -4.12091 -4.699 60
      vertex -15.8243 -18.0442 60
      vertex -14.6103 -19.0405 60
    endloop
  endfacet
  facet normal 0 0 1
    outer loop
      vertex -5.77425 2.39177 60
      vertex -22.1731 9.1844 60
      vertex -5.91831 2.009 60
    endloop
  endfacet
  facet normal 0 0 1
    outer loop
      vertex -4.41942 -4.41942 60
      vertex -16.9706 -16.9706 60
      vertex -15.8243 -18.0442 60
    endloop
  endfacet
  facet normal -0 0 1
    outer loop
      vertex -22.7263 7.71455 60
      vertex -5.91831 2.009 60
      vertex -22.1731 9.1844 60
    endloop
  endfacet
  facet normal 0 0 1
    outer loop
      vertex -4.699 -4.12091 60
      vertex -18.0442 -15.8243 60
      vertex -16.9706 -16.9706 60
    endloop
  endfacet
  facet normal 0 0 1
    outer loop
      vertex -5.91831 2.009 60
      vertex -22.7263 7.71455 60
      vertex -6.03704 1.61762 60
    endloop
  endfacet
  facet normal 0 0 1
    outer loop
      vertex -4.95846 -3.80476 60
      vertex -19.0405 -14.6103 60
      vertex -18.0442 -15.8243 60
    endloop
  endfacet
  facet normal -0 0 1
    outer loop
      vertex -23.1822 6.21166 60
      vertex -6.03704 1.61762 60
      vertex -22.7263 7.71455 60
    endloop
  endfacet
  facet normal 0 0 1
    outer loop
      vertex -5.19668 -3.47231 60
      vertex -19.9553 -13.3337 60
      vertex -19.0405 -14.6103 60
    endloop
  endfacet
  facet normal 0 0 1
    outer loop
      vertex -6.03704 1.61762 60
      vertex -23.1822 6.21166 60
      vertex -6.12991 1.21931 60
    endloop
  endfacet
  facet normal 0 0 1
    outer loop
      vertex -5.41266 -3.125 60
      vertex -20.7846 -12 60
      vertex -19.9553 -13.3337 60
    endloop
  endfacet
  facet normal -0 0 1
    outer loop
      vertex -23.5388 4.68217 60
      vertex -6.12991 1.21931 60
      vertex -23.1822 6.21166 60
    endloop
  endfacet
  facet normal 0 0 1
    outer loop
      vertex -5.60545 -2.7643 60
      vertex -21.5249 -10.6149 60
      vertex -20.7846 -12 60
    endloop
  endfacet
  facet normal 0 0 1
    outer loop
      vertex -6.12991 1.21931 60
      vertex -23.5388 4.68217 60
      vertex -6.19653 0.815788 60
    endloop
  endfacet
  facet normal 0 0 1
    outer loop
      vertex -5.77425 -2.39177 60
      vertex -22.1731 -9.1844 60
      vertex -21.5249 -10.6149 60
    endloop
  endfacet
  facet normal -0 0 1
    outer loop
      vertex -23.7947 3.13263 60
      vertex -6.19653 0.815788 60
      vertex -23.5388 4.68217 60
    endloop
  endfacet
  facet normal 0 0 1
    outer loop
      vertex -5.91831 -2.009 60
      vertex -22.7263 -7.71455 60
      vertex -22.1731 -9.1844 60
    endloop
  endfacet
  facet normal 0 0 1
    outer loop
      vertex -6.19653 0.815788 60
      vertex -23.7947 3.13263 60
      vertex -6.23662 0.408769 60
    endloop
  endfacet
  facet normal 0 0 1
    outer loop
      vertex -6.03704 -1.61762 60
      vertex -23.1822 -6.21166 60
      vertex -22.7263 -7.71455 60
    endloop
  endfacet
  facet normal -0 0 1
    outer loop
      vertex -23.9486 1.56967 60
      vertex -6.23662 0.408769 60
      vertex -23.7947 3.13263 60
    endloop
  endfacet
  facet normal 0 0 1
    outer loop
      vertex -6.12991 -1.21931 60
      vertex -23.5388 -4.68217 60
      vertex -23.1822 -6.21166 60
    endloop
  endfacet
  facet normal 0 0 1
    outer loop
      vertex -6.23662 0.408769 60
      vertex -23.9486 1.56967 60
      vertex -6.25 0 60
    endloop
  endfacet
  facet normal 0 0 1
    outer loop
      vertex -6.19653 -0.815788 60
      vertex -23.7947 -3.13263 60
      vertex -23.5388 -4.68217 60
    endloop
  endfacet
  facet normal 0 0 1
    outer loop
      vertex -24 0 60
      vertex -6.25 0 60
      vertex -23.9486 1.56967 60
    endloop
  endfacet
  facet normal 0 0 1
    outer loop
      vertex -6.23662 -0.408769 60
      vertex -23.9486 -1.56967 60
      vertex -23.7947 -3.13263 60
    endloop
  endfacet
  facet normal 0 0 1
    outer loop
      vertex -6.25 0 60
      vertex -24 0 60
      vertex -23.9486 -1.56967 60
    endloop
  endfacet
  facet normal -0.994509 0.0325659 0.0994509
    outer loop
      vertex -23.9486 1.56967 60
      vertex -30 0 0
      vertex -24 0 60
    endloop
  endfacet
  facet normal -0.410687 0.906337 0.0994512
    outer loop
      vertex -9.1844 22.1731 60
      vertex -11.4805 27.7164 0
      vertex -10.6149 21.5249 60
    endloop
  endfacet
  facet normal -0.288859 0.952192 0.0994516
    outer loop
      vertex -7.76457 28.9778 0
      vertex -9.64318 28.4079 0
      vertex -6.21166 23.1822 60
    endloop
  endfacet
  facet normal -0.680213 0.726237 0.0994507
    outer loop
      vertex -19.7804 22.5552 0
      vertex -21.2132 21.2132 0
      vertex -15.8243 18.0442 60
    endloop
  endfacet
  facet normal -0.0975705 0.990247 0.0994516
    outer loop
      vertex -1.96209 29.9358 0
      vertex -3.91578 29.7433 0
      vertex -1.56967 23.9486 60
    endloop
  endfacet
  facet normal 0.76918 0.631247 0.09945
    outer loop
      vertex 23.8006 18.2628 0
      vertex 18.0442 15.8243 60
      vertex 19.0405 14.6103 60
    endloop
  endfacet
  facet normal 0.726237 0.680213 0.0994507
    outer loop
      vertex 21.2132 21.2132 0
      vertex 18.0442 15.8243 60
      vertex 22.5552 19.7804 0
    endloop
  endfacet
  facet normal 0.631229 0.769194 0.0994507
    outer loop
      vertex 18.2628 23.8006 0
      vertex 15.8243 18.0442 60
      vertex 19.7804 22.5552 0
    endloop
  endfacet
  facet normal 0.525461 0.844985 0.0994516
    outer loop
      vertex 15 25.9808 0
      vertex 12 20.7846 60
      vertex 16.6671 24.9441 0
    endloop
  endfacet
  facet normal 0.469034 0.877563 0.0994516
    outer loop
      vertex 15 25.9808 0
      vertex 10.6149 21.5249 60
      vertex 12 20.7846 60
    endloop
  endfacet
  facet normal 0.288847 0.952196 0.0994512
    outer loop
      vertex 9.64318 28.4079 0
      vertex 6.21166 23.1822 60
      vertex 7.71455 22.7263 60
    endloop
  endfacet
  facet normal 0.0325659 0.994509 0.0994509
    outer loop
      vertex 0 30 0
      vertex 0 24 60
      vertex 1.56967 23.9486 60
    endloop
  endfacet
  facet normal 0.162044 0.981759 0.09945
    outer loop
      vertex 3.91578 29.7433 0
      vertex 3.13263 23.7947 60
      vertex 5.85271 29.4236 0
    endloop
  endfacet
  facet normal -0.877563 -0.469034 0.0994516
    outer loop
      vertex -21.5249 -10.6149 60
      vertex -25.9808 -15 0
      vertex -20.7846 -12 60
    endloop
  endfacet
  facet normal -0.76918 -0.631247 0.09945
    outer loop
      vertex -19.0405 -14.6103 60
      vertex -23.8006 -18.2628 0
      vertex -18.0442 -15.8243 60
    endloop
  endfacet
  facet normal -0.769194 -0.631229 0.0994507
    outer loop
      vertex -18.0442 -15.8243 60
      vertex -23.8006 -18.2628 0
      vertex -22.5552 -19.7804 0
    endloop
  endfacet
  facet normal -0.969053 -0.225934 0.0994524
    outer loop
      vertex -23.5388 -4.68217 60
      vertex -29.4236 -5.85271 0
      vertex -23.1822 -6.21166 60
    endloop
  endfacet
  facet normal -0.990254 -0.0975073 0.0994498
    outer loop
      vertex -23.9486 -1.56967 60
      vertex -29.7433 -3.91578 0
      vertex -23.7947 -3.13263 60
    endloop
  endfacet
  facet normal -0.981759 -0.162044 0.09945
    outer loop
      vertex -23.7947 -3.13263 60
      vertex -29.7433 -3.91578 0
      vertex -29.4236 -5.85271 0
    endloop
  endfacet
  facet normal -0.631229 -0.769194 0.0994507
    outer loop
      vertex -15.8243 -18.0442 60
      vertex -19.7804 -22.5552 0
      vertex -18.2628 -23.8006 0
    endloop
  endfacet
  facet normal -0.0325406 -0.99451 0.0994517
    outer loop
      vertex -1.56967 -23.9486 60
      vertex -1.96209 -29.9358 0
      vertex 0 -30 0
    endloop
  endfacet
  facet normal -0.525428 -0.845006 0.0994505
    outer loop
      vertex -13.3337 -19.9553 60
      vertex -16.6671 -24.9441 0
      vertex -12 -20.7846 60
    endloop
  endfacet
  facet normal -0.525461 -0.844985 0.0994516
    outer loop
      vertex -12 -20.7846 60
      vertex -16.6671 -24.9441 0
      vertex -15 -25.9808 0
    endloop
  endfacet
  facet normal -0.350497 -0.931269 0.0994513
    outer loop
      vertex -9.1844 -22.1731 60
      vertex -9.64318 -28.4079 0
      vertex -7.71455 -22.7263 60
    endloop
  endfacet
  facet normal -0.350496 -0.931269 0.0994513
    outer loop
      vertex -9.1844 -22.1731 60
      vertex -11.4805 -27.7164 0
      vertex -9.64318 -28.4079 0
    endloop
  endfacet
  facet normal 0.808817 -0.579591 0.0994505
    outer loop
      vertex 19.9553 -13.3337 60
      vertex 19.0405 -14.6103 60
      vertex 24.9441 -16.6671 0
    endloop
  endfacet
  facet normal 0.877563 -0.469034 0.0994516
    outer loop
      vertex 21.5249 -10.6149 60
      vertex 20.7846 -12 60
      vertex 25.9808 -15 0
    endloop
  endfacet
  facet normal 0.981759 -0.162044 0.09945
    outer loop
      vertex 29.7433 -3.91578 0
      vertex 23.7947 -3.13263 60
      vertex 29.4236 -5.85271 0
    endloop
  endfacet
  facet normal 0.990247 -0.0975705 0.0994516
    outer loop
      vertex 29.9358 -1.96209 0
      vertex 23.9486 -1.56967 60
      vertex 29.7433 -3.91578 0
    endloop
  endfacet
  facet normal 0.46906 -0.877549 0.0994524
    outer loop
      vertex 15 -25.9808 0
      vertex 10.6149 -21.5249 60
      vertex 13.2687 -26.9062 0
    endloop
  endfacet
  facet normal 0.410651 -0.906352 0.0994523
    outer loop
      vertex 13.2687 -26.9062 0
      vertex 10.6149 -21.5249 60
      vertex 11.4805 -27.7164 0
    endloop
  endfacet
  facet normal 0.469034 -0.877563 0.0994516
    outer loop
      vertex 12 -20.7846 60
      vertex 10.6149 -21.5249 60
      vertex 15 -25.9808 0
    endloop
  endfacet
  facet normal 0.525461 -0.844985 0.0994516
    outer loop
      vertex 16.6671 -24.9441 0
      vertex 12 -20.7846 60
      vertex 15 -25.9808 0
    endloop
  endfacet
  facet normal 0.680213 -0.726237 0.0994507
    outer loop
      vertex 21.2132 -21.2132 0
      vertex 15.8243 -18.0442 60
      vertex 19.7804 -22.5552 0
    endloop
  endfacet
  facet normal 0.680194 -0.726254 0.09945
    outer loop
      vertex 16.9706 -16.9706 60
      vertex 15.8243 -18.0442 60
      vertex 21.2132 -21.2132 0
    endloop
  endfacet
  facet normal 0.0975705 -0.990247 0.0994516
    outer loop
      vertex 3.91578 -29.7433 0
      vertex 1.56967 -23.9486 60
      vertex 1.96209 -29.9358 0
    endloop
  endfacet
  facet normal 0.906352 0.410651 0.0994523
    outer loop
      vertex 26.9062 13.2687 0
      vertex 21.5249 10.6149 60
      vertex 27.7164 11.4805 0
    endloop
  endfacet
  facet normal 0.952196 0.288847 0.0994512
    outer loop
      vertex 28.4079 9.64318 0
      vertex 22.7263 7.71455 60
      vertex 23.1822 6.21166 60
    endloop
  endfacet
  facet normal 0.981745 0.162131 0.0994525
    outer loop
      vertex 29.4236 5.85271 0
      vertex 23.5388 4.68217 60
      vertex 23.7947 3.13263 60
    endloop
  endfacet
  facet normal -0.981759 0.162044 0.09945
    outer loop
      vertex -29.4236 5.85271 0
      vertex -29.7433 3.91578 0
      vertex -23.7947 3.13263 60
    endloop
  endfacet
  facet normal -0.990247 0.0975705 0.0994516
    outer loop
      vertex -29.7433 3.91578 0
      vertex -29.9358 1.96209 0
      vertex -23.9486 1.56967 60
    endloop
  endfacet
  facet normal -0.469034 0.877563 0.0994516
    outer loop
      vertex -10.6149 21.5249 60
      vertex -15 25.9808 0
      vertex -12 20.7846 60
    endloop
  endfacet
  facet normal -0.350497 0.931269 0.0994513
    outer loop
      vertex -7.71455 22.7263 60
      vertex -9.64318 28.4079 0
      vertex -9.1844 22.1731 60
    endloop
  endfacet
  facet normal -0.288847 0.952196 0.0994512
    outer loop
      vertex -6.21166 23.1822 60
      vertex -9.64318 28.4079 0
      vertex -7.71455 22.7263 60
    endloop
  endfacet
  facet normal -0.225934 0.969053 0.0994524
    outer loop
      vertex -5.85271 29.4236 0
      vertex -6.21166 23.1822 60
      vertex -4.68217 23.5388 60
    endloop
  endfacet
  facet normal -0.631247 0.76918 0.09945
    outer loop
      vertex -14.6103 19.0405 60
      vertex -18.2628 23.8006 0
      vertex -15.8243 18.0442 60
    endloop
  endfacet
  facet normal -0.726237 0.680213 0.0994507
    outer loop
      vertex -21.2132 21.2132 0
      vertex -22.5552 19.7804 0
      vertex -18.0442 15.8243 60
    endloop
  endfacet
  facet normal -0.631229 0.769194 0.0994507
    outer loop
      vertex -18.2628 23.8006 0
      vertex -19.7804 22.5552 0
      vertex -15.8243 18.0442 60
    endloop
  endfacet
  facet normal -0.0975073 0.990254 0.0994498
    outer loop
      vertex -1.56967 23.9486 60
      vertex -3.91578 29.7433 0
      vertex -3.13263 23.7947 60
    endloop
  endfacet
  facet normal -0.162044 0.981759 0.09945
    outer loop
      vertex -3.91578 29.7433 0
      vertex -5.85271 29.4236 0
      vertex -3.13263 23.7947 60
    endloop
  endfacet
  facet normal 0.579591 0.808817 0.0994505
    outer loop
      vertex 16.6671 24.9441 0
      vertex 13.3337 19.9553 60
      vertex 14.6103 19.0405 60
    endloop
  endfacet
  facet normal 0.46906 0.877549 0.0994524
    outer loop
      vertex 13.2687 26.9062 0
      vertex 10.6149 21.5249 60
      vertex 15 25.9808 0
    endloop
  endfacet
  facet normal 0.525428 0.845006 0.0994505
    outer loop
      vertex 16.6671 24.9441 0
      vertex 12 20.7846 60
      vertex 13.3337 19.9553 60
    endloop
  endfacet
  facet normal 0.288859 0.952192 0.0994516
    outer loop
      vertex 7.76457 28.9778 0
      vertex 6.21166 23.1822 60
      vertex 9.64318 28.4079 0
    endloop
  endfacet
  facet normal 0.410687 0.906337 0.0994512
    outer loop
      vertex 11.4805 27.7164 0
      vertex 9.1844 22.1731 60
      vertex 10.6149 21.5249 60
    endloop
  endfacet
  facet normal 0.0975705 0.990247 0.0994516
    outer loop
      vertex 1.96209 29.9358 0
      vertex 1.56967 23.9486 60
      vertex 3.91578 29.7433 0
    endloop
  endfacet
  facet normal 0.0975073 0.990254 0.0994498
    outer loop
      vertex 3.91578 29.7433 0
      vertex 1.56967 23.9486 60
      vertex 3.13263 23.7947 60
    endloop
  endfacet
  facet normal -0.906352 -0.410651 0.0994523
    outer loop
      vertex -21.5249 -10.6149 60
      vertex -27.7164 -11.4805 0
      vertex -26.9062 -13.2687 0
    endloop
  endfacet
  facet normal -0.877549 -0.46906 0.0994524
    outer loop
      vertex -21.5249 -10.6149 60
      vertex -26.9062 -13.2687 0
      vertex -25.9808 -15 0
    endloop
  endfacet
  facet normal -0.931269 -0.350497 0.0994513
    outer loop
      vertex -22.7263 -7.71455 60
      vertex -28.4079 -9.64318 0
      vertex -22.1731 -9.1844 60
    endloop
  endfacet
  facet normal -0.931269 -0.350496 0.0994513
    outer loop
      vertex -22.1731 -9.1844 60
      vertex -28.4079 -9.64318 0
      vertex -27.7164 -11.4805 0
    endloop
  endfacet
  facet normal -0.288859 -0.952192 0.0994516
    outer loop
      vertex -6.21166 -23.1822 60
      vertex -9.64318 -28.4079 0
      vertex -7.76457 -28.9778 0
    endloop
  endfacet
  facet normal -0.225959 -0.969047 0.0994517
    outer loop
      vertex -6.21166 -23.1822 60
      vertex -7.76457 -28.9778 0
      vertex -5.85271 -29.4236 0
    endloop
  endfacet
  facet normal -0.0975705 -0.990247 0.0994516
    outer loop
      vertex -1.56967 -23.9486 60
      vertex -3.91578 -29.7433 0
      vertex -1.96209 -29.9358 0
    endloop
  endfacet
  facet normal -0.0975073 -0.990254 0.0994498
    outer loop
      vertex -3.13263 -23.7947 60
      vertex -3.91578 -29.7433 0
      vertex -1.56967 -23.9486 60
    endloop
  endfacet
  facet normal -0.579591 -0.808817 0.0994505
    outer loop
      vertex -14.6103 -19.0405 60
      vertex -16.6671 -24.9441 0
      vertex -13.3337 -19.9553 60
    endloop
  endfacet
  facet normal -0.469034 -0.877563 0.0994516
    outer loop
      vertex -12 -20.7846 60
      vertex -15 -25.9808 0
      vertex -10.6149 -21.5249 60
    endloop
  endfacet
  facet normal 0.76918 -0.631247 0.09945
    outer loop
      vertex 19.0405 -14.6103 60
      vertex 18.0442 -15.8243 60
      vertex 23.8006 -18.2628 0
    endloop
  endfacet
  facet normal 0.808808 -0.579603 0.0994501
    outer loop
      vertex 24.9441 -16.6671 0
      vertex 19.0405 -14.6103 60
      vertex 23.8006 -18.2628 0
    endloop
  endfacet
  facet normal 0.877549 -0.46906 0.0994524
    outer loop
      vertex 26.9062 -13.2687 0
      vertex 21.5249 -10.6149 60
      vertex 25.9808 -15 0
    endloop
  endfacet
  facet normal 0.906352 -0.410651 0.0994523
    outer loop
      vertex 27.7164 -11.4805 0
      vertex 21.5249 -10.6149 60
      vertex 26.9062 -13.2687 0
    endloop
  endfacet
  facet normal 0.981745 -0.162131 0.0994525
    outer loop
      vertex 23.7947 -3.13263 60
      vertex 23.5388 -4.68217 60
      vertex 29.4236 -5.85271 0
    endloop
  endfacet
  facet normal 0.525428 -0.845006 0.0994505
    outer loop
      vertex 13.3337 -19.9553 60
      vertex 12 -20.7846 60
      vertex 16.6671 -24.9441 0
    endloop
  endfacet
  facet normal 0.0975073 -0.990254 0.0994498
    outer loop
      vertex 3.13263 -23.7947 60
      vertex 1.56967 -23.9486 60
      vertex 3.91578 -29.7433 0
    endloop
  endfacet
  facet normal 0.162044 -0.981759 0.09945
    outer loop
      vertex 5.85271 -29.4236 0
      vertex 3.13263 -23.7947 60
      vertex 3.91578 -29.7433 0
    endloop
  endfacet
  facet normal 0.877549 0.46906 0.0994524
    outer loop
      vertex 25.9808 15 0
      vertex 21.5249 10.6149 60
      vertex 26.9062 13.2687 0
    endloop
  endfacet
  facet normal 0.877563 0.469034 0.0994516
    outer loop
      vertex 25.9808 15 0
      vertex 20.7846 12 60
      vertex 21.5249 10.6149 60
    endloop
  endfacet
  facet normal 0.990254 0.0975073 0.0994498
    outer loop
      vertex 29.7433 3.91578 0
      vertex 23.7947 3.13263 60
      vertex 23.9486 1.56967 60
    endloop
  endfacet
  facet normal 0.981759 0.162044 0.09945
    outer loop
      vertex 29.4236 5.85271 0
      vertex 23.7947 3.13263 60
      vertex 29.7433 3.91578 0
    endloop
  endfacet
  facet normal -0.844985 0.525461 0.0994516
    outer loop
      vertex -24.9441 16.6671 0
      vertex -25.9808 15 0
      vertex -20.7846 12 60
    endloop
  endfacet
  facet normal -0.808817 0.579591 0.0994505
    outer loop
      vertex -19.0405 14.6103 60
      vertex -24.9441 16.6671 0
      vertex -19.9553 13.3337 60
    endloop
  endfacet
  facet normal -0.906352 0.410651 0.0994523
    outer loop
      vertex -26.9062 13.2687 0
      vertex -27.7164 11.4805 0
      vertex -21.5249 10.6149 60
    endloop
  endfacet
  facet normal -0.877549 0.46906 0.0994524
    outer loop
      vertex -25.9808 15 0
      vertex -26.9062 13.2687 0
      vertex -21.5249 10.6149 60
    endloop
  endfacet
  facet normal -0.931269 0.350496 0.0994513
    outer loop
      vertex -27.7164 11.4805 0
      vertex -28.4079 9.64318 0
      vertex -22.1731 9.1844 60
    endloop
  endfacet
  facet normal -0.931269 0.350497 0.0994513
    outer loop
      vertex -22.1731 9.1844 60
      vertex -28.4079 9.64318 0
      vertex -22.7263 7.71455 60
    endloop
  endfacet
  facet normal -0.969053 0.225934 0.0994524
    outer loop
      vertex -23.1822 6.21166 60
      vertex -29.4236 5.85271 0
      vertex -23.5388 4.68217 60
    endloop
  endfacet
  facet normal -0.981745 0.162131 0.0994525
    outer loop
      vertex -23.5388 4.68217 60
      vertex -29.4236 5.85271 0
      vertex -23.7947 3.13263 60
    endloop
  endfacet
  facet normal -0.579603 0.808808 0.0994501
    outer loop
      vertex -16.6671 24.9441 0
      vertex -18.2628 23.8006 0
      vertex -14.6103 19.0405 60
    endloop
  endfacet
  facet normal -0.46906 0.877549 0.0994524
    outer loop
      vertex -13.2687 26.9062 0
      vertex -15 25.9808 0
      vertex -10.6149 21.5249 60
    endloop
  endfacet
  facet normal -0.410651 0.906352 0.0994523
    outer loop
      vertex -11.4805 27.7164 0
      vertex -13.2687 26.9062 0
      vertex -10.6149 21.5249 60
    endloop
  endfacet
  facet normal -0.726254 0.680194 0.09945
    outer loop
      vertex -16.9706 16.9706 60
      vertex -21.2132 21.2132 0
      vertex -18.0442 15.8243 60
    endloop
  endfacet
  facet normal 0.225959 0.969047 0.0994517
    outer loop
      vertex 7.76457 28.9778 0
      vertex 5.85271 29.4236 0
      vertex 6.21166 23.1822 60
    endloop
  endfacet
  facet normal 0.225934 0.969053 0.0994524
    outer loop
      vertex 5.85271 29.4236 0
      vertex 4.68217 23.5388 60
      vertex 6.21166 23.1822 60
    endloop
  endfacet
  facet normal 0.350497 0.931269 0.0994513
    outer loop
      vertex 9.64318 28.4079 0
      vertex 7.71455 22.7263 60
      vertex 9.1844 22.1731 60
    endloop
  endfacet
  facet normal 0.350496 0.931269 0.0994513
    outer loop
      vertex 9.64318 28.4079 0
      vertex 9.1844 22.1731 60
      vertex 11.4805 27.7164 0
    endloop
  endfacet
  facet normal -0.906337 -0.410687 0.0994512
    outer loop
      vertex -22.1731 -9.1844 60
      vertex -27.7164 -11.4805 0
      vertex -21.5249 -10.6149 60
    endloop
  endfacet
  facet normal -0.225934 -0.969053 0.0994524
    outer loop
      vertex -4.68217 -23.5388 60
      vertex -6.21166 -23.1822 60
      vertex -5.85271 -29.4236 0
    endloop
  endfacet
  facet normal -0.288847 -0.952196 0.0994512
    outer loop
      vertex -7.71455 -22.7263 60
      vertex -9.64318 -28.4079 0
      vertex -6.21166 -23.1822 60
    endloop
  endfacet
  facet normal -0.46906 -0.877549 0.0994524
    outer loop
      vertex -10.6149 -21.5249 60
      vertex -15 -25.9808 0
      vertex -13.2687 -26.9062 0
    endloop
  endfacet
  facet normal -0.410651 -0.906352 0.0994523
    outer loop
      vertex -10.6149 -21.5249 60
      vertex -13.2687 -26.9062 0
      vertex -11.4805 -27.7164 0
    endloop
  endfacet
  facet normal 0.906337 0.410687 0.0994512
    outer loop
      vertex 27.7164 11.4805 0
      vertex 21.5249 10.6149 60
      vertex 22.1731 9.1844 60
    endloop
  endfacet
  facet normal -0.808808 0.579603 0.0994501
    outer loop
      vertex -23.8006 18.2628 0
      vertex -24.9441 16.6671 0
      vertex -19.0405 14.6103 60
    endloop
  endfacet
  facet normal -0.525461 0.844985 0.0994516
    outer loop
      vertex -15 25.9808 0
      vertex -16.6671 24.9441 0
      vertex -12 20.7846 60
    endloop
  endfacet
  facet normal -0.680194 0.726254 0.09945
    outer loop
      vertex -15.8243 18.0442 60
      vertex -21.2132 21.2132 0
      vertex -16.9706 16.9706 60
    endloop
  endfacet
  facet normal -0.162131 -0.981745 0.0994525
    outer loop
      vertex -4.68217 -23.5388 60
      vertex -5.85271 -29.4236 0
      vertex -3.13263 -23.7947 60
    endloop
  endfacet
  facet normal -0.845006 0.525428 0.0994505
    outer loop
      vertex -19.9553 13.3337 60
      vertex -24.9441 16.6671 0
      vertex -20.7846 12 60
    endloop
  endfacet
  facet normal -0.525428 0.845006 0.0994505
    outer loop
      vertex -12 20.7846 60
      vertex -16.6671 24.9441 0
      vertex -13.3337 19.9553 60
    endloop
  endfacet
  facet normal -0.579591 0.808817 0.0994505
    outer loop
      vertex -13.3337 19.9553 60
      vertex -16.6671 24.9441 0
      vertex -14.6103 19.0405 60
    endloop
  endfacet
  facet normal -0.972925 -0.0318207 -0.228922
    outer loop
      vertex 12.9698 0.84999 0
      vertex 12.9976 0 0
      vertex 5 0 33.99
    endloop
  endfacet
  facet normal -0.968753 -0.0954619 -0.228922
    outer loop
      vertex 12.8864 1.69653 0
      vertex 12.9698 0.850182 0
      vertex 4.95722 0.652631 33.99
    endloop
  endfacet
  facet normal 0.710481 -0.66544 -0.228923
    outer loop
      vertex -9.19072 9.19072 0
      vertex -3.53553 3.53553 33.99
      vertex -9.77208 8.57001 0
    endloop
  endfacet
  facet normal 0.688435 -0.688435 -0.228284
    outer loop
      vertex -3.53553 3.53553 33.99
      vertex -9.77215 8.56994 0
      vertex -9.77208 8.57001 0
    endloop
  endfacet
  facet normal 0.710468 -0.665454 -0.228923
    outer loop
      vertex -9.77215 8.56994 0
      vertex -3.53553 3.53553 33.99
      vertex -3.7592 3.29673 33.99
    endloop
  endfacet
  facet normal 0.972925 -0.0318207 -0.228922
    outer loop
      vertex -12.9698 0.84999 0
      vertex -5 0 33.99
      vertex -12.9976 0 0
    endloop
  endfacet
  facet normal 0.791296 -0.566961 -0.228923
    outer loop
      vertex -10.3118 7.91239 0
      vertex -4.15735 2.77785 33.99
      vertex -10.8071 7.22111 0
    endloop
  endfacet
  facet normal 0.968753 -0.0954619 -0.228922
    outer loop
      vertex -12.8864 1.69653 0
      vertex -4.95722 0.652631 33.99
      vertex -12.9698 0.850182 0
    endloop
  endfacet
  facet normal 0.66544 0.710481 -0.228923
    outer loop
      vertex -3.53553 -3.53553 33.99
      vertex -8.57001 -9.77208 0
      vertex -9.19072 -9.19072 0
    endloop
  endfacet
  facet normal -0.2825 -0.931551 -0.228924
    outer loop
      vertex 3.36413 12.5547 0
      vertex 4.17796 12.3079 0
      vertex 1.6072 4.73465 33.99
    endloop
  endfacet
  facet normal -0.514051 -0.826648 -0.228923
    outer loop
      vertex 6.49882 11.2563 0
      vertex 7.22102 10.8072 0
      vertex 2.5 4.33013 33.99
    endloop
  endfacet
  facet normal -0.61753 -0.752496 -0.228923
    outer loop
      vertex 7.91247 10.3117 0
      vertex 8.56987 9.77221 0
      vertex 3.04381 3.96677 33.99
    endloop
  endfacet
  facet normal -0.960449 -0.158531 -0.228922
    outer loop
      vertex 12.7479 2.53562 0
      vertex 12.8864 1.69653 0
      vertex 4.95722 0.652631 33.99
    endloop
  endfacet
  facet normal 0 0.977178 -0.212423
    outer loop
      vertex 4.97389 -12.0083 0
      vertex 1.91342 -4.6194 33.99
      vertex 4.97398 -12.0083 0
    endloop
  endfacet
  facet normal -0.342888 0.911055 -0.228923
    outer loop
      vertex 1.91342 -4.6194 33.99
      vertex 4.97389 -12.0083 0
      vertex 1.6072 -4.73465 33.99
    endloop
  endfacet
  facet normal 0 0.97439 -0.224863
    outer loop
      vertex 2.53562 -12.7479 0
      vertex 0.975451 -4.90393 33.99
      vertex 2.53571 -12.7479 0
    endloop
  endfacet
  facet normal -0.158547 0.960446 -0.228922
    outer loop
      vertex 0.975451 -4.90393 33.99
      vertex 2.53562 -12.7479 0
      vertex 0.652631 -4.95722 33.99
    endloop
  endfacet
  facet normal -0.91104 0.342929 -0.228924
    outer loop
      vertex 12.3079 -4.17796 0
      vertex 12.0083 -4.97389 0
      vertex 4.73465 -1.6072 33.99
    endloop
  endfacet
  facet normal -0.858499 0.458884 -0.228923
    outer loop
      vertex 11.6572 -5.7488 0
      vertex 11.2563 -6.49882 0
      vertex 4.33013 -2.5 33.99
    endloop
  endfacet
  facet normal -0.886669 0.401762 -0.228922
    outer loop
      vertex 12.0082 -4.97407 0
      vertex 11.6572 -5.74871 0
      vertex 4.48436 -2.21144 33.99
    endloop
  endfacet
  facet normal -0.960449 0.158531 -0.228922
    outer loop
      vertex 12.8864 -1.69653 0
      vertex 12.7479 -2.53562 0
      vertex 4.95722 -0.652631 33.99
    endloop
  endfacet
  facet normal 0.858499 -0.458884 -0.228923
    outer loop
      vertex -11.2563 6.49882 0
      vertex -4.33013 2.5 33.99
      vertex -11.6572 5.7488 0
    endloop
  endfacet
  facet normal 0.761255 -0.609004 -0.222724
    outer loop
      vertex -7.91239 10.3118 0
      vertex -3.04381 3.96677 33.99
      vertex -7.91247 10.3117 0
    endloop
  endfacet
  facet normal 0.567001 -0.791267 -0.228923
    outer loop
      vertex -3.04381 3.96677 33.99
      vertex -7.91239 10.3118 0
      vertex -2.77785 4.15735 33.99
    endloop
  endfacet
  facet normal -0 -0.97439 -0.224863
    outer loop
      vertex -2.53562 12.7479 0
      vertex -0.975451 4.90393 33.99
      vertex -2.53571 12.7479 0
    endloop
  endfacet
  facet normal 0.158547 -0.960446 -0.228922
    outer loop
      vertex -0.975451 4.90393 33.99
      vertex -2.53562 12.7479 0
      vertex -0.652631 4.95722 33.99
    endloop
  endfacet
  facet normal 0.72469 -0.652221 -0.222333
    outer loop
      vertex -7.22102 10.8072 0
      vertex -2.77785 4.15735 33.99
      vertex -7.22111 10.8071 0
    endloop
  endfacet
  facet normal 0.514049 -0.826649 -0.228923
    outer loop
      vertex -2.77785 4.15735 33.99
      vertex -7.22102 10.8072 0
      vertex -2.5 4.33013 33.99
    endloop
  endfacet
  facet normal -0.0318207 -0.972925 -0.228922
    outer loop
      vertex 0 12.9976 0
      vertex 0.84999 12.9698 0
      vertex 0 5 33.99
    endloop
  endfacet
  facet normal 0.977178 0 -0.212423
    outer loop
      vertex -4.6194 1.91342 33.99
      vertex -12.0083 4.97389 0
      vertex -12.0083 4.97398 0
    endloop
  endfacet
  facet normal 0.911055 -0.342888 -0.228923
    outer loop
      vertex -12.0083 4.97389 0
      vertex -4.6194 1.91342 33.99
      vertex -4.73465 1.6072 33.99
    endloop
  endfacet
  facet normal 0.973526 0 -0.228574
    outer loop
      vertex -4.98929 0.327015 33.99
      vertex -12.9698 0.84999 0
      vertex -12.9698 0.850086 0
    endloop
  endfacet
  facet normal 0.972923 -0.031864 -0.228923
    outer loop
      vertex -12.9698 0.84999 0
      vertex -4.98929 0.327015 33.99
      vertex -5 0 33.99
    endloop
  endfacet
  facet normal -0.282582 -0.931526 -0.228924
    outer loop
      vertex 3.36404 12.5548 0
      vertex 1.6072 4.73465 33.99
      vertex 1.2941 4.82963 33.99
    endloop
  endfacet
  facet normal -0.729917 -0.656925 -0.188867
    outer loop
      vertex 1.6072 4.73465 33.99
      vertex 3.36404 12.5548 0
      vertex 3.36413 12.5547 0
    endloop
  endfacet
  facet normal -0.752496 -0.61753 -0.228923
    outer loop
      vertex 9.77221 8.56987 0
      vertex 10.3117 7.91247 0
      vertex 3.96677 3.04381 33.99
    endloop
  endfacet
  facet normal -0.609004 -0.761255 -0.222724
    outer loop
      vertex 10.3118 7.91239 0
      vertex 3.96677 3.04381 33.99
      vertex 10.3117 7.91247 0
    endloop
  endfacet
  facet normal -0.791267 -0.567001 -0.228923
    outer loop
      vertex 3.96677 3.04381 33.99
      vertex 10.3118 7.91239 0
      vertex 4.15735 2.77785 33.99
    endloop
  endfacet
  facet normal -0.791296 -0.566961 -0.228923
    outer loop
      vertex 10.3118 7.91239 0
      vertex 10.8071 7.22111 0
      vertex 4.15735 2.77785 33.99
    endloop
  endfacet
  facet normal -0.567001 -0.791267 -0.228923
    outer loop
      vertex 7.91239 10.3118 0
      vertex 3.04381 3.96677 33.99
      vertex 2.77785 4.15735 33.99
    endloop
  endfacet
  facet normal -0.761255 -0.609004 -0.222724
    outer loop
      vertex 3.04381 3.96677 33.99
      vertex 7.91239 10.3118 0
      vertex 7.91247 10.3117 0
    endloop
  endfacet
  facet normal -0.688435 -0.688435 -0.228284
    outer loop
      vertex 9.77215 8.56994 0
      vertex 3.53553 3.53553 33.99
      vertex 9.77208 8.57001 0
    endloop
  endfacet
  facet normal -0.710468 -0.665454 -0.228923
    outer loop
      vertex 3.53553 3.53553 33.99
      vertex 9.77215 8.56994 0
      vertex 3.7592 3.29673 33.99
    endloop
  endfacet
  facet normal -0.66544 -0.710481 -0.228923
    outer loop
      vertex 8.57001 9.77208 0
      vertex 9.19072 9.19072 0
      vertex 3.53553 3.53553 33.99
    endloop
  endfacet
  facet normal -0.931551 -0.2825 -0.228924
    outer loop
      vertex 12.3079 4.17796 0
      vertex 12.5547 3.36413 0
      vertex 4.73465 1.6072 33.99
    endloop
  endfacet
  facet normal -0.977545 0 -0.210725
    outer loop
      vertex 11.6572 5.74871 0
      vertex 4.33013 2.5 33.99
      vertex 11.6572 5.7488 0
    endloop
  endfacet
  facet normal -0.858512 -0.458859 -0.228923
    outer loop
      vertex 4.33013 2.5 33.99
      vertex 11.6572 5.74871 0
      vertex 4.48436 2.21144 33.99
    endloop
  endfacet
  facet normal -0.948019 -0.221029 -0.228924
    outer loop
      vertex 12.5548 3.36404 0
      vertex 12.7479 2.53581 0
      vertex 4.82963 1.2941 33.99
    endloop
  endfacet
  facet normal 0.401762 0.886669 -0.228922
    outer loop
      vertex -2.21144 -4.48436 33.99
      vertex -4.97407 -12.0082 0
      vertex -5.74871 -11.6572 0
    endloop
  endfacet
  facet normal -0.221029 0.948019 -0.228924
    outer loop
      vertex 3.36404 -12.5548 0
      vertex 2.53581 -12.7479 0
      vertex 1.2941 -4.82963 33.99
    endloop
  endfacet
  facet normal -0.458884 0.858499 -0.228923
    outer loop
      vertex 6.49882 -11.2563 0
      vertex 5.7488 -11.6572 0
      vertex 2.5 -4.33013 33.99
    endloop
  endfacet
  facet normal 0 0.977545 -0.210725
    outer loop
      vertex 5.74871 -11.6572 0
      vertex 2.5 -4.33013 33.99
      vertex 5.7488 -11.6572 0
    endloop
  endfacet
  facet normal -0.458859 0.858512 -0.228923
    outer loop
      vertex 2.5 -4.33013 33.99
      vertex 5.74871 -11.6572 0
      vertex 2.21144 -4.48436 33.99
    endloop
  endfacet
  facet normal -0.72469 0.652221 -0.222333
    outer loop
      vertex 7.22102 -10.8072 0
      vertex 2.77785 -4.15735 33.99
      vertex 7.22111 -10.8071 0
    endloop
  endfacet
  facet normal -0.514049 0.826649 -0.228923
    outer loop
      vertex 2.77785 -4.15735 33.99
      vertex 7.22102 -10.8072 0
      vertex 2.5 -4.33013 33.99
    endloop
  endfacet
  facet normal -0.66544 0.710481 -0.228923
    outer loop
      vertex 9.19072 -9.19072 0
      vertex 8.57001 -9.77208 0
      vertex 3.53553 -3.53553 33.99
    endloop
  endfacet
  facet normal -0.791296 0.566961 -0.228923
    outer loop
      vertex 10.8071 -7.22111 0
      vertex 10.3118 -7.91239 0
      vertex 4.15735 -2.77785 33.99
    endloop
  endfacet
  facet normal -0.710468 0.665454 -0.228923
    outer loop
      vertex 9.77215 -8.56994 0
      vertex 3.53553 -3.53553 33.99
      vertex 3.7592 -3.29673 33.99
    endloop
  endfacet
  facet normal -0.688435 0.688435 -0.228284
    outer loop
      vertex 3.53553 -3.53553 33.99
      vertex 9.77215 -8.56994 0
      vertex 9.77208 -8.57001 0
    endloop
  endfacet
  facet normal -0.886665 0.401769 -0.228924
    outer loop
      vertex 12.0083 -4.97398 0
      vertex 4.48436 -2.21144 33.99
      vertex 4.6194 -1.91342 33.99
    endloop
  endfacet
  facet normal -0.654883 0.727647 -0.204103
    outer loop
      vertex 4.48436 -2.21144 33.99
      vertex 12.0083 -4.97398 0
      vertex 12.0082 -4.97407 0
    endloop
  endfacet
  facet normal -0.931526 0.282582 -0.228924
    outer loop
      vertex 12.5548 -3.36404 0
      vertex 4.73465 -1.6072 33.99
      vertex 4.82963 -1.2941 33.99
    endloop
  endfacet
  facet normal -0.656925 0.729917 -0.188867
    outer loop
      vertex 4.73465 -1.6072 33.99
      vertex 12.5548 -3.36404 0
      vertex 12.5547 -3.36413 0
    endloop
  endfacet
  facet normal -0.948019 0.221029 -0.228924
    outer loop
      vertex 12.7479 -2.53581 0
      vertex 12.5548 -3.36404 0
      vertex 4.82963 -1.2941 33.99
    endloop
  endfacet
  facet normal -0.972925 0.0318207 -0.228922
    outer loop
      vertex 12.9976 0 0
      vertex 12.9698 -0.84999 0
      vertex 5 0 33.99
    endloop
  endfacet
  facet normal 0.752496 -0.61753 -0.228923
    outer loop
      vertex -9.77221 8.56987 0
      vertex -3.96677 3.04381 33.99
      vertex -10.3117 7.91247 0
    endloop
  endfacet
  facet normal 0.66544 -0.710481 -0.228923
    outer loop
      vertex -8.57001 9.77208 0
      vertex -3.53553 3.53553 33.99
      vertex -9.19072 9.19072 0
    endloop
  endfacet
  facet normal 0.221029 -0.948019 -0.228924
    outer loop
      vertex -2.53581 12.7479 0
      vertex -1.2941 4.82963 33.99
      vertex -3.36404 12.5548 0
    endloop
  endfacet
  facet normal 0.342929 -0.91104 -0.228924
    outer loop
      vertex -4.17796 12.3079 0
      vertex -1.6072 4.73465 33.99
      vertex -4.97389 12.0083 0
    endloop
  endfacet
  facet normal 0.727647 -0.654883 -0.204103
    outer loop
      vertex -4.97398 12.0083 0
      vertex -2.21144 4.48436 33.99
      vertex -4.97407 12.0082 0
    endloop
  endfacet
  facet normal 0.401769 -0.886665 -0.228924
    outer loop
      vertex -2.21144 4.48436 33.99
      vertex -4.97398 12.0083 0
      vertex -1.91342 4.6194 33.99
    endloop
  endfacet
  facet normal 0.458884 -0.858499 -0.228923
    outer loop
      vertex -5.7488 11.6572 0
      vertex -2.5 4.33013 33.99
      vertex -6.49882 11.2563 0
    endloop
  endfacet
  facet normal 0.566961 -0.791296 -0.228923
    outer loop
      vertex -7.22111 10.8071 0
      vertex -2.77785 4.15735 33.99
      vertex -7.91239 10.3118 0
    endloop
  endfacet
  facet normal -0.221029 -0.948019 -0.228924
    outer loop
      vertex 2.53581 12.7479 0
      vertex 3.36404 12.5548 0
      vertex 1.2941 4.82963 33.99
    endloop
  endfacet
  facet normal -0.031864 -0.972923 -0.228923
    outer loop
      vertex 0.84999 12.9698 0
      vertex 0.327015 4.98929 33.99
      vertex 0 5 33.99
    endloop
  endfacet
  facet normal 0 -0.973526 -0.228574
    outer loop
      vertex 0.327015 4.98929 33.99
      vertex 0.84999 12.9698 0
      vertex 0.850086 12.9698 0
    endloop
  endfacet
  facet normal 0.911055 0.342888 -0.228923
    outer loop
      vertex -4.6194 -1.91342 33.99
      vertex -12.0083 -4.97389 0
      vertex -4.73465 -1.6072 33.99
    endloop
  endfacet
  facet normal 0.977178 0 -0.212423
    outer loop
      vertex -12.0083 -4.97389 0
      vertex -4.6194 -1.91342 33.99
      vertex -12.0083 -4.97398 0
    endloop
  endfacet
  facet normal 0.609004 -0.761255 -0.222724
    outer loop
      vertex -3.96677 3.04381 33.99
      vertex -10.3118 7.91239 0
      vertex -10.3117 7.91247 0
    endloop
  endfacet
  facet normal 0.791267 -0.567001 -0.228923
    outer loop
      vertex -10.3118 7.91239 0
      vertex -3.96677 3.04381 33.99
      vertex -4.15735 2.77785 33.99
    endloop
  endfacet
  facet normal 0.886669 -0.401762 -0.228922
    outer loop
      vertex -11.6572 5.74871 0
      vertex -4.48436 2.21144 33.99
      vertex -12.0082 4.97407 0
    endloop
  endfacet
  facet normal 0.97439 0 -0.224863
    outer loop
      vertex -4.90393 0.975451 33.99
      vertex -12.7479 2.53562 0
      vertex -12.7479 2.53571 0
    endloop
  endfacet
  facet normal 0.960446 -0.158547 -0.228922
    outer loop
      vertex -12.7479 2.53562 0
      vertex -4.90393 0.975451 33.99
      vertex -4.95722 0.652631 33.99
    endloop
  endfacet
  facet normal 0.960449 -0.158531 -0.228922
    outer loop
      vertex -12.7479 2.53562 0
      vertex -4.95722 0.652631 33.99
      vertex -12.8864 1.69653 0
    endloop
  endfacet
  facet normal 0.948019 -0.221029 -0.228924
    outer loop
      vertex -12.5548 3.36404 0
      vertex -4.82963 1.2941 33.99
      vertex -12.7479 2.53581 0
    endloop
  endfacet
  facet normal 0.61753 0.752496 -0.228923
    outer loop
      vertex -3.04381 -3.96677 33.99
      vertex -7.91247 -10.3117 0
      vertex -8.56987 -9.77221 0
    endloop
  endfacet
  facet normal 0.566961 0.791296 -0.228923
    outer loop
      vertex -2.77785 -4.15735 33.99
      vertex -7.22111 -10.8071 0
      vertex -7.91239 -10.3118 0
    endloop
  endfacet
  facet normal -0.458884 -0.858499 -0.228923
    outer loop
      vertex 5.7488 11.6572 0
      vertex 6.49882 11.2563 0
      vertex 2.5 4.33013 33.99
    endloop
  endfacet
  facet normal -0.401762 -0.886669 -0.228922
    outer loop
      vertex 4.97407 12.0082 0
      vertex 5.74871 11.6572 0
      vertex 2.21144 4.48436 33.99
    endloop
  endfacet
  facet normal -0.342929 -0.91104 -0.228924
    outer loop
      vertex 4.17796 12.3079 0
      vertex 4.97389 12.0083 0
      vertex 1.6072 4.73465 33.99
    endloop
  endfacet
  facet normal -0.458859 -0.858512 -0.228923
    outer loop
      vertex 5.74871 11.6572 0
      vertex 2.5 4.33013 33.99
      vertex 2.21144 4.48436 33.99
    endloop
  endfacet
  facet normal 0 -0.977545 -0.210725
    outer loop
      vertex 2.5 4.33013 33.99
      vertex 5.74871 11.6572 0
      vertex 5.7488 11.6572 0
    endloop
  endfacet
  facet normal -0.566961 -0.791296 -0.228923
    outer loop
      vertex 7.22111 10.8071 0
      vertex 7.91239 10.3118 0
      vertex 2.77785 4.15735 33.99
    endloop
  endfacet
  facet normal -0.617554 -0.752477 -0.228923
    outer loop
      vertex 8.56987 9.77221 0
      vertex 3.29673 3.7592 33.99
      vertex 3.04381 3.96677 33.99
    endloop
  endfacet
  facet normal -0.633494 -0.739076 -0.229025
    outer loop
      vertex 3.29673 3.7592 33.99
      vertex 8.56987 9.77221 0
      vertex 8.56994 9.77215 0
    endloop
  endfacet
  facet normal -0.739076 -0.633494 -0.229025
    outer loop
      vertex 9.77221 8.56987 0
      vertex 3.7592 3.29673 33.99
      vertex 9.77215 8.56994 0
    endloop
  endfacet
  facet normal -0.752477 -0.617554 -0.228923
    outer loop
      vertex 3.7592 3.29673 33.99
      vertex 9.77221 8.56987 0
      vertex 3.96677 3.04381 33.99
    endloop
  endfacet
  facet normal -0.710481 -0.66544 -0.228923
    outer loop
      vertex 9.19072 9.19072 0
      vertex 9.77208 8.57001 0
      vertex 3.53553 3.53553 33.99
    endloop
  endfacet
  facet normal -0.91104 -0.342929 -0.228924
    outer loop
      vertex 12.0083 4.97389 0
      vertex 12.3079 4.17796 0
      vertex 4.73465 1.6072 33.99
    endloop
  endfacet
  facet normal -0.826648 -0.514051 -0.228923
    outer loop
      vertex 10.8072 7.22102 0
      vertex 11.2563 6.49882 0
      vertex 4.33013 2.5 33.99
    endloop
  endfacet
  facet normal -0.858499 -0.458884 -0.228923
    outer loop
      vertex 11.2563 6.49882 0
      vertex 11.6572 5.7488 0
      vertex 4.33013 2.5 33.99
    endloop
  endfacet
  facet normal -0.652221 -0.72469 -0.222333
    outer loop
      vertex 10.8072 7.22102 0
      vertex 4.15735 2.77785 33.99
      vertex 10.8071 7.22111 0
    endloop
  endfacet
  facet normal -0.826649 -0.514049 -0.228923
    outer loop
      vertex 4.15735 2.77785 33.99
      vertex 10.8072 7.22102 0
      vertex 4.33013 2.5 33.99
    endloop
  endfacet
  facet normal -0.654883 -0.727647 -0.204103
    outer loop
      vertex 12.0083 4.97398 0
      vertex 4.48436 2.21144 33.99
      vertex 12.0082 4.97407 0
    endloop
  endfacet
  facet normal -0.886665 -0.401769 -0.228924
    outer loop
      vertex 4.48436 2.21144 33.99
      vertex 12.0083 4.97398 0
      vertex 4.6194 1.91342 33.99
    endloop
  endfacet
  facet normal -0.886669 -0.401762 -0.228922
    outer loop
      vertex 11.6572 5.74871 0
      vertex 12.0082 4.97407 0
      vertex 4.48436 2.21144 33.99
    endloop
  endfacet
  facet normal -0.973322 0 -0.229444
    outer loop
      vertex 12.9698 0.850086 0
      vertex 4.95722 0.652631 33.99
      vertex 12.9698 0.850182 0
    endloop
  endfacet
  facet normal -0.968757 -0.0954131 -0.228923
    outer loop
      vertex 4.95722 0.652631 33.99
      vertex 12.9698 0.850086 0
      vertex 4.98929 0.327015 33.99
    endloop
  endfacet
  facet normal -0.656925 -0.729917 -0.188867
    outer loop
      vertex 12.5548 3.36404 0
      vertex 4.73465 1.6072 33.99
      vertex 12.5547 3.36413 0
    endloop
  endfacet
  facet normal -0.931526 -0.282582 -0.228924
    outer loop
      vertex 4.73465 1.6072 33.99
      vertex 12.5548 3.36404 0
      vertex 4.82963 1.2941 33.99
    endloop
  endfacet
  facet normal -0.97439 0 -0.224863
    outer loop
      vertex 12.7479 2.53562 0
      vertex 4.90393 0.975451 33.99
      vertex 12.7479 2.53571 0
    endloop
  endfacet
  facet normal -0.960446 -0.158547 -0.228922
    outer loop
      vertex 4.90393 0.975451 33.99
      vertex 12.7479 2.53562 0
      vertex 4.95722 0.652631 33.99
    endloop
  endfacet
  facet normal -0.973922 0 -0.226884
    outer loop
      vertex 12.7479 2.53571 0
      vertex 4.82963 1.2941 33.99
      vertex 12.7479 2.53581 0
    endloop
  endfacet
  facet normal -0.948014 -0.22105 -0.228923
    outer loop
      vertex 4.82963 1.2941 33.99
      vertex 12.7479 2.53571 0
      vertex 4.90393 0.975451 33.99
    endloop
  endfacet
  facet normal -0.158531 0.960449 -0.228922
    outer loop
      vertex 2.53562 -12.7479 0
      vertex 1.69653 -12.8864 0
      vertex 0.652631 -4.95722 33.99
    endloop
  endfacet
  facet normal -0.0954619 0.968753 -0.228922
    outer loop
      vertex 1.69653 -12.8864 0
      vertex 0.850182 -12.9698 0
      vertex 0.652631 -4.95722 33.99
    endloop
  endfacet
  facet normal 0.0318207 0.972925 -0.228922
    outer loop
      vertex 0 -5 33.99
      vertex 0 -12.9976 0
      vertex -0.84999 -12.9698 0
    endloop
  endfacet
  facet normal 0.342929 0.91104 -0.228924
    outer loop
      vertex -1.6072 -4.73465 33.99
      vertex -4.17796 -12.3079 0
      vertex -4.97389 -12.0083 0
    endloop
  endfacet
  facet normal 0.458884 0.858499 -0.228923
    outer loop
      vertex -2.5 -4.33013 33.99
      vertex -5.7488 -11.6572 0
      vertex -6.49882 -11.2563 0
    endloop
  endfacet
  facet normal 0 0.973922 -0.226884
    outer loop
      vertex 2.53571 -12.7479 0
      vertex 1.2941 -4.82963 33.99
      vertex 2.53581 -12.7479 0
    endloop
  endfacet
  facet normal -0.22105 0.948014 -0.228923
    outer loop
      vertex 1.2941 -4.82963 33.99
      vertex 2.53571 -12.7479 0
      vertex 0.975451 -4.90393 33.99
    endloop
  endfacet
  facet normal -0.401762 0.886669 -0.228922
    outer loop
      vertex 5.74871 -11.6572 0
      vertex 4.97407 -12.0082 0
      vertex 2.21144 -4.48436 33.99
    endloop
  endfacet
  facet normal -0.566961 0.791296 -0.228923
    outer loop
      vertex 7.91239 -10.3118 0
      vertex 7.22111 -10.8071 0
      vertex 2.77785 -4.15735 33.99
    endloop
  endfacet
  facet normal -0.858512 0.458859 -0.228923
    outer loop
      vertex 11.6572 -5.74871 0
      vertex 4.33013 -2.5 33.99
      vertex 4.48436 -2.21144 33.99
    endloop
  endfacet
  facet normal -0.977545 0 -0.210725
    outer loop
      vertex 4.33013 -2.5 33.99
      vertex 11.6572 -5.74871 0
      vertex 11.6572 -5.7488 0
    endloop
  endfacet
  facet normal -0.931551 0.2825 -0.228924
    outer loop
      vertex 12.5547 -3.36413 0
      vertex 12.3079 -4.17796 0
      vertex 4.73465 -1.6072 33.99
    endloop
  endfacet
  facet normal -0.948014 0.22105 -0.228923
    outer loop
      vertex 12.7479 -2.53571 0
      vertex 4.82963 -1.2941 33.99
      vertex 4.90393 -0.975451 33.99
    endloop
  endfacet
  facet normal -0.973922 0 -0.226884
    outer loop
      vertex 4.82963 -1.2941 33.99
      vertex 12.7479 -2.53571 0
      vertex 12.7479 -2.53581 0
    endloop
  endfacet
  facet normal -0 -0.977178 -0.212423
    outer loop
      vertex -4.97389 12.0083 0
      vertex -1.91342 4.6194 33.99
      vertex -4.97398 12.0083 0
    endloop
  endfacet
  facet normal 0.342888 -0.911055 -0.228923
    outer loop
      vertex -1.91342 4.6194 33.99
      vertex -4.97389 12.0083 0
      vertex -1.6072 4.73465 33.99
    endloop
  endfacet
  facet normal 0.401762 -0.886669 -0.228922
    outer loop
      vertex -4.97407 12.0082 0
      vertex -2.21144 4.48436 33.99
      vertex -5.74871 11.6572 0
    endloop
  endfacet
  facet normal -0 -0.977545 -0.210725
    outer loop
      vertex -5.74871 11.6572 0
      vertex -2.5 4.33013 33.99
      vertex -5.7488 11.6572 0
    endloop
  endfacet
  facet normal 0.458859 -0.858512 -0.228923
    outer loop
      vertex -2.5 4.33013 33.99
      vertex -5.74871 11.6572 0
      vertex -2.21144 4.48436 33.99
    endloop
  endfacet
  facet normal 0.514051 -0.826648 -0.228923
    outer loop
      vertex -6.49882 11.2563 0
      vertex -2.5 4.33013 33.99
      vertex -7.22102 10.8072 0
    endloop
  endfacet
  facet normal 0.61753 -0.752496 -0.228923
    outer loop
      vertex -7.91247 10.3117 0
      vertex -3.04381 3.96677 33.99
      vertex -8.56987 9.77221 0
    endloop
  endfacet
  facet normal 0.0954619 -0.968753 -0.228922
    outer loop
      vertex -0.850182 12.9698 0
      vertex -0.652631 4.95722 33.99
      vertex -1.69653 12.8864 0
    endloop
  endfacet
  facet normal 0.158531 -0.960449 -0.228922
    outer loop
      vertex -1.69653 12.8864 0
      vertex -0.652631 4.95722 33.99
      vertex -2.53562 12.7479 0
    endloop
  endfacet
  facet normal 0.0318207 -0.972925 -0.228922
    outer loop
      vertex 0 12.9976 0
      vertex 0 5 33.99
      vertex -0.84999 12.9698 0
    endloop
  endfacet
  facet normal -0.0954619 -0.968753 -0.228922
    outer loop
      vertex 0.850182 12.9698 0
      vertex 1.69653 12.8864 0
      vertex 0.652631 4.95722 33.99
    endloop
  endfacet
  facet normal -0.22105 -0.948014 -0.228923
    outer loop
      vertex 2.53571 12.7479 0
      vertex 1.2941 4.82963 33.99
      vertex 0.975451 4.90393 33.99
    endloop
  endfacet
  facet normal 0 -0.973922 -0.226884
    outer loop
      vertex 1.2941 4.82963 33.99
      vertex 2.53571 12.7479 0
      vertex 2.53581 12.7479 0
    endloop
  endfacet
  facet normal 0.791296 0.566961 -0.228923
    outer loop
      vertex -4.15735 -2.77785 33.99
      vertex -10.3118 -7.91239 0
      vertex -10.8071 -7.22111 0
    endloop
  endfacet
  facet normal 0.960449 0.158531 -0.228922
    outer loop
      vertex -4.95722 -0.652631 33.99
      vertex -12.7479 -2.53562 0
      vertex -12.8864 -1.69653 0
    endloop
  endfacet
  facet normal 0.739076 -0.633494 -0.229025
    outer loop
      vertex -3.7592 3.29673 33.99
      vertex -9.77221 8.56987 0
      vertex -9.77215 8.56994 0
    endloop
  endfacet
  facet normal 0.752477 -0.617554 -0.228923
    outer loop
      vertex -9.77221 8.56987 0
      vertex -3.7592 3.29673 33.99
      vertex -3.96677 3.04381 33.99
    endloop
  endfacet
  facet normal 0.654883 -0.727647 -0.204103
    outer loop
      vertex -4.48436 2.21144 33.99
      vertex -12.0083 4.97398 0
      vertex -12.0082 4.97407 0
    endloop
  endfacet
  facet normal 0.886665 -0.401769 -0.228924
    outer loop
      vertex -12.0083 4.97398 0
      vertex -4.48436 2.21144 33.99
      vertex -4.6194 1.91342 33.99
    endloop
  endfacet
  facet normal 0.977545 0 -0.210725
    outer loop
      vertex -4.33013 2.5 33.99
      vertex -11.6572 5.74871 0
      vertex -11.6572 5.7488 0
    endloop
  endfacet
  facet normal 0.858512 -0.458859 -0.228923
    outer loop
      vertex -11.6572 5.74871 0
      vertex -4.33013 2.5 33.99
      vertex -4.48436 2.21144 33.99
    endloop
  endfacet
  facet normal 0 0 -1
    outer loop
      vertex 4.98929 -0.327015 33.99
      vertex 4.98929 0.327015 33.99
      vertex 5 0 33.99
    endloop
  endfacet
  facet normal 0 0 -1
    outer loop
      vertex 4.95722 -0.652631 33.99
      vertex 4.98929 0.327015 33.99
      vertex 4.98929 -0.327015 33.99
    endloop
  endfacet
  facet normal 0 0 -1
    outer loop
      vertex 4.95722 -0.652631 33.99
      vertex 4.95722 0.652631 33.99
      vertex 4.98929 0.327015 33.99
    endloop
  endfacet
  facet normal 0 0 -1
    outer loop
      vertex 4.90393 -0.975451 33.99
      vertex 4.95722 0.652631 33.99
      vertex 4.95722 -0.652631 33.99
    endloop
  endfacet
  facet normal 0 0 -1
    outer loop
      vertex 4.90393 -0.975451 33.99
      vertex 4.90393 0.975451 33.99
      vertex 4.95722 0.652631 33.99
    endloop
  endfacet
  facet normal 0 0 -1
    outer loop
      vertex 4.82963 -1.2941 33.99
      vertex 4.90393 0.975451 33.99
      vertex 4.90393 -0.975451 33.99
    endloop
  endfacet
  facet normal 0 0 -1
    outer loop
      vertex 4.82963 -1.2941 33.99
      vertex 4.82963 1.2941 33.99
      vertex 4.90393 0.975451 33.99
    endloop
  endfacet
  facet normal 0 0 -1
    outer loop
      vertex 4.73465 -1.6072 33.99
      vertex 4.82963 1.2941 33.99
      vertex 4.82963 -1.2941 33.99
    endloop
  endfacet
  facet normal 0 0 -1
    outer loop
      vertex 4.73465 -1.6072 33.99
      vertex 4.73465 1.6072 33.99
      vertex 4.82963 1.2941 33.99
    endloop
  endfacet
  facet normal 0 0 -1
    outer loop
      vertex 4.6194 -1.91342 33.99
      vertex 4.73465 1.6072 33.99
      vertex 4.73465 -1.6072 33.99
    endloop
  endfacet
  facet normal 0 0 -1
    outer loop
      vertex 4.6194 -1.91342 33.99
      vertex 4.6194 1.91342 33.99
      vertex 4.73465 1.6072 33.99
    endloop
  endfacet
  facet normal 0 0 -1
    outer loop
      vertex 4.48436 -2.21144 33.99
      vertex 4.6194 1.91342 33.99
      vertex 4.6194 -1.91342 33.99
    endloop
  endfacet
  facet normal 0 0 -1
    outer loop
      vertex 4.48436 -2.21144 33.99
      vertex 4.48436 2.21144 33.99
      vertex 4.6194 1.91342 33.99
    endloop
  endfacet
  facet normal 0 0 -1
    outer loop
      vertex 4.33013 -2.5 33.99
      vertex 4.48436 2.21144 33.99
      vertex 4.48436 -2.21144 33.99
    endloop
  endfacet
  facet normal 0 0 -1
    outer loop
      vertex 4.33013 -2.5 33.99
      vertex 4.33013 2.5 33.99
      vertex 4.48436 2.21144 33.99
    endloop
  endfacet
  facet normal 0 0 -1
    outer loop
      vertex 4.15735 -2.77785 33.99
      vertex 4.33013 2.5 33.99
      vertex 4.33013 -2.5 33.99
    endloop
  endfacet
  facet normal 0 0 -1
    outer loop
      vertex 4.15735 -2.77785 33.99
      vertex 4.15735 2.77785 33.99
      vertex 4.33013 2.5 33.99
    endloop
  endfacet
  facet normal 0 0 -1
    outer loop
      vertex 3.96677 -3.04381 33.99
      vertex 4.15735 2.77785 33.99
      vertex 4.15735 -2.77785 33.99
    endloop
  endfacet
  facet normal 0 0 -1
    outer loop
      vertex 3.96677 -3.04381 33.99
      vertex 3.96677 3.04381 33.99
      vertex 4.15735 2.77785 33.99
    endloop
  endfacet
  facet normal 0 0 -1
    outer loop
      vertex 3.7592 -3.29673 33.99
      vertex 3.96677 3.04381 33.99
      vertex 3.96677 -3.04381 33.99
    endloop
  endfacet
  facet normal 0 0 -1
    outer loop
      vertex 3.7592 -3.29673 33.99
      vertex 3.7592 3.29673 33.99
      vertex 3.96677 3.04381 33.99
    endloop
  endfacet
  facet normal 0 0 -1
    outer loop
      vertex 3.53553 -3.53553 33.99
      vertex 3.7592 3.29673 33.99
      vertex 3.7592 -3.29673 33.99
    endloop
  endfacet
  facet normal 0 0 -1
    outer loop
      vertex 3.53553 -3.53553 33.99
      vertex 3.53553 3.53553 33.99
      vertex 3.7592 3.29673 33.99
    endloop
  endfacet
  facet normal 0 0 -1
    outer loop
      vertex 3.29673 -3.7592 33.99
      vertex 3.53553 3.53553 33.99
      vertex 3.53553 -3.53553 33.99
    endloop
  endfacet
  facet normal 0 0 -1
    outer loop
      vertex 3.29673 -3.7592 33.99
      vertex 3.29673 3.7592 33.99
      vertex 3.53553 3.53553 33.99
    endloop
  endfacet
  facet normal 0 0 -1
    outer loop
      vertex 3.04381 -3.96677 33.99
      vertex 3.29673 3.7592 33.99
      vertex 3.29673 -3.7592 33.99
    endloop
  endfacet
  facet normal 0 0 -1
    outer loop
      vertex 3.04381 -3.96677 33.99
      vertex 3.04381 3.96677 33.99
      vertex 3.29673 3.7592 33.99
    endloop
  endfacet
  facet normal 0 0 -1
    outer loop
      vertex 2.77785 -4.15735 33.99
      vertex 3.04381 3.96677 33.99
      vertex 3.04381 -3.96677 33.99
    endloop
  endfacet
  facet normal 0 0 -1
    outer loop
      vertex 2.77785 -4.15735 33.99
      vertex 2.77785 4.15735 33.99
      vertex 3.04381 3.96677 33.99
    endloop
  endfacet
  facet normal 0 0 -1
    outer loop
      vertex 2.5 -4.33013 33.99
      vertex 2.77785 4.15735 33.99
      vertex 2.77785 -4.15735 33.99
    endloop
  endfacet
  facet normal 0 0 -1
    outer loop
      vertex 2.5 -4.33013 33.99
      vertex 2.5 4.33013 33.99
      vertex 2.77785 4.15735 33.99
    endloop
  endfacet
  facet normal 0 0 -1
    outer loop
      vertex 2.21144 -4.48436 33.99
      vertex 2.5 4.33013 33.99
      vertex 2.5 -4.33013 33.99
    endloop
  endfacet
  facet normal 0 0 -1
    outer loop
      vertex 2.21144 -4.48436 33.99
      vertex 2.21144 4.48436 33.99
      vertex 2.5 4.33013 33.99
    endloop
  endfacet
  facet normal 0 0 -1
    outer loop
      vertex 1.91342 -4.6194 33.99
      vertex 2.21144 4.48436 33.99
      vertex 2.21144 -4.48436 33.99
    endloop
  endfacet
  facet normal 0 0 -1
    outer loop
      vertex 1.91342 -4.6194 33.99
      vertex 1.91342 4.6194 33.99
      vertex 2.21144 4.48436 33.99
    endloop
  endfacet
  facet normal 0 0 -1
    outer loop
      vertex 1.6072 -4.73465 33.99
      vertex 1.91342 4.6194 33.99
      vertex 1.91342 -4.6194 33.99
    endloop
  endfacet
  facet normal 0 0 -1
    outer loop
      vertex 1.6072 -4.73465 33.99
      vertex 1.6072 4.73465 33.99
      vertex 1.91342 4.6194 33.99
    endloop
  endfacet
  facet normal 0 0 -1
    outer loop
      vertex 1.2941 -4.82963 33.99
      vertex 1.6072 4.73465 33.99
      vertex 1.6072 -4.73465 33.99
    endloop
  endfacet
  facet normal 0 0 -1
    outer loop
      vertex 1.2941 -4.82963 33.99
      vertex 1.2941 4.82963 33.99
      vertex 1.6072 4.73465 33.99
    endloop
  endfacet
  facet normal 0 0 -1
    outer loop
      vertex 0.975451 -4.90393 33.99
      vertex 1.2941 4.82963 33.99
      vertex 1.2941 -4.82963 33.99
    endloop
  endfacet
  facet normal 0 0 -1
    outer loop
      vertex 0.975451 -4.90393 33.99
      vertex 0.975451 4.90393 33.99
      vertex 1.2941 4.82963 33.99
    endloop
  endfacet
  facet normal 0 0 -1
    outer loop
      vertex 0.652631 -4.95722 33.99
      vertex 0.975451 4.90393 33.99
      vertex 0.975451 -4.90393 33.99
    endloop
  endfacet
  facet normal 0 0 -1
    outer loop
      vertex 0.652631 -4.95722 33.99
      vertex 0.652631 4.95722 33.99
      vertex 0.975451 4.90393 33.99
    endloop
  endfacet
  facet normal 0 0 -1
    outer loop
      vertex 0.327015 -4.98929 33.99
      vertex 0.652631 4.95722 33.99
      vertex 0.652631 -4.95722 33.99
    endloop
  endfacet
  facet normal 0 0 -1
    outer loop
      vertex 0.327015 -4.98929 33.99
      vertex 0.327015 4.98929 33.99
      vertex 0.652631 4.95722 33.99
    endloop
  endfacet
  facet normal 0 0 -1
    outer loop
      vertex 0 -5 33.99
      vertex 0.327015 4.98929 33.99
      vertex 0.327015 -4.98929 33.99
    endloop
  endfacet
  facet normal 0 0 -1
    outer loop
      vertex 0 -5 33.99
      vertex 0 5 33.99
      vertex 0.327015 4.98929 33.99
    endloop
  endfacet
  facet normal 0 0 -1
    outer loop
      vertex -0.327015 -4.98929 33.99
      vertex 0 5 33.99
      vertex 0 -5 33.99
    endloop
  endfacet
  facet normal 0 0 -1
    outer loop
      vertex -0.327015 -4.98929 33.99
      vertex -0.327015 4.98929 33.99
      vertex 0 5 33.99
    endloop
  endfacet
  facet normal 0 0 -1
    outer loop
      vertex -0.652631 -4.95722 33.99
      vertex -0.327015 4.98929 33.99
      vertex -0.327015 -4.98929 33.99
    endloop
  endfacet
  facet normal 0 0 -1
    outer loop
      vertex -0.652631 -4.95722 33.99
      vertex -0.652631 4.95722 33.99
      vertex -0.327015 4.98929 33.99
    endloop
  endfacet
  facet normal 0 0 -1
    outer loop
      vertex -0.975451 -4.90393 33.99
      vertex -0.652631 4.95722 33.99
      vertex -0.652631 -4.95722 33.99
    endloop
  endfacet
  facet normal 0 0 -1
    outer loop
      vertex -0.975451 -4.90393 33.99
      vertex -0.975451 4.90393 33.99
      vertex -0.652631 4.95722 33.99
    endloop
  endfacet
  facet normal 0 0 -1
    outer loop
      vertex -1.2941 -4.82963 33.99
      vertex -0.975451 4.90393 33.99
      vertex -0.975451 -4.90393 33.99
    endloop
  endfacet
  facet normal 0 0 -1
    outer loop
      vertex -1.2941 -4.82963 33.99
      vertex -1.2941 4.82963 33.99
      vertex -0.975451 4.90393 33.99
    endloop
  endfacet
  facet normal 0 0 -1
    outer loop
      vertex -1.6072 -4.73465 33.99
      vertex -1.2941 4.82963 33.99
      vertex -1.2941 -4.82963 33.99
    endloop
  endfacet
  facet normal 0 0 -1
    outer loop
      vertex -1.6072 -4.73465 33.99
      vertex -1.6072 4.73465 33.99
      vertex -1.2941 4.82963 33.99
    endloop
  endfacet
  facet normal 0 0 -1
    outer loop
      vertex -1.91342 -4.6194 33.99
      vertex -1.6072 4.73465 33.99
      vertex -1.6072 -4.73465 33.99
    endloop
  endfacet
  facet normal 0 0 -1
    outer loop
      vertex -1.91342 -4.6194 33.99
      vertex -1.91342 4.6194 33.99
      vertex -1.6072 4.73465 33.99
    endloop
  endfacet
  facet normal 0 0 -1
    outer loop
      vertex -2.21144 -4.48436 33.99
      vertex -1.91342 4.6194 33.99
      vertex -1.91342 -4.6194 33.99
    endloop
  endfacet
  facet normal 0 0 -1
    outer loop
      vertex -2.21144 -4.48436 33.99
      vertex -2.21144 4.48436 33.99
      vertex -1.91342 4.6194 33.99
    endloop
  endfacet
  facet normal 0 0 -1
    outer loop
      vertex -2.5 -4.33013 33.99
      vertex -2.21144 4.48436 33.99
      vertex -2.21144 -4.48436 33.99
    endloop
  endfacet
  facet normal 0 0 -1
    outer loop
      vertex -2.5 -4.33013 33.99
      vertex -2.5 4.33013 33.99
      vertex -2.21144 4.48436 33.99
    endloop
  endfacet
  facet normal 0 0 -1
    outer loop
      vertex -2.77785 -4.15735 33.99
      vertex -2.5 4.33013 33.99
      vertex -2.5 -4.33013 33.99
    endloop
  endfacet
  facet normal 0 0 -1
    outer loop
      vertex -2.77785 -4.15735 33.99
      vertex -2.77785 4.15735 33.99
      vertex -2.5 4.33013 33.99
    endloop
  endfacet
  facet normal 0 0 -1
    outer loop
      vertex -3.04381 -3.96677 33.99
      vertex -2.77785 4.15735 33.99
      vertex -2.77785 -4.15735 33.99
    endloop
  endfacet
  facet normal 0 0 -1
    outer loop
      vertex -3.04381 -3.96677 33.99
      vertex -3.04381 3.96677 33.99
      vertex -2.77785 4.15735 33.99
    endloop
  endfacet
  facet normal 0 0 -1
    outer loop
      vertex -3.29673 -3.7592 33.99
      vertex -3.04381 3.96677 33.99
      vertex -3.04381 -3.96677 33.99
    endloop
  endfacet
  facet normal 0 0 -1
    outer loop
      vertex -3.29673 -3.7592 33.99
      vertex -3.29673 3.7592 33.99
      vertex -3.04381 3.96677 33.99
    endloop
  endfacet
  facet normal 0 0 -1
    outer loop
      vertex -3.53553 -3.53553 33.99
      vertex -3.29673 3.7592 33.99
      vertex -3.29673 -3.7592 33.99
    endloop
  endfacet
  facet normal 0 0 -1
    outer loop
      vertex -3.53553 -3.53553 33.99
      vertex -3.53553 3.53553 33.99
      vertex -3.29673 3.7592 33.99
    endloop
  endfacet
  facet normal 0 0 -1
    outer loop
      vertex -3.7592 -3.29673 33.99
      vertex -3.53553 3.53553 33.99
      vertex -3.53553 -3.53553 33.99
    endloop
  endfacet
  facet normal 0 0 -1
    outer loop
      vertex -3.7592 -3.29673 33.99
      vertex -3.7592 3.29673 33.99
      vertex -3.53553 3.53553 33.99
    endloop
  endfacet
  facet normal 0 0 -1
    outer loop
      vertex -3.96677 -3.04381 33.99
      vertex -3.7592 3.29673 33.99
      vertex -3.7592 -3.29673 33.99
    endloop
  endfacet
  facet normal 0 0 -1
    outer loop
      vertex -3.96677 -3.04381 33.99
      vertex -3.96677 3.04381 33.99
      vertex -3.7592 3.29673 33.99
    endloop
  endfacet
  facet normal 0 0 -1
    outer loop
      vertex -4.15735 -2.77785 33.99
      vertex -3.96677 3.04381 33.99
      vertex -3.96677 -3.04381 33.99
    endloop
  endfacet
  facet normal 0 0 -1
    outer loop
      vertex -4.15735 -2.77785 33.99
      vertex -4.15735 2.77785 33.99
      vertex -3.96677 3.04381 33.99
    endloop
  endfacet
  facet normal 0 0 -1
    outer loop
      vertex -4.33013 -2.5 33.99
      vertex -4.15735 2.77785 33.99
      vertex -4.15735 -2.77785 33.99
    endloop
  endfacet
  facet normal 0 0 -1
    outer loop
      vertex -4.33013 -2.5 33.99
      vertex -4.33013 2.5 33.99
      vertex -4.15735 2.77785 33.99
    endloop
  endfacet
  facet normal 0 0 -1
    outer loop
      vertex -4.48436 -2.21144 33.99
      vertex -4.33013 2.5 33.99
      vertex -4.33013 -2.5 33.99
    endloop
  endfacet
  facet normal 0 0 -1
    outer loop
      vertex -4.48436 -2.21144 33.99
      vertex -4.48436 2.21144 33.99
      vertex -4.33013 2.5 33.99
    endloop
  endfacet
  facet normal 0 0 -1
    outer loop
      vertex -4.6194 -1.91342 33.99
      vertex -4.48436 2.21144 33.99
      vertex -4.48436 -2.21144 33.99
    endloop
  endfacet
  facet normal 0 0 -1
    outer loop
      vertex -4.6194 -1.91342 33.99
      vertex -4.6194 1.91342 33.99
      vertex -4.48436 2.21144 33.99
    endloop
  endfacet
  facet normal 0 0 -1
    outer loop
      vertex -4.73465 -1.6072 33.99
      vertex -4.6194 1.91342 33.99
      vertex -4.6194 -1.91342 33.99
    endloop
  endfacet
  facet normal 0 0 -1
    outer loop
      vertex -4.73465 -1.6072 33.99
      vertex -4.73465 1.6072 33.99
      vertex -4.6194 1.91342 33.99
    endloop
  endfacet
  facet normal 0 0 -1
    outer loop
      vertex -4.82963 -1.2941 33.99
      vertex -4.73465 1.6072 33.99
      vertex -4.73465 -1.6072 33.99
    endloop
  endfacet
  facet normal 0 0 -1
    outer loop
      vertex -4.82963 -1.2941 33.99
      vertex -4.82963 1.2941 33.99
      vertex -4.73465 1.6072 33.99
    endloop
  endfacet
  facet normal 0 0 -1
    outer loop
      vertex -4.90393 -0.975451 33.99
      vertex -4.82963 1.2941 33.99
      vertex -4.82963 -1.2941 33.99
    endloop
  endfacet
  facet normal 0 0 -1
    outer loop
      vertex -4.90393 -0.975451 33.99
      vertex -4.90393 0.975451 33.99
      vertex -4.82963 1.2941 33.99
    endloop
  endfacet
  facet normal 0 0 -1
    outer loop
      vertex -4.95722 -0.652631 33.99
      vertex -4.90393 0.975451 33.99
      vertex -4.90393 -0.975451 33.99
    endloop
  endfacet
  facet normal 0 0 -1
    outer loop
      vertex -4.95722 -0.652631 33.99
      vertex -4.95722 0.652631 33.99
      vertex -4.90393 0.975451 33.99
    endloop
  endfacet
  facet normal 0 0 -1
    outer loop
      vertex -4.98929 -0.327015 33.99
      vertex -4.95722 0.652631 33.99
      vertex -4.95722 -0.652631 33.99
    endloop
  endfacet
  facet normal 0 0 -1
    outer loop
      vertex -4.98929 -0.327015 33.99
      vertex -4.98929 0.327015 33.99
      vertex -4.95722 0.652631 33.99
    endloop
  endfacet
  facet normal 0 -0 -1
    outer loop
      vertex -4.98929 0.327015 33.99
      vertex -4.98929 -0.327015 33.99
      vertex -5 0 33.99
    endloop
  endfacet
  facet normal 0.973322 0 -0.229444
    outer loop
      vertex -4.95722 0.652631 33.99
      vertex -12.9698 0.850086 0
      vertex -12.9698 0.850182 0
    endloop
  endfacet
  facet normal 0.968757 -0.0954131 -0.228923
    outer loop
      vertex -12.9698 0.850086 0
      vertex -4.95722 0.652631 33.99
      vertex -4.98929 0.327015 33.99
    endloop
  endfacet
  facet normal 0.91104 -0.342929 -0.228924
    outer loop
      vertex -12.0083 4.97389 0
      vertex -4.73465 1.6072 33.99
      vertex -12.3079 4.17796 0
    endloop
  endfacet
  facet normal 0.656925 -0.729917 -0.188867
    outer loop
      vertex -4.73465 1.6072 33.99
      vertex -12.5548 3.36404 0
      vertex -12.5547 3.36413 0
    endloop
  endfacet
  facet normal 0.931526 -0.282582 -0.228924
    outer loop
      vertex -12.5548 3.36404 0
      vertex -4.73465 1.6072 33.99
      vertex -4.82963 1.2941 33.99
    endloop
  endfacet
  facet normal 0.665454 0.710468 -0.228923
    outer loop
      vertex -8.56994 -9.77215 0
      vertex -3.53553 -3.53553 33.99
      vertex -3.29673 -3.7592 33.99
    endloop
  endfacet
  facet normal 0.688435 0.688435 -0.228284
    outer loop
      vertex -3.53553 -3.53553 33.99
      vertex -8.56994 -9.77215 0
      vertex -8.57001 -9.77208 0
    endloop
  endfacet
  facet normal 0.514049 0.826649 -0.228923
    outer loop
      vertex -7.22102 -10.8072 0
      vertex -2.77785 -4.15735 33.99
      vertex -2.5 -4.33013 33.99
    endloop
  endfacet
  facet normal 0.72469 0.652221 -0.222333
    outer loop
      vertex -2.77785 -4.15735 33.99
      vertex -7.22102 -10.8072 0
      vertex -7.22111 -10.8071 0
    endloop
  endfacet
  facet normal -0.514049 -0.826649 -0.228923
    outer loop
      vertex 7.22102 10.8072 0
      vertex 2.77785 4.15735 33.99
      vertex 2.5 4.33013 33.99
    endloop
  endfacet
  facet normal -0.72469 -0.652221 -0.222333
    outer loop
      vertex 2.77785 4.15735 33.99
      vertex 7.22102 10.8072 0
      vertex 7.22111 10.8071 0
    endloop
  endfacet
  facet normal -0.401769 -0.886665 -0.228924
    outer loop
      vertex 4.97398 12.0083 0
      vertex 2.21144 4.48436 33.99
      vertex 1.91342 4.6194 33.99
    endloop
  endfacet
  facet normal -0.727647 -0.654883 -0.204103
    outer loop
      vertex 2.21144 4.48436 33.99
      vertex 4.97398 12.0083 0
      vertex 4.97407 12.0082 0
    endloop
  endfacet
  facet normal -0.342888 -0.911055 -0.228923
    outer loop
      vertex 4.97389 12.0083 0
      vertex 1.91342 4.6194 33.99
      vertex 1.6072 4.73465 33.99
    endloop
  endfacet
  facet normal 0 -0.977178 -0.212423
    outer loop
      vertex 1.91342 4.6194 33.99
      vertex 4.97389 12.0083 0
      vertex 4.97398 12.0083 0
    endloop
  endfacet
  facet normal -0.665454 -0.710468 -0.228923
    outer loop
      vertex 8.56994 9.77215 0
      vertex 3.53553 3.53553 33.99
      vertex 3.29673 3.7592 33.99
    endloop
  endfacet
  facet normal -0.688435 -0.688435 -0.228284
    outer loop
      vertex 3.53553 3.53553 33.99
      vertex 8.56994 9.77215 0
      vertex 8.57001 9.77208 0
    endloop
  endfacet
  facet normal -0.977178 0 -0.212423
    outer loop
      vertex 12.0083 4.97389 0
      vertex 4.6194 1.91342 33.99
      vertex 12.0083 4.97398 0
    endloop
  endfacet
  facet normal -0.911055 -0.342888 -0.228923
    outer loop
      vertex 4.6194 1.91342 33.99
      vertex 12.0083 4.97389 0
      vertex 4.73465 1.6072 33.99
    endloop
  endfacet
  facet normal -0.973526 0 -0.228574
    outer loop
      vertex 12.9698 0.84999 0
      vertex 4.98929 0.327015 33.99
      vertex 12.9698 0.850086 0
    endloop
  endfacet
  facet normal -0.972923 -0.031864 -0.228923
    outer loop
      vertex 4.98929 0.327015 33.99
      vertex 12.9698 0.84999 0
      vertex 5 0 33.99
    endloop
  endfacet
  facet normal 0 0.973526 -0.228574
    outer loop
      vertex 0.84999 -12.9698 0
      vertex 0.327015 -4.98929 33.99
      vertex 0.850086 -12.9698 0
    endloop
  endfacet
  facet normal -0.031864 0.972923 -0.228923
    outer loop
      vertex 0.327015 -4.98929 33.99
      vertex 0.84999 -12.9698 0
      vertex 0 -5 33.99
    endloop
  endfacet
  facet normal -0.0318207 0.972925 -0.228922
    outer loop
      vertex 0 -5 33.99
      vertex 0.84999 -12.9698 0
      vertex 0 -12.9976 0
    endloop
  endfacet
  facet normal 0.158547 0.960446 -0.228922
    outer loop
      vertex -2.53562 -12.7479 0
      vertex -0.975451 -4.90393 33.99
      vertex -0.652631 -4.95722 33.99
    endloop
  endfacet
  facet normal 0 0.97439 -0.224863
    outer loop
      vertex -0.975451 -4.90393 33.99
      vertex -2.53562 -12.7479 0
      vertex -2.53571 -12.7479 0
    endloop
  endfacet
  facet normal 0.514051 0.826648 -0.228923
    outer loop
      vertex -2.5 -4.33013 33.99
      vertex -6.49882 -11.2563 0
      vertex -7.22102 -10.8072 0
    endloop
  endfacet
  facet normal 0.458859 0.858512 -0.228923
    outer loop
      vertex -5.74871 -11.6572 0
      vertex -2.5 -4.33013 33.99
      vertex -2.21144 -4.48436 33.99
    endloop
  endfacet
  facet normal 0 0.977545 -0.210725
    outer loop
      vertex -2.5 -4.33013 33.99
      vertex -5.74871 -11.6572 0
      vertex -5.7488 -11.6572 0
    endloop
  endfacet
  facet normal 0.282582 0.931526 -0.228924
    outer loop
      vertex -3.36404 -12.5548 0
      vertex -1.6072 -4.73465 33.99
      vertex -1.2941 -4.82963 33.99
    endloop
  endfacet
  facet normal 0.729917 0.656925 -0.188867
    outer loop
      vertex -1.6072 -4.73465 33.99
      vertex -3.36404 -12.5548 0
      vertex -3.36413 -12.5547 0
    endloop
  endfacet
  facet normal 0.221029 0.948019 -0.228924
    outer loop
      vertex -1.2941 -4.82963 33.99
      vertex -2.53581 -12.7479 0
      vertex -3.36404 -12.5548 0
    endloop
  endfacet
  facet normal -0.2825 0.931551 -0.228924
    outer loop
      vertex 4.17796 -12.3079 0
      vertex 3.36413 -12.5547 0
      vertex 1.6072 -4.73465 33.99
    endloop
  endfacet
  facet normal -0.342929 0.91104 -0.228924
    outer loop
      vertex 4.97389 -12.0083 0
      vertex 4.17796 -12.3079 0
      vertex 1.6072 -4.73465 33.99
    endloop
  endfacet
  facet normal -0.752496 0.61753 -0.228923
    outer loop
      vertex 10.3117 -7.91247 0
      vertex 9.77221 -8.56987 0
      vertex 3.96677 -3.04381 33.99
    endloop
  endfacet
  facet normal -0.710481 0.66544 -0.228923
    outer loop
      vertex 9.77208 -8.57001 0
      vertex 9.19072 -9.19072 0
      vertex 3.53553 -3.53553 33.99
    endloop
  endfacet
  facet normal -0.791267 0.567001 -0.228923
    outer loop
      vertex 10.3118 -7.91239 0
      vertex 3.96677 -3.04381 33.99
      vertex 4.15735 -2.77785 33.99
    endloop
  endfacet
  facet normal -0.609004 0.761255 -0.222724
    outer loop
      vertex 3.96677 -3.04381 33.99
      vertex 10.3118 -7.91239 0
      vertex 10.3117 -7.91247 0
    endloop
  endfacet
  facet normal -0.514051 0.826648 -0.228923
    outer loop
      vertex 7.22102 -10.8072 0
      vertex 6.49882 -11.2563 0
      vertex 2.5 -4.33013 33.99
    endloop
  endfacet
  facet normal -0.761255 0.609004 -0.222724
    outer loop
      vertex 7.91239 -10.3118 0
      vertex 3.04381 -3.96677 33.99
      vertex 7.91247 -10.3117 0
    endloop
  endfacet
  facet normal -0.567001 0.791267 -0.228923
    outer loop
      vertex 3.04381 -3.96677 33.99
      vertex 7.91239 -10.3118 0
      vertex 2.77785 -4.15735 33.99
    endloop
  endfacet
  facet normal -0.727647 0.654883 -0.204103
    outer loop
      vertex 4.97398 -12.0083 0
      vertex 2.21144 -4.48436 33.99
      vertex 4.97407 -12.0082 0
    endloop
  endfacet
  facet normal -0.401769 0.886665 -0.228924
    outer loop
      vertex 2.21144 -4.48436 33.99
      vertex 4.97398 -12.0083 0
      vertex 1.91342 -4.6194 33.99
    endloop
  endfacet
  facet normal -0.61753 0.752496 -0.228923
    outer loop
      vertex 8.56987 -9.77221 0
      vertex 7.91247 -10.3117 0
      vertex 3.04381 -3.96677 33.99
    endloop
  endfacet
  facet normal -0.826649 0.514049 -0.228923
    outer loop
      vertex 10.8072 -7.22102 0
      vertex 4.15735 -2.77785 33.99
      vertex 4.33013 -2.5 33.99
    endloop
  endfacet
  facet normal -0.652221 0.72469 -0.222333
    outer loop
      vertex 4.15735 -2.77785 33.99
      vertex 10.8072 -7.22102 0
      vertex 10.8071 -7.22111 0
    endloop
  endfacet
  facet normal -0.826648 0.514051 -0.228923
    outer loop
      vertex 11.2563 -6.49882 0
      vertex 10.8072 -7.22102 0
      vertex 4.33013 -2.5 33.99
    endloop
  endfacet
  facet normal -0.911055 0.342888 -0.228923
    outer loop
      vertex 12.0083 -4.97389 0
      vertex 4.6194 -1.91342 33.99
      vertex 4.73465 -1.6072 33.99
    endloop
  endfacet
  facet normal -0.977178 0 -0.212423
    outer loop
      vertex 4.6194 -1.91342 33.99
      vertex 12.0083 -4.97389 0
      vertex 12.0083 -4.97398 0
    endloop
  endfacet
  facet normal -0.968753 0.0954619 -0.228922
    outer loop
      vertex 12.9698 -0.850182 0
      vertex 12.8864 -1.69653 0
      vertex 4.95722 -0.652631 33.99
    endloop
  endfacet
  facet normal 0.729917 -0.656925 -0.188867
    outer loop
      vertex -3.36404 12.5548 0
      vertex -1.6072 4.73465 33.99
      vertex -3.36413 12.5547 0
    endloop
  endfacet
  facet normal 0.282582 -0.931526 -0.228924
    outer loop
      vertex -1.6072 4.73465 33.99
      vertex -3.36404 12.5548 0
      vertex -1.2941 4.82963 33.99
    endloop
  endfacet
  facet normal 0.2825 -0.931551 -0.228924
    outer loop
      vertex -3.36413 12.5547 0
      vertex -1.6072 4.73465 33.99
      vertex -4.17796 12.3079 0
    endloop
  endfacet
  facet normal 0.633494 -0.739076 -0.229025
    outer loop
      vertex -8.56987 9.77221 0
      vertex -3.29673 3.7592 33.99
      vertex -8.56994 9.77215 0
    endloop
  endfacet
  facet normal 0.617554 -0.752477 -0.228923
    outer loop
      vertex -3.29673 3.7592 33.99
      vertex -8.56987 9.77221 0
      vertex -3.04381 3.96677 33.99
    endloop
  endfacet
  facet normal 0.688435 -0.688435 -0.228284
    outer loop
      vertex -8.56994 9.77215 0
      vertex -3.53553 3.53553 33.99
      vertex -8.57001 9.77208 0
    endloop
  endfacet
  facet normal 0.665454 -0.710468 -0.228923
    outer loop
      vertex -3.53553 3.53553 33.99
      vertex -8.56994 9.77215 0
      vertex -3.29673 3.7592 33.99
    endloop
  endfacet
  facet normal -0 -0.973922 -0.226884
    outer loop
      vertex -2.53571 12.7479 0
      vertex -1.2941 4.82963 33.99
      vertex -2.53581 12.7479 0
    endloop
  endfacet
  facet normal 0.22105 -0.948014 -0.228923
    outer loop
      vertex -1.2941 4.82963 33.99
      vertex -2.53571 12.7479 0
      vertex -0.975451 4.90393 33.99
    endloop
  endfacet
  facet normal -0 -0.973526 -0.228574
    outer loop
      vertex -0.84999 12.9698 0
      vertex -0.327015 4.98929 33.99
      vertex -0.850086 12.9698 0
    endloop
  endfacet
  facet normal 0.031864 -0.972923 -0.228923
    outer loop
      vertex -0.327015 4.98929 33.99
      vertex -0.84999 12.9698 0
      vertex 0 5 33.99
    endloop
  endfacet
  facet normal -0 -0.973322 -0.229444
    outer loop
      vertex -0.850086 12.9698 0
      vertex -0.652631 4.95722 33.99
      vertex -0.850182 12.9698 0
    endloop
  endfacet
  facet normal 0.0954131 -0.968757 -0.228923
    outer loop
      vertex -0.652631 4.95722 33.99
      vertex -0.850086 12.9698 0
      vertex -0.327015 4.98929 33.99
    endloop
  endfacet
  facet normal -0.0954131 -0.968757 -0.228923
    outer loop
      vertex 0.850086 12.9698 0
      vertex 0.652631 4.95722 33.99
      vertex 0.327015 4.98929 33.99
    endloop
  endfacet
  facet normal 0 -0.973322 -0.229444
    outer loop
      vertex 0.652631 4.95722 33.99
      vertex 0.850086 12.9698 0
      vertex 0.850182 12.9698 0
    endloop
  endfacet
  facet normal -0.158531 -0.960449 -0.228922
    outer loop
      vertex 1.69653 12.8864 0
      vertex 2.53562 12.7479 0
      vertex 0.652631 4.95722 33.99
    endloop
  endfacet
  facet normal -0.158547 -0.960446 -0.228922
    outer loop
      vertex 2.53562 12.7479 0
      vertex 0.975451 4.90393 33.99
      vertex 0.652631 4.95722 33.99
    endloop
  endfacet
  facet normal 0 -0.97439 -0.224863
    outer loop
      vertex 0.975451 4.90393 33.99
      vertex 2.53562 12.7479 0
      vertex 2.53571 12.7479 0
    endloop
  endfacet
  facet normal 0.858512 0.458859 -0.228923
    outer loop
      vertex -4.33013 -2.5 33.99
      vertex -11.6572 -5.74871 0
      vertex -4.48436 -2.21144 33.99
    endloop
  endfacet
  facet normal 0.977545 0 -0.210725
    outer loop
      vertex -11.6572 -5.74871 0
      vertex -4.33013 -2.5 33.99
      vertex -11.6572 -5.7488 0
    endloop
  endfacet
  facet normal 0.791267 0.567001 -0.228923
    outer loop
      vertex -3.96677 -3.04381 33.99
      vertex -10.3118 -7.91239 0
      vertex -4.15735 -2.77785 33.99
    endloop
  endfacet
  facet normal 0.609004 0.761255 -0.222724
    outer loop
      vertex -10.3118 -7.91239 0
      vertex -3.96677 -3.04381 33.99
      vertex -10.3117 -7.91247 0
    endloop
  endfacet
  facet normal 0.752496 0.61753 -0.228923
    outer loop
      vertex -3.96677 -3.04381 33.99
      vertex -9.77221 -8.56987 0
      vertex -10.3117 -7.91247 0
    endloop
  endfacet
  facet normal 0.710481 0.66544 -0.228923
    outer loop
      vertex -3.53553 -3.53553 33.99
      vertex -9.19072 -9.19072 0
      vertex -9.77208 -8.57001 0
    endloop
  endfacet
  facet normal 0.931551 0.2825 -0.228924
    outer loop
      vertex -4.73465 -1.6072 33.99
      vertex -12.3079 -4.17796 0
      vertex -12.5547 -3.36413 0
    endloop
  endfacet
  facet normal 0.91104 0.342929 -0.228924
    outer loop
      vertex -4.73465 -1.6072 33.99
      vertex -12.0083 -4.97389 0
      vertex -12.3079 -4.17796 0
    endloop
  endfacet
  facet normal 0.968753 0.0954619 -0.228922
    outer loop
      vertex -4.95722 -0.652631 33.99
      vertex -12.8864 -1.69653 0
      vertex -12.9698 -0.850182 0
    endloop
  endfacet
  facet normal 0.960446 0.158547 -0.228922
    outer loop
      vertex -4.90393 -0.975451 33.99
      vertex -12.7479 -2.53562 0
      vertex -4.95722 -0.652631 33.99
    endloop
  endfacet
  facet normal 0.97439 0 -0.224863
    outer loop
      vertex -12.7479 -2.53562 0
      vertex -4.90393 -0.975451 33.99
      vertex -12.7479 -2.53571 0
    endloop
  endfacet
  facet normal 0.652221 -0.72469 -0.222333
    outer loop
      vertex -4.15735 2.77785 33.99
      vertex -10.8072 7.22102 0
      vertex -10.8071 7.22111 0
    endloop
  endfacet
  facet normal 0.826649 -0.514049 -0.228923
    outer loop
      vertex -10.8072 7.22102 0
      vertex -4.15735 2.77785 33.99
      vertex -4.33013 2.5 33.99
    endloop
  endfacet
  facet normal 0.826648 -0.514051 -0.228923
    outer loop
      vertex -10.8072 7.22102 0
      vertex -4.33013 2.5 33.99
      vertex -11.2563 6.49882 0
    endloop
  endfacet
  facet normal 0.931551 -0.2825 -0.228924
    outer loop
      vertex -12.3079 4.17796 0
      vertex -4.73465 1.6072 33.99
      vertex -12.5547 3.36413 0
    endloop
  endfacet
  facet normal 0.973922 0 -0.226884
    outer loop
      vertex -4.82963 1.2941 33.99
      vertex -12.7479 2.53571 0
      vertex -12.7479 2.53581 0
    endloop
  endfacet
  facet normal 0.948014 -0.22105 -0.228923
    outer loop
      vertex -12.7479 2.53571 0
      vertex -4.82963 1.2941 33.99
      vertex -4.90393 0.975451 33.99
    endloop
  endfacet
  facet normal 0.567001 0.791267 -0.228923
    outer loop
      vertex -7.91239 -10.3118 0
      vertex -3.04381 -3.96677 33.99
      vertex -2.77785 -4.15735 33.99
    endloop
  endfacet
  facet normal 0.761255 0.609004 -0.222724
    outer loop
      vertex -3.04381 -3.96677 33.99
      vertex -7.91239 -10.3118 0
      vertex -7.91247 -10.3117 0
    endloop
  endfacet
  facet normal 0 0.973322 -0.229444
    outer loop
      vertex 0.850086 -12.9698 0
      vertex 0.652631 -4.95722 33.99
      vertex 0.850182 -12.9698 0
    endloop
  endfacet
  facet normal -0.0954131 0.968757 -0.228923
    outer loop
      vertex 0.652631 -4.95722 33.99
      vertex 0.850086 -12.9698 0
      vertex 0.327015 -4.98929 33.99
    endloop
  endfacet
  facet normal 0.158531 0.960449 -0.228922
    outer loop
      vertex -0.652631 -4.95722 33.99
      vertex -1.69653 -12.8864 0
      vertex -2.53562 -12.7479 0
    endloop
  endfacet
  facet normal 0.0954619 0.968753 -0.228922
    outer loop
      vertex -0.652631 -4.95722 33.99
      vertex -0.850182 -12.9698 0
      vertex -1.69653 -12.8864 0
    endloop
  endfacet
  facet normal 0.401769 0.886665 -0.228924
    outer loop
      vertex -4.97398 -12.0083 0
      vertex -2.21144 -4.48436 33.99
      vertex -1.91342 -4.6194 33.99
    endloop
  endfacet
  facet normal 0.727647 0.654883 -0.204103
    outer loop
      vertex -2.21144 -4.48436 33.99
      vertex -4.97398 -12.0083 0
      vertex -4.97407 -12.0082 0
    endloop
  endfacet
  facet normal 0.342888 0.911055 -0.228923
    outer loop
      vertex -4.97389 -12.0083 0
      vertex -1.91342 -4.6194 33.99
      vertex -1.6072 -4.73465 33.99
    endloop
  endfacet
  facet normal 0 0.977178 -0.212423
    outer loop
      vertex -1.91342 -4.6194 33.99
      vertex -4.97389 -12.0083 0
      vertex -4.97398 -12.0083 0
    endloop
  endfacet
  facet normal 0.2825 0.931551 -0.228924
    outer loop
      vertex -1.6072 -4.73465 33.99
      vertex -3.36413 -12.5547 0
      vertex -4.17796 -12.3079 0
    endloop
  endfacet
  facet normal 0.22105 0.948014 -0.228923
    outer loop
      vertex -2.53571 -12.7479 0
      vertex -1.2941 -4.82963 33.99
      vertex -0.975451 -4.90393 33.99
    endloop
  endfacet
  facet normal 0 0.973922 -0.226884
    outer loop
      vertex -1.2941 -4.82963 33.99
      vertex -2.53571 -12.7479 0
      vertex -2.53581 -12.7479 0
    endloop
  endfacet
  facet normal -0.729917 0.656925 -0.188867
    outer loop
      vertex 3.36404 -12.5548 0
      vertex 1.6072 -4.73465 33.99
      vertex 3.36413 -12.5547 0
    endloop
  endfacet
  facet normal -0.282582 0.931526 -0.228924
    outer loop
      vertex 1.6072 -4.73465 33.99
      vertex 3.36404 -12.5548 0
      vertex 1.2941 -4.82963 33.99
    endloop
  endfacet
  facet normal -0.752477 0.617554 -0.228923
    outer loop
      vertex 9.77221 -8.56987 0
      vertex 3.7592 -3.29673 33.99
      vertex 3.96677 -3.04381 33.99
    endloop
  endfacet
  facet normal -0.739076 0.633494 -0.229025
    outer loop
      vertex 3.7592 -3.29673 33.99
      vertex 9.77221 -8.56987 0
      vertex 9.77215 -8.56994 0
    endloop
  endfacet
  facet normal -0.633494 0.739076 -0.229025
    outer loop
      vertex 8.56987 -9.77221 0
      vertex 3.29673 -3.7592 33.99
      vertex 8.56994 -9.77215 0
    endloop
  endfacet
  facet normal -0.617554 0.752477 -0.228923
    outer loop
      vertex 3.29673 -3.7592 33.99
      vertex 8.56987 -9.77221 0
      vertex 3.04381 -3.96677 33.99
    endloop
  endfacet
  facet normal -0.688435 0.688435 -0.228284
    outer loop
      vertex 8.56994 -9.77215 0
      vertex 3.53553 -3.53553 33.99
      vertex 8.57001 -9.77208 0
    endloop
  endfacet
  facet normal -0.665454 0.710468 -0.228923
    outer loop
      vertex 3.53553 -3.53553 33.99
      vertex 8.56994 -9.77215 0
      vertex 3.29673 -3.7592 33.99
    endloop
  endfacet
  facet normal -0.960446 0.158547 -0.228922
    outer loop
      vertex 12.7479 -2.53562 0
      vertex 4.90393 -0.975451 33.99
      vertex 4.95722 -0.652631 33.99
    endloop
  endfacet
  facet normal -0.97439 0 -0.224863
    outer loop
      vertex 4.90393 -0.975451 33.99
      vertex 12.7479 -2.53562 0
      vertex 12.7479 -2.53571 0
    endloop
  endfacet
  facet normal -0.968757 0.0954131 -0.228923
    outer loop
      vertex 12.9698 -0.850086 0
      vertex 4.95722 -0.652631 33.99
      vertex 4.98929 -0.327015 33.99
    endloop
  endfacet
  facet normal -0.973322 0 -0.229444
    outer loop
      vertex 4.95722 -0.652631 33.99
      vertex 12.9698 -0.850086 0
      vertex 12.9698 -0.850182 0
    endloop
  endfacet
  facet normal -0.972923 0.031864 -0.228923
    outer loop
      vertex 12.9698 -0.84999 0
      vertex 4.98929 -0.327015 33.99
      vertex 5 0 33.99
    endloop
  endfacet
  facet normal -0.973526 0 -0.228574
    outer loop
      vertex 4.98929 -0.327015 33.99
      vertex 12.9698 -0.84999 0
      vertex 12.9698 -0.850086 0
    endloop
  endfacet
  facet normal 0.826649 0.514049 -0.228923
    outer loop
      vertex -4.15735 -2.77785 33.99
      vertex -10.8072 -7.22102 0
      vertex -4.33013 -2.5 33.99
    endloop
  endfacet
  facet normal 0.652221 0.72469 -0.222333
    outer loop
      vertex -10.8072 -7.22102 0
      vertex -4.15735 -2.77785 33.99
      vertex -10.8071 -7.22111 0
    endloop
  endfacet
  facet normal 0.752477 0.617554 -0.228923
    outer loop
      vertex -3.7592 -3.29673 33.99
      vertex -9.77221 -8.56987 0
      vertex -3.96677 -3.04381 33.99
    endloop
  endfacet
  facet normal 0.739076 0.633494 -0.229025
    outer loop
      vertex -9.77221 -8.56987 0
      vertex -3.7592 -3.29673 33.99
      vertex -9.77215 -8.56994 0
    endloop
  endfacet
  facet normal 0.710468 0.665454 -0.228923
    outer loop
      vertex -3.53553 -3.53553 33.99
      vertex -9.77215 -8.56994 0
      vertex -3.7592 -3.29673 33.99
    endloop
  endfacet
  facet normal 0.688435 0.688435 -0.228284
    outer loop
      vertex -9.77215 -8.56994 0
      vertex -3.53553 -3.53553 33.99
      vertex -9.77208 -8.57001 0
    endloop
  endfacet
  facet normal 0.931526 0.282582 -0.228924
    outer loop
      vertex -4.73465 -1.6072 33.99
      vertex -12.5548 -3.36404 0
      vertex -4.82963 -1.2941 33.99
    endloop
  endfacet
  facet normal 0.656925 0.729917 -0.188867
    outer loop
      vertex -12.5548 -3.36404 0
      vertex -4.73465 -1.6072 33.99
      vertex -12.5547 -3.36413 0
    endloop
  endfacet
  facet normal 0.972925 0.0318207 -0.228922
    outer loop
      vertex -5 0 33.99
      vertex -12.9698 -0.84999 0
      vertex -12.9976 0 0
    endloop
  endfacet
  facet normal 0.617554 0.752477 -0.228923
    outer loop
      vertex -8.56987 -9.77221 0
      vertex -3.29673 -3.7592 33.99
      vertex -3.04381 -3.96677 33.99
    endloop
  endfacet
  facet normal 0.633494 0.739076 -0.229025
    outer loop
      vertex -3.29673 -3.7592 33.99
      vertex -8.56987 -9.77221 0
      vertex -8.56994 -9.77215 0
    endloop
  endfacet
  facet normal 0.0954131 0.968757 -0.228923
    outer loop
      vertex -0.850086 -12.9698 0
      vertex -0.652631 -4.95722 33.99
      vertex -0.327015 -4.98929 33.99
    endloop
  endfacet
  facet normal 0 0.973322 -0.229444
    outer loop
      vertex -0.652631 -4.95722 33.99
      vertex -0.850086 -12.9698 0
      vertex -0.850182 -12.9698 0
    endloop
  endfacet
  facet normal 0.031864 0.972923 -0.228923
    outer loop
      vertex -0.84999 -12.9698 0
      vertex -0.327015 -4.98929 33.99
      vertex 0 -5 33.99
    endloop
  endfacet
  facet normal 0 0.973526 -0.228574
    outer loop
      vertex -0.327015 -4.98929 33.99
      vertex -0.84999 -12.9698 0
      vertex -0.850086 -12.9698 0
    endloop
  endfacet
  facet normal 0.886665 0.401769 -0.228924
    outer loop
      vertex -4.48436 -2.21144 33.99
      vertex -12.0083 -4.97398 0
      vertex -4.6194 -1.91342 33.99
    endloop
  endfacet
  facet normal 0.654883 0.727647 -0.204103
    outer loop
      vertex -12.0083 -4.97398 0
      vertex -4.48436 -2.21144 33.99
      vertex -12.0082 -4.97407 0
    endloop
  endfacet
  facet normal 0.886669 0.401762 -0.228922
    outer loop
      vertex -4.48436 -2.21144 33.99
      vertex -11.6572 -5.74871 0
      vertex -12.0082 -4.97407 0
    endloop
  endfacet
  facet normal 0.826648 0.514051 -0.228923
    outer loop
      vertex -4.33013 -2.5 33.99
      vertex -10.8072 -7.22102 0
      vertex -11.2563 -6.49882 0
    endloop
  endfacet
  facet normal 0.858499 0.458884 -0.228923
    outer loop
      vertex -4.33013 -2.5 33.99
      vertex -11.2563 -6.49882 0
      vertex -11.6572 -5.7488 0
    endloop
  endfacet
  facet normal 0.948014 0.22105 -0.228923
    outer loop
      vertex -4.82963 -1.2941 33.99
      vertex -12.7479 -2.53571 0
      vertex -4.90393 -0.975451 33.99
    endloop
  endfacet
  facet normal 0.973922 0 -0.226884
    outer loop
      vertex -12.7479 -2.53571 0
      vertex -4.82963 -1.2941 33.99
      vertex -12.7479 -2.53581 0
    endloop
  endfacet
  facet normal 0.948019 0.221029 -0.228924
    outer loop
      vertex -4.82963 -1.2941 33.99
      vertex -12.5548 -3.36404 0
      vertex -12.7479 -2.53581 0
    endloop
  endfacet
  facet normal 0.972923 0.031864 -0.228923
    outer loop
      vertex -4.98929 -0.327015 33.99
      vertex -12.9698 -0.84999 0
      vertex -5 0 33.99
    endloop
  endfacet
  facet normal 0.973526 0 -0.228574
    outer loop
      vertex -12.9698 -0.84999 0
      vertex -4.98929 -0.327015 33.99
      vertex -12.9698 -0.850086 0
    endloop
  endfacet
  facet normal 0.968757 0.0954131 -0.228923
    outer loop
      vertex -4.95722 -0.652631 33.99
      vertex -12.9698 -0.850086 0
      vertex -4.98929 -0.327015 33.99
    endloop
  endfacet
  facet normal 0.973322 0 -0.229444
    outer loop
      vertex -12.9698 -0.850086 0
      vertex -4.95722 -0.652631 33.99
      vertex -12.9698 -0.850182 0
    endloop
  endfacet
  facet normal -0.999465 -0.0327149 0
    outer loop
      vertex 6.25 0 40
      vertex 6.23662 0.408769 60
      vertex 6.23662 0.408769 40
    endloop
  endfacet
  facet normal -0.999465 -0.0327149 0
    outer loop
      vertex 6.23662 0.408769 60
      vertex 6.25 0 40
      vertex 6.25 0 60
    endloop
  endfacet
  facet normal -0.72987 -0.683586 0
    outer loop
      vertex 4.699 4.12091 40
      vertex 4.41942 4.41942 60
      vertex 4.41942 4.41942 40
    endloop
  endfacet
  facet normal -0.72987 -0.683586 0
    outer loop
      vertex 4.41942 4.41942 60
      vertex 4.699 4.12091 40
      vertex 4.699 4.12091 60
    endloop
  endfacet
  facet normal 0.683586 -0.72987 0
    outer loop
      vertex -4.41942 4.41942 40
      vertex -4.12091 4.699 60
      vertex -4.41942 4.41942 60
    endloop
  endfacet
  facet normal 0.683586 -0.72987 0
    outer loop
      vertex -4.12091 4.699 60
      vertex -4.41942 4.41942 40
      vertex -4.12091 4.699 40
    endloop
  endfacet
  facet normal 0.352241 -0.935909 0
    outer loop
      vertex -2.39177 5.77425 40
      vertex -2.009 5.91831 60
      vertex -2.39177 5.77425 60
    endloop
  endfacet
  facet normal 0.352241 -0.935909 0
    outer loop
      vertex -2.009 5.91831 60
      vertex -2.39177 5.77425 40
      vertex -2.009 5.91831 40
    endloop
  endfacet
  facet normal -0.956936 -0.290299 0
    outer loop
      vertex 6.03704 1.61762 40
      vertex 5.91831 2.009 60
      vertex 5.91831 2.009 40
    endloop
  endfacet
  facet normal -0.956936 -0.290299 0
    outer loop
      vertex 5.91831 2.009 60
      vertex 6.03704 1.61762 40
      vertex 6.03704 1.61762 60
    endloop
  endfacet
  facet normal -0.412725 -0.910856 0
    outer loop
      vertex 2.39177 5.77425 40
      vertex 2.7643 5.60545 60
      vertex 2.39177 5.77425 60
    endloop
  endfacet
  facet normal -0.412725 -0.910856 -0
    outer loop
      vertex 2.7643 5.60545 60
      vertex 2.39177 5.77425 40
      vertex 2.7643 5.60545 40
    endloop
  endfacet
  facet normal -0.0980223 -0.995184 0
    outer loop
      vertex 0.408769 6.23662 40
      vertex 0.815788 6.19653 60
      vertex 0.408769 6.23662 60
    endloop
  endfacet
  facet normal -0.0980223 -0.995184 -0
    outer loop
      vertex 0.815788 6.19653 60
      vertex 0.408769 6.23662 40
      vertex 0.815788 6.19653 40
    endloop
  endfacet
  facet normal 0.849193 -0.528083 0
    outer loop
      vertex -5.41266 3.125 60
      vertex -5.19668 3.47231 40
      vertex -5.19668 3.47231 60
    endloop
  endfacet
  facet normal 0.849193 -0.528083 0
    outer loop
      vertex -5.19668 3.47231 40
      vertex -5.41266 3.125 60
      vertex -5.41266 3.125 40
    endloop
  endfacet
  facet normal 0.995184 -0.0980223 0
    outer loop
      vertex -6.23662 0.408769 60
      vertex -6.19653 0.815788 40
      vertex -6.19653 0.815788 60
    endloop
  endfacet
  facet normal 0.995184 -0.0980223 0
    outer loop
      vertex -6.19653 0.815788 40
      vertex -6.23662 0.408769 60
      vertex -6.23662 0.408769 40
    endloop
  endfacet
  facet normal -0.88193 0.471381 0
    outer loop
      vertex 5.41266 -3.125 40
      vertex 5.60545 -2.7643 60
      vertex 5.60545 -2.7643 40
    endloop
  endfacet
  facet normal -0.88193 0.471381 0
    outer loop
      vertex 5.60545 -2.7643 60
      vertex 5.41266 -3.125 40
      vertex 5.41266 -3.125 60
    endloop
  endfacet
  facet normal -0.22707 0.973879 0
    outer loop
      vertex 1.61762 -6.03704 40
      vertex 1.21931 -6.12991 60
      vertex 1.61762 -6.03704 60
    endloop
  endfacet
  facet normal -0.22707 0.973879 0
    outer loop
      vertex 1.21931 -6.12991 60
      vertex 1.61762 -6.03704 40
      vertex 1.21931 -6.12991 40
    endloop
  endfacet
  facet normal -0.683586 0.72987 0
    outer loop
      vertex 4.41942 -4.41942 40
      vertex 4.12091 -4.699 60
      vertex 4.41942 -4.41942 60
    endloop
  endfacet
  facet normal -0.683586 0.72987 0
    outer loop
      vertex 4.12091 -4.699 60
      vertex 4.41942 -4.41942 40
      vertex 4.12091 -4.699 40
    endloop
  endfacet
  facet normal -0.956936 0.290299 0
    outer loop
      vertex 5.91831 -2.009 40
      vertex 6.03704 -1.61762 60
      vertex 6.03704 -1.61762 40
    endloop
  endfacet
  facet normal -0.956936 0.290299 0
    outer loop
      vertex 6.03704 -1.61762 60
      vertex 5.91831 -2.009 40
      vertex 5.91831 -2.009 60
    endloop
  endfacet
  facet normal 0.352241 0.935909 -0
    outer loop
      vertex -2.009 -5.91831 40
      vertex -2.39177 -5.77425 60
      vertex -2.009 -5.91831 60
    endloop
  endfacet
  facet normal 0.352241 0.935909 0
    outer loop
      vertex -2.39177 -5.77425 60
      vertex -2.009 -5.91831 40
      vertex -2.39177 -5.77425 40
    endloop
  endfacet
  facet normal 0.849193 0.528083 0
    outer loop
      vertex -5.19668 -3.47231 60
      vertex -5.41266 -3.125 40
      vertex -5.41266 -3.125 60
    endloop
  endfacet
  facet normal 0.849193 0.528083 0
    outer loop
      vertex -5.41266 -3.125 40
      vertex -5.19668 -3.47231 60
      vertex -5.19668 -3.47231 40
    endloop
  endfacet
  facet normal -0.995184 -0.0980223 0
    outer loop
      vertex 6.23662 0.408769 40
      vertex 6.19653 0.815788 60
      vertex 6.19653 0.815788 40
    endloop
  endfacet
  facet normal -0.995184 -0.0980223 0
    outer loop
      vertex 6.19653 0.815788 60
      vertex 6.23662 0.408769 40
      vertex 6.23662 0.408769 60
    endloop
  endfacet
  facet normal -0.88193 -0.471381 0
    outer loop
      vertex 5.60545 2.7643 40
      vertex 5.41266 3.125 60
      vertex 5.41266 3.125 40
    endloop
  endfacet
  facet normal -0.88193 -0.471381 0
    outer loop
      vertex 5.41266 3.125 60
      vertex 5.60545 2.7643 40
      vertex 5.60545 2.7643 60
    endloop
  endfacet
  facet normal -0.773008 -0.634397 0
    outer loop
      vertex 4.95846 3.80476 40
      vertex 4.699 4.12091 60
      vertex 4.699 4.12091 40
    endloop
  endfacet
  facet normal -0.773008 -0.634397 0
    outer loop
      vertex 4.699 4.12091 60
      vertex 4.95846 3.80476 40
      vertex 4.95846 3.80476 60
    endloop
  endfacet
  facet normal -0.849193 -0.528083 0
    outer loop
      vertex 5.41266 3.125 40
      vertex 5.19668 3.47231 60
      vertex 5.19668 3.47231 40
    endloop
  endfacet
  facet normal -0.849193 -0.528083 0
    outer loop
      vertex 5.19668 3.47231 60
      vertex 5.41266 3.125 40
      vertex 5.41266 3.125 60
    endloop
  endfacet
  facet normal -0.22707 -0.973879 0
    outer loop
      vertex 1.21931 6.12991 40
      vertex 1.61762 6.03704 60
      vertex 1.21931 6.12991 60
    endloop
  endfacet
  facet normal -0.22707 -0.973879 -0
    outer loop
      vertex 1.61762 6.03704 60
      vertex 1.21931 6.12991 40
      vertex 1.61762 6.03704 40
    endloop
  endfacet
  facet normal -0.352241 -0.935909 0
    outer loop
      vertex 2.009 5.91831 40
      vertex 2.39177 5.77425 60
      vertex 2.009 5.91831 60
    endloop
  endfacet
  facet normal -0.352241 -0.935909 -0
    outer loop
      vertex 2.39177 5.77425 60
      vertex 2.009 5.91831 40
      vertex 2.39177 5.77425 40
    endloop
  endfacet
  facet normal -0.683586 -0.72987 0
    outer loop
      vertex 4.12091 4.699 40
      vertex 4.41942 4.41942 60
      vertex 4.12091 4.699 60
    endloop
  endfacet
  facet normal -0.683586 -0.72987 -0
    outer loop
      vertex 4.41942 4.41942 60
      vertex 4.12091 4.699 40
      vertex 4.41942 4.41942 40
    endloop
  endfacet
  facet normal -0.471381 -0.88193 0
    outer loop
      vertex 2.7643 5.60545 40
      vertex 3.125 5.41266 60
      vertex 2.7643 5.60545 60
    endloop
  endfacet
  facet normal -0.471381 -0.88193 -0
    outer loop
      vertex 3.125 5.41266 60
      vertex 2.7643 5.60545 40
      vertex 3.125 5.41266 40
    endloop
  endfacet
  facet normal 0.973879 -0.22707 0
    outer loop
      vertex -6.12991 1.21931 60
      vertex -6.03704 1.61762 40
      vertex -6.03704 1.61762 60
    endloop
  endfacet
  facet normal 0.973879 -0.22707 0
    outer loop
      vertex -6.03704 1.61762 40
      vertex -6.12991 1.21931 60
      vertex -6.12991 1.21931 40
    endloop
  endfacet
  facet normal 0.72987 -0.683586 0
    outer loop
      vertex -4.699 4.12091 60
      vertex -4.41942 4.41942 40
      vertex -4.41942 4.41942 60
    endloop
  endfacet
  facet normal 0.72987 -0.683586 0
    outer loop
      vertex -4.41942 4.41942 40
      vertex -4.699 4.12091 60
      vertex -4.699 4.12091 40
    endloop
  endfacet
  facet normal 0.910856 -0.412725 0
    outer loop
      vertex -5.77425 2.39177 60
      vertex -5.60545 2.7643 40
      vertex -5.60545 2.7643 60
    endloop
  endfacet
  facet normal 0.910856 -0.412725 0
    outer loop
      vertex -5.60545 2.7643 40
      vertex -5.77425 2.39177 60
      vertex -5.77425 2.39177 40
    endloop
  endfacet
  facet normal 0.935909 -0.352241 0
    outer loop
      vertex -5.91831 2.009 60
      vertex -5.77425 2.39177 40
      vertex -5.77425 2.39177 60
    endloop
  endfacet
  facet normal 0.935909 -0.352241 0
    outer loop
      vertex -5.77425 2.39177 40
      vertex -5.91831 2.009 60
      vertex -5.91831 2.009 40
    endloop
  endfacet
  facet normal 0.528083 -0.849193 0
    outer loop
      vertex -3.47231 5.19668 40
      vertex -3.125 5.41266 60
      vertex -3.47231 5.19668 60
    endloop
  endfacet
  facet normal 0.528083 -0.849193 0
    outer loop
      vertex -3.125 5.41266 60
      vertex -3.47231 5.19668 40
      vertex -3.125 5.41266 40
    endloop
  endfacet
  facet normal 0.412725 -0.910856 0
    outer loop
      vertex -2.7643 5.60545 40
      vertex -2.39177 5.77425 60
      vertex -2.7643 5.60545 60
    endloop
  endfacet
  facet normal 0.412725 -0.910856 0
    outer loop
      vertex -2.39177 5.77425 60
      vertex -2.7643 5.60545 40
      vertex -2.39177 5.77425 40
    endloop
  endfacet
  facet normal 0.634397 -0.773008 0
    outer loop
      vertex -4.12091 4.699 40
      vertex -3.80476 4.95846 60
      vertex -4.12091 4.699 60
    endloop
  endfacet
  facet normal 0.634397 -0.773008 0
    outer loop
      vertex -3.80476 4.95846 60
      vertex -4.12091 4.699 40
      vertex -3.80476 4.95846 40
    endloop
  endfacet
  facet normal 0.0980223 -0.995184 0
    outer loop
      vertex -0.815788 6.19653 40
      vertex -0.408769 6.23662 60
      vertex -0.815788 6.19653 60
    endloop
  endfacet
  facet normal 0.0980223 -0.995184 0
    outer loop
      vertex -0.408769 6.23662 60
      vertex -0.815788 6.19653 40
      vertex -0.408769 6.23662 40
    endloop
  endfacet
  facet normal 0.290299 -0.956936 0
    outer loop
      vertex -2.009 5.91831 40
      vertex -1.61762 6.03704 60
      vertex -2.009 5.91831 60
    endloop
  endfacet
  facet normal 0.290299 -0.956936 0
    outer loop
      vertex -1.61762 6.03704 60
      vertex -2.009 5.91831 40
      vertex -1.61762 6.03704 40
    endloop
  endfacet
  facet normal 0.162891 -0.986644 0
    outer loop
      vertex -1.21931 6.12991 40
      vertex -0.815788 6.19653 60
      vertex -1.21931 6.12991 60
    endloop
  endfacet
  facet normal 0.162891 -0.986644 0
    outer loop
      vertex -0.815788 6.19653 60
      vertex -1.21931 6.12991 40
      vertex -0.815788 6.19653 40
    endloop
  endfacet
  facet normal -0.999465 0.0327149 0
    outer loop
      vertex 6.23662 -0.408769 40
      vertex 6.25 0 60
      vertex 6.25 0 40
    endloop
  endfacet
  facet normal -0.999465 0.0327149 0
    outer loop
      vertex 6.25 0 60
      vertex 6.23662 -0.408769 40
      vertex 6.23662 -0.408769 60
    endloop
  endfacet
  facet normal -0.162891 0.986644 0
    outer loop
      vertex 1.21931 -6.12991 40
      vertex 0.815788 -6.19653 60
      vertex 1.21931 -6.12991 60
    endloop
  endfacet
  facet normal -0.162891 0.986644 0
    outer loop
      vertex 0.815788 -6.19653 60
      vertex 1.21931 -6.12991 40
      vertex 0.815788 -6.19653 40
    endloop
  endfacet
  facet normal -0.412725 0.910856 0
    outer loop
      vertex 2.7643 -5.60545 40
      vertex 2.39177 -5.77425 60
      vertex 2.7643 -5.60545 60
    endloop
  endfacet
  facet normal -0.412725 0.910856 0
    outer loop
      vertex 2.39177 -5.77425 60
      vertex 2.7643 -5.60545 40
      vertex 2.39177 -5.77425 40
    endloop
  endfacet
  facet normal 0.162891 0.986644 -0
    outer loop
      vertex -0.815788 -6.19653 40
      vertex -1.21931 -6.12991 60
      vertex -0.815788 -6.19653 60
    endloop
  endfacet
  facet normal 0.162891 0.986644 0
    outer loop
      vertex -1.21931 -6.12991 60
      vertex -0.815788 -6.19653 40
      vertex -1.21931 -6.12991 40
    endloop
  endfacet
  facet normal 0.683586 0.72987 -0
    outer loop
      vertex -4.12091 -4.699 40
      vertex -4.41942 -4.41942 60
      vertex -4.12091 -4.699 60
    endloop
  endfacet
  facet normal 0.683586 0.72987 0
    outer loop
      vertex -4.41942 -4.41942 60
      vertex -4.12091 -4.699 40
      vertex -4.41942 -4.41942 40
    endloop
  endfacet
  facet normal 0.412725 0.910856 -0
    outer loop
      vertex -2.39177 -5.77425 40
      vertex -2.7643 -5.60545 60
      vertex -2.39177 -5.77425 60
    endloop
  endfacet
  facet normal 0.412725 0.910856 0
    outer loop
      vertex -2.7643 -5.60545 60
      vertex -2.39177 -5.77425 40
      vertex -2.7643 -5.60545 40
    endloop
  endfacet
  facet normal 0.0980223 0.995184 -0
    outer loop
      vertex -0.408769 -6.23662 40
      vertex -0.815788 -6.19653 60
      vertex -0.408769 -6.23662 60
    endloop
  endfacet
  facet normal 0.0980223 0.995184 0
    outer loop
      vertex -0.815788 -6.19653 60
      vertex -0.408769 -6.23662 40
      vertex -0.815788 -6.19653 40
    endloop
  endfacet
  facet normal 0.582461 0.812859 -0
    outer loop
      vertex -3.47231 -5.19668 40
      vertex -3.80476 -4.95846 60
      vertex -3.47231 -5.19668 60
    endloop
  endfacet
  facet normal 0.582461 0.812859 0
    outer loop
      vertex -3.80476 -4.95846 60
      vertex -3.47231 -5.19668 40
      vertex -3.80476 -4.95846 40
    endloop
  endfacet
  facet normal 0.72987 0.683586 0
    outer loop
      vertex -4.41942 -4.41942 60
      vertex -4.699 -4.12091 40
      vertex -4.699 -4.12091 60
    endloop
  endfacet
  facet normal 0.72987 0.683586 0
    outer loop
      vertex -4.699 -4.12091 40
      vertex -4.41942 -4.41942 60
      vertex -4.41942 -4.41942 40
    endloop
  endfacet
  facet normal 0.910856 0.412725 0
    outer loop
      vertex -5.60545 -2.7643 60
      vertex -5.77425 -2.39177 40
      vertex -5.77425 -2.39177 60
    endloop
  endfacet
  facet normal 0.910856 0.412725 0
    outer loop
      vertex -5.77425 -2.39177 40
      vertex -5.60545 -2.7643 60
      vertex -5.60545 -2.7643 40
    endloop
  endfacet
  facet normal 0 0 1
    outer loop
      vertex 6.23662 0.408769 40
      vertex 6.23662 -0.408769 40
      vertex 6.25 0 40
    endloop
  endfacet
  facet normal 0 0 1
    outer loop
      vertex 6.19653 0.815788 40
      vertex 6.23662 -0.408769 40
      vertex 6.23662 0.408769 40
    endloop
  endfacet
  facet normal 0 0 1
    outer loop
      vertex 6.19653 0.815788 40
      vertex 6.19653 -0.815788 40
      vertex 6.23662 -0.408769 40
    endloop
  endfacet
  facet normal 0 0 1
    outer loop
      vertex 6.12991 1.21931 40
      vertex 6.19653 -0.815788 40
      vertex 6.19653 0.815788 40
    endloop
  endfacet
  facet normal 0 0 1
    outer loop
      vertex 6.12991 1.21931 40
      vertex 6.12991 -1.21931 40
      vertex 6.19653 -0.815788 40
    endloop
  endfacet
  facet normal 0 0 1
    outer loop
      vertex 6.03704 1.61762 40
      vertex 6.12991 -1.21931 40
      vertex 6.12991 1.21931 40
    endloop
  endfacet
  facet normal 0 0 1
    outer loop
      vertex 6.03704 1.61762 40
      vertex 6.03704 -1.61762 40
      vertex 6.12991 -1.21931 40
    endloop
  endfacet
  facet normal 0 0 1
    outer loop
      vertex 5.91831 2.009 40
      vertex 6.03704 -1.61762 40
      vertex 6.03704 1.61762 40
    endloop
  endfacet
  facet normal 0 0 1
    outer loop
      vertex 5.91831 2.009 40
      vertex 5.91831 -2.009 40
      vertex 6.03704 -1.61762 40
    endloop
  endfacet
  facet normal 0 0 1
    outer loop
      vertex 5.77425 2.39177 40
      vertex 5.91831 -2.009 40
      vertex 5.91831 2.009 40
    endloop
  endfacet
  facet normal 0 0 1
    outer loop
      vertex 5.77425 2.39177 40
      vertex 5.77425 -2.39177 40
      vertex 5.91831 -2.009 40
    endloop
  endfacet
  facet normal 0 0 1
    outer loop
      vertex 5.60545 2.7643 40
      vertex 5.77425 -2.39177 40
      vertex 5.77425 2.39177 40
    endloop
  endfacet
  facet normal 0 0 1
    outer loop
      vertex 5.60545 2.7643 40
      vertex 5.60545 -2.7643 40
      vertex 5.77425 -2.39177 40
    endloop
  endfacet
  facet normal 0 0 1
    outer loop
      vertex 5.41266 3.125 40
      vertex 5.60545 -2.7643 40
      vertex 5.60545 2.7643 40
    endloop
  endfacet
  facet normal 0 0 1
    outer loop
      vertex 5.41266 3.125 40
      vertex 5.41266 -3.125 40
      vertex 5.60545 -2.7643 40
    endloop
  endfacet
  facet normal 0 0 1
    outer loop
      vertex 5.19668 3.47231 40
      vertex 5.41266 -3.125 40
      vertex 5.41266 3.125 40
    endloop
  endfacet
  facet normal 0 0 1
    outer loop
      vertex 5.19668 3.47231 40
      vertex 5.19668 -3.47231 40
      vertex 5.41266 -3.125 40
    endloop
  endfacet
  facet normal 0 0 1
    outer loop
      vertex 4.95846 3.80476 40
      vertex 5.19668 -3.47231 40
      vertex 5.19668 3.47231 40
    endloop
  endfacet
  facet normal 0 0 1
    outer loop
      vertex 4.95846 3.80476 40
      vertex 4.95846 -3.80476 40
      vertex 5.19668 -3.47231 40
    endloop
  endfacet
  facet normal 0 0 1
    outer loop
      vertex 4.699 4.12091 40
      vertex 4.95846 -3.80476 40
      vertex 4.95846 3.80476 40
    endloop
  endfacet
  facet normal 0 0 1
    outer loop
      vertex 4.699 4.12091 40
      vertex 4.699 -4.12091 40
      vertex 4.95846 -3.80476 40
    endloop
  endfacet
  facet normal 0 0 1
    outer loop
      vertex 4.41942 4.41942 40
      vertex 4.699 -4.12091 40
      vertex 4.699 4.12091 40
    endloop
  endfacet
  facet normal 0 0 1
    outer loop
      vertex 4.41942 4.41942 40
      vertex 4.41942 -4.41942 40
      vertex 4.699 -4.12091 40
    endloop
  endfacet
  facet normal 0 0 1
    outer loop
      vertex 4.12091 4.699 40
      vertex 4.41942 -4.41942 40
      vertex 4.41942 4.41942 40
    endloop
  endfacet
  facet normal 0 0 1
    outer loop
      vertex 4.12091 4.699 40
      vertex 4.12091 -4.699 40
      vertex 4.41942 -4.41942 40
    endloop
  endfacet
  facet normal 0 0 1
    outer loop
      vertex 3.80476 4.95846 40
      vertex 4.12091 -4.699 40
      vertex 4.12091 4.699 40
    endloop
  endfacet
  facet normal 0 0 1
    outer loop
      vertex 3.80476 4.95846 40
      vertex 3.80476 -4.95846 40
      vertex 4.12091 -4.699 40
    endloop
  endfacet
  facet normal 0 0 1
    outer loop
      vertex 3.47231 5.19668 40
      vertex 3.80476 -4.95846 40
      vertex 3.80476 4.95846 40
    endloop
  endfacet
  facet normal 0 0 1
    outer loop
      vertex 3.47231 5.19668 40
      vertex 3.47231 -5.19668 40
      vertex 3.80476 -4.95846 40
    endloop
  endfacet
  facet normal 0 0 1
    outer loop
      vertex 3.125 5.41266 40
      vertex 3.47231 -5.19668 40
      vertex 3.47231 5.19668 40
    endloop
  endfacet
  facet normal 0 0 1
    outer loop
      vertex 3.125 5.41266 40
      vertex 3.125 -5.41266 40
      vertex 3.47231 -5.19668 40
    endloop
  endfacet
  facet normal 0 0 1
    outer loop
      vertex 2.7643 5.60545 40
      vertex 3.125 -5.41266 40
      vertex 3.125 5.41266 40
    endloop
  endfacet
  facet normal 0 0 1
    outer loop
      vertex 2.7643 5.60545 40
      vertex 2.7643 -5.60545 40
      vertex 3.125 -5.41266 40
    endloop
  endfacet
  facet normal 0 0 1
    outer loop
      vertex 2.39177 5.77425 40
      vertex 2.7643 -5.60545 40
      vertex 2.7643 5.60545 40
    endloop
  endfacet
  facet normal 0 0 1
    outer loop
      vertex 2.39177 5.77425 40
      vertex 2.39177 -5.77425 40
      vertex 2.7643 -5.60545 40
    endloop
  endfacet
  facet normal 0 0 1
    outer loop
      vertex 2.009 5.91831 40
      vertex 2.39177 -5.77425 40
      vertex 2.39177 5.77425 40
    endloop
  endfacet
  facet normal 0 0 1
    outer loop
      vertex 2.009 5.91831 40
      vertex 2.009 -5.91831 40
      vertex 2.39177 -5.77425 40
    endloop
  endfacet
  facet normal 0 0 1
    outer loop
      vertex 1.61762 6.03704 40
      vertex 2.009 -5.91831 40
      vertex 2.009 5.91831 40
    endloop
  endfacet
  facet normal 0 0 1
    outer loop
      vertex 1.61762 6.03704 40
      vertex 1.61762 -6.03704 40
      vertex 2.009 -5.91831 40
    endloop
  endfacet
  facet normal 0 0 1
    outer loop
      vertex 1.21931 6.12991 40
      vertex 1.61762 -6.03704 40
      vertex 1.61762 6.03704 40
    endloop
  endfacet
  facet normal 0 0 1
    outer loop
      vertex 1.21931 6.12991 40
      vertex 1.21931 -6.12991 40
      vertex 1.61762 -6.03704 40
    endloop
  endfacet
  facet normal 0 0 1
    outer loop
      vertex 0.815788 6.19653 40
      vertex 1.21931 -6.12991 40
      vertex 1.21931 6.12991 40
    endloop
  endfacet
  facet normal 0 0 1
    outer loop
      vertex 0.815788 6.19653 40
      vertex 0.815788 -6.19653 40
      vertex 1.21931 -6.12991 40
    endloop
  endfacet
  facet normal 0 0 1
    outer loop
      vertex 0.408769 6.23662 40
      vertex 0.815788 -6.19653 40
      vertex 0.815788 6.19653 40
    endloop
  endfacet
  facet normal 0 0 1
    outer loop
      vertex 0.408769 6.23662 40
      vertex 0.408769 -6.23662 40
      vertex 0.815788 -6.19653 40
    endloop
  endfacet
  facet normal 0 0 1
    outer loop
      vertex 0 6.25 40
      vertex 0.408769 -6.23662 40
      vertex 0.408769 6.23662 40
    endloop
  endfacet
  facet normal 0 0 1
    outer loop
      vertex 0 6.25 40
      vertex 0 -6.25 40
      vertex 0.408769 -6.23662 40
    endloop
  endfacet
  facet normal -0 0 1
    outer loop
      vertex -0.408769 6.23662 40
      vertex 0 -6.25 40
      vertex 0 6.25 40
    endloop
  endfacet
  facet normal 0 0 1
    outer loop
      vertex -0.408769 6.23662 40
      vertex -0.408769 -6.23662 40
      vertex 0 -6.25 40
    endloop
  endfacet
  facet normal -0 0 1
    outer loop
      vertex -0.815788 6.19653 40
      vertex -0.408769 -6.23662 40
      vertex -0.408769 6.23662 40
    endloop
  endfacet
  facet normal 0 0 1
    outer loop
      vertex -0.815788 6.19653 40
      vertex -0.815788 -6.19653 40
      vertex -0.408769 -6.23662 40
    endloop
  endfacet
  facet normal -0 0 1
    outer loop
      vertex -1.21931 6.12991 40
      vertex -0.815788 -6.19653 40
      vertex -0.815788 6.19653 40
    endloop
  endfacet
  facet normal 0 0 1
    outer loop
      vertex -1.21931 6.12991 40
      vertex -1.21931 -6.12991 40
      vertex -0.815788 -6.19653 40
    endloop
  endfacet
  facet normal -0 0 1
    outer loop
      vertex -1.61762 6.03704 40
      vertex -1.21931 -6.12991 40
      vertex -1.21931 6.12991 40
    endloop
  endfacet
  facet normal 0 0 1
    outer loop
      vertex -1.61762 6.03704 40
      vertex -1.61762 -6.03704 40
      vertex -1.21931 -6.12991 40
    endloop
  endfacet
  facet normal -0 0 1
    outer loop
      vertex -2.009 5.91831 40
      vertex -1.61762 -6.03704 40
      vertex -1.61762 6.03704 40
    endloop
  endfacet
  facet normal 0 0 1
    outer loop
      vertex -2.009 5.91831 40
      vertex -2.009 -5.91831 40
      vertex -1.61762 -6.03704 40
    endloop
  endfacet
  facet normal -0 0 1
    outer loop
      vertex -2.39177 5.77425 40
      vertex -2.009 -5.91831 40
      vertex -2.009 5.91831 40
    endloop
  endfacet
  facet normal 0 0 1
    outer loop
      vertex -2.39177 5.77425 40
      vertex -2.39177 -5.77425 40
      vertex -2.009 -5.91831 40
    endloop
  endfacet
  facet normal -0 0 1
    outer loop
      vertex -2.7643 5.60545 40
      vertex -2.39177 -5.77425 40
      vertex -2.39177 5.77425 40
    endloop
  endfacet
  facet normal 0 0 1
    outer loop
      vertex -2.7643 5.60545 40
      vertex -2.7643 -5.60545 40
      vertex -2.39177 -5.77425 40
    endloop
  endfacet
  facet normal -0 0 1
    outer loop
      vertex -3.125 5.41266 40
      vertex -2.7643 -5.60545 40
      vertex -2.7643 5.60545 40
    endloop
  endfacet
  facet normal 0 0 1
    outer loop
      vertex -3.125 5.41266 40
      vertex -3.125 -5.41266 40
      vertex -2.7643 -5.60545 40
    endloop
  endfacet
  facet normal -0 0 1
    outer loop
      vertex -3.47231 5.19668 40
      vertex -3.125 -5.41266 40
      vertex -3.125 5.41266 40
    endloop
  endfacet
  facet normal 0 0 1
    outer loop
      vertex -3.47231 5.19668 40
      vertex -3.47231 -5.19668 40
      vertex -3.125 -5.41266 40
    endloop
  endfacet
  facet normal -0 0 1
    outer loop
      vertex -3.80476 4.95846 40
      vertex -3.47231 -5.19668 40
      vertex -3.47231 5.19668 40
    endloop
  endfacet
  facet normal 0 0 1
    outer loop
      vertex -3.80476 4.95846 40
      vertex -3.80476 -4.95846 40
      vertex -3.47231 -5.19668 40
    endloop
  endfacet
  facet normal -0 0 1
    outer loop
      vertex -4.12091 4.699 40
      vertex -3.80476 -4.95846 40
      vertex -3.80476 4.95846 40
    endloop
  endfacet
  facet normal 0 0 1
    outer loop
      vertex -4.12091 4.699 40
      vertex -4.12091 -4.699 40
      vertex -3.80476 -4.95846 40
    endloop
  endfacet
  facet normal -0 0 1
    outer loop
      vertex -4.41942 4.41942 40
      vertex -4.12091 -4.699 40
      vertex -4.12091 4.699 40
    endloop
  endfacet
  facet normal 0 0 1
    outer loop
      vertex -4.41942 4.41942 40
      vertex -4.41942 -4.41942 40
      vertex -4.12091 -4.699 40
    endloop
  endfacet
  facet normal -0 0 1
    outer loop
      vertex -4.699 4.12091 40
      vertex -4.41942 -4.41942 40
      vertex -4.41942 4.41942 40
    endloop
  endfacet
  facet normal 0 0 1
    outer loop
      vertex -4.699 4.12091 40
      vertex -4.699 -4.12091 40
      vertex -4.41942 -4.41942 40
    endloop
  endfacet
  facet normal -0 0 1
    outer loop
      vertex -4.95846 3.80476 40
      vertex -4.699 -4.12091 40
      vertex -4.699 4.12091 40
    endloop
  endfacet
  facet normal 0 0 1
    outer loop
      vertex -4.95846 3.80476 40
      vertex -4.95846 -3.80476 40
      vertex -4.699 -4.12091 40
    endloop
  endfacet
  facet normal -0 0 1
    outer loop
      vertex -5.19668 3.47231 40
      vertex -4.95846 -3.80476 40
      vertex -4.95846 3.80476 40
    endloop
  endfacet
  facet normal 0 0 1
    outer loop
      vertex -5.19668 3.47231 40
      vertex -5.19668 -3.47231 40
      vertex -4.95846 -3.80476 40
    endloop
  endfacet
  facet normal -0 0 1
    outer loop
      vertex -5.41266 3.125 40
      vertex -5.19668 -3.47231 40
      vertex -5.19668 3.47231 40
    endloop
  endfacet
  facet normal 0 0 1
    outer loop
      vertex -5.41266 3.125 40
      vertex -5.41266 -3.125 40
      vertex -5.19668 -3.47231 40
    endloop
  endfacet
  facet normal -0 0 1
    outer loop
      vertex -5.60545 2.7643 40
      vertex -5.41266 -3.125 40
      vertex -5.41266 3.125 40
    endloop
  endfacet
  facet normal 0 0 1
    outer loop
      vertex -5.60545 2.7643 40
      vertex -5.60545 -2.7643 40
      vertex -5.41266 -3.125 40
    endloop
  endfacet
  facet normal -0 0 1
    outer loop
      vertex -5.77425 2.39177 40
      vertex -5.60545 -2.7643 40
      vertex -5.60545 2.7643 40
    endloop
  endfacet
  facet normal 0 0 1
    outer loop
      vertex -5.77425 2.39177 40
      vertex -5.77425 -2.39177 40
      vertex -5.60545 -2.7643 40
    endloop
  endfacet
  facet normal -0 0 1
    outer loop
      vertex -5.91831 2.009 40
      vertex -5.77425 -2.39177 40
      vertex -5.77425 2.39177 40
    endloop
  endfacet
  facet normal 0 0 1
    outer loop
      vertex -5.91831 2.009 40
      vertex -5.91831 -2.009 40
      vertex -5.77425 -2.39177 40
    endloop
  endfacet
  facet normal -0 0 1
    outer loop
      vertex -6.03704 1.61762 40
      vertex -5.91831 -2.009 40
      vertex -5.91831 2.009 40
    endloop
  endfacet
  facet normal 0 0 1
    outer loop
      vertex -6.03704 1.61762 40
      vertex -6.03704 -1.61762 40
      vertex -5.91831 -2.009 40
    endloop
  endfacet
  facet normal -0 0 1
    outer loop
      vertex -6.12991 1.21931 40
      vertex -6.03704 -1.61762 40
      vertex -6.03704 1.61762 40
    endloop
  endfacet
  facet normal 0 0 1
    outer loop
      vertex -6.12991 1.21931 40
      vertex -6.12991 -1.21931 40
      vertex -6.03704 -1.61762 40
    endloop
  endfacet
  facet normal -0 0 1
    outer loop
      vertex -6.19653 0.815788 40
      vertex -6.12991 -1.21931 40
      vertex -6.12991 1.21931 40
    endloop
  endfacet
  facet normal 0 0 1
    outer loop
      vertex -6.19653 0.815788 40
      vertex -6.19653 -0.815788 40
      vertex -6.12991 -1.21931 40
    endloop
  endfacet
  facet normal -0 0 1
    outer loop
      vertex -6.23662 0.408769 40
      vertex -6.19653 -0.815788 40
      vertex -6.19653 0.815788 40
    endloop
  endfacet
  facet normal 0 0 1
    outer loop
      vertex -6.23662 0.408769 40
      vertex -6.23662 -0.408769 40
      vertex -6.19653 -0.815788 40
    endloop
  endfacet
  facet normal 0 -0 1
    outer loop
      vertex -6.23662 -0.408769 40
      vertex -6.23662 0.408769 40
      vertex -6.25 0 40
    endloop
  endfacet
  facet normal -0.910856 -0.412725 0
    outer loop
      vertex 5.77425 2.39177 40
      vertex 5.60545 2.7643 60
      vertex 5.60545 2.7643 40
    endloop
  endfacet
  facet normal -0.910856 -0.412725 0
    outer loop
      vertex 5.60545 2.7643 60
      vertex 5.77425 2.39177 40
      vertex 5.77425 2.39177 60
    endloop
  endfacet
  facet normal -0.935909 -0.352241 0
    outer loop
      vertex 5.91831 2.009 40
      vertex 5.77425 2.39177 60
      vertex 5.77425 2.39177 40
    endloop
  endfacet
  facet normal -0.935909 -0.352241 0
    outer loop
      vertex 5.77425 2.39177 60
      vertex 5.91831 2.009 40
      vertex 5.91831 2.009 60
    endloop
  endfacet
  facet normal -0.812859 -0.582461 0
    outer loop
      vertex 5.19668 3.47231 40
      vertex 4.95846 3.80476 60
      vertex 4.95846 3.80476 40
    endloop
  endfacet
  facet normal -0.812859 -0.582461 0
    outer loop
      vertex 4.95846 3.80476 60
      vertex 5.19668 3.47231 40
      vertex 5.19668 3.47231 60
    endloop
  endfacet
  facet normal -0.0327149 -0.999465 0
    outer loop
      vertex 0 6.25 40
      vertex 0.408769 6.23662 60
      vertex 0 6.25 60
    endloop
  endfacet
  facet normal -0.0327149 -0.999465 -0
    outer loop
      vertex 0.408769 6.23662 60
      vertex 0 6.25 40
      vertex 0.408769 6.23662 40
    endloop
  endfacet
  facet normal -0.162891 -0.986644 0
    outer loop
      vertex 0.815788 6.19653 40
      vertex 1.21931 6.12991 60
      vertex 0.815788 6.19653 60
    endloop
  endfacet
  facet normal -0.162891 -0.986644 -0
    outer loop
      vertex 1.21931 6.12991 60
      vertex 0.815788 6.19653 40
      vertex 1.21931 6.12991 40
    endloop
  endfacet
  facet normal -0.290299 -0.956936 0
    outer loop
      vertex 1.61762 6.03704 40
      vertex 2.009 5.91831 60
      vertex 1.61762 6.03704 60
    endloop
  endfacet
  facet normal -0.290299 -0.956936 -0
    outer loop
      vertex 2.009 5.91831 60
      vertex 1.61762 6.03704 40
      vertex 2.009 5.91831 40
    endloop
  endfacet
  facet normal -0.528083 -0.849193 0
    outer loop
      vertex 3.125 5.41266 40
      vertex 3.47231 5.19668 60
      vertex 3.125 5.41266 60
    endloop
  endfacet
  facet normal -0.528083 -0.849193 -0
    outer loop
      vertex 3.47231 5.19668 60
      vertex 3.125 5.41266 40
      vertex 3.47231 5.19668 40
    endloop
  endfacet
  facet normal -0.634397 -0.773008 0
    outer loop
      vertex 3.80476 4.95846 40
      vertex 4.12091 4.699 60
      vertex 3.80476 4.95846 60
    endloop
  endfacet
  facet normal -0.634397 -0.773008 -0
    outer loop
      vertex 4.12091 4.699 60
      vertex 3.80476 4.95846 40
      vertex 4.12091 4.699 40
    endloop
  endfacet
  facet normal -0.582461 -0.812859 0
    outer loop
      vertex 3.47231 5.19668 40
      vertex 3.80476 4.95846 60
      vertex 3.47231 5.19668 60
    endloop
  endfacet
  facet normal -0.582461 -0.812859 -0
    outer loop
      vertex 3.80476 4.95846 60
      vertex 3.47231 5.19668 40
      vertex 3.80476 4.95846 40
    endloop
  endfacet
  facet normal 0.999465 -0.0327149 0
    outer loop
      vertex -6.25 0 60
      vertex -6.23662 0.408769 40
      vertex -6.23662 0.408769 60
    endloop
  endfacet
  facet normal 0.999465 -0.0327149 0
    outer loop
      vertex -6.23662 0.408769 40
      vertex -6.25 0 60
      vertex -6.25 0 40
    endloop
  endfacet
  facet normal 0.88193 -0.471381 0
    outer loop
      vertex -5.60545 2.7643 60
      vertex -5.41266 3.125 40
      vertex -5.41266 3.125 60
    endloop
  endfacet
  facet normal 0.88193 -0.471381 0
    outer loop
      vertex -5.41266 3.125 40
      vertex -5.60545 2.7643 60
      vertex -5.60545 2.7643 40
    endloop
  endfacet
  facet normal 0.986644 -0.162891 0
    outer loop
      vertex -6.19653 0.815788 60
      vertex -6.12991 1.21931 40
      vertex -6.12991 1.21931 60
    endloop
  endfacet
  facet normal 0.986644 -0.162891 0
    outer loop
      vertex -6.12991 1.21931 40
      vertex -6.19653 0.815788 60
      vertex -6.19653 0.815788 40
    endloop
  endfacet
  facet normal 0.956936 -0.290299 0
    outer loop
      vertex -6.03704 1.61762 60
      vertex -5.91831 2.009 40
      vertex -5.91831 2.009 60
    endloop
  endfacet
  facet normal 0.956936 -0.290299 0
    outer loop
      vertex -5.91831 2.009 40
      vertex -6.03704 1.61762 60
      vertex -6.03704 1.61762 40
    endloop
  endfacet
  facet normal 0.471381 -0.88193 0
    outer loop
      vertex -3.125 5.41266 40
      vertex -2.7643 5.60545 60
      vertex -3.125 5.41266 60
    endloop
  endfacet
  facet normal 0.471381 -0.88193 0
    outer loop
      vertex -2.7643 5.60545 60
      vertex -3.125 5.41266 40
      vertex -2.7643 5.60545 40
    endloop
  endfacet
  facet normal 0.582461 -0.812859 0
    outer loop
      vertex -3.80476 4.95846 40
      vertex -3.47231 5.19668 60
      vertex -3.80476 4.95846 60
    endloop
  endfacet
  facet normal 0.582461 -0.812859 0
    outer loop
      vertex -3.47231 5.19668 60
      vertex -3.80476 4.95846 40
      vertex -3.47231 5.19668 40
    endloop
  endfacet
  facet normal 0.22707 -0.973879 0
    outer loop
      vertex -1.61762 6.03704 40
      vertex -1.21931 6.12991 60
      vertex -1.61762 6.03704 60
    endloop
  endfacet
  facet normal 0.22707 -0.973879 0
    outer loop
      vertex -1.21931 6.12991 60
      vertex -1.61762 6.03704 40
      vertex -1.21931 6.12991 40
    endloop
  endfacet
  facet normal 0.0327149 -0.999465 0
    outer loop
      vertex -0.408769 6.23662 40
      vertex 0 6.25 60
      vertex -0.408769 6.23662 60
    endloop
  endfacet
  facet normal 0.0327149 -0.999465 0
    outer loop
      vertex 0 6.25 60
      vertex -0.408769 6.23662 40
      vertex 0 6.25 40
    endloop
  endfacet
  facet normal -0.995184 0.0980223 0
    outer loop
      vertex 6.19653 -0.815788 40
      vertex 6.23662 -0.408769 60
      vertex 6.23662 -0.408769 40
    endloop
  endfacet
  facet normal -0.995184 0.0980223 0
    outer loop
      vertex 6.23662 -0.408769 60
      vertex 6.19653 -0.815788 40
      vertex 6.19653 -0.815788 60
    endloop
  endfacet
  facet normal -0.0327149 0.999465 0
    outer loop
      vertex 0.408769 -6.23662 40
      vertex 0 -6.25 60
      vertex 0.408769 -6.23662 60
    endloop
  endfacet
  facet normal -0.0327149 0.999465 0
    outer loop
      vertex 0 -6.25 60
      vertex 0.408769 -6.23662 40
      vertex 0 -6.25 40
    endloop
  endfacet
  facet normal -0.352241 0.935909 0
    outer loop
      vertex 2.39177 -5.77425 40
      vertex 2.009 -5.91831 60
      vertex 2.39177 -5.77425 60
    endloop
  endfacet
  facet normal -0.352241 0.935909 0
    outer loop
      vertex 2.009 -5.91831 60
      vertex 2.39177 -5.77425 40
      vertex 2.009 -5.91831 40
    endloop
  endfacet
  facet normal -0.582461 0.812859 0
    outer loop
      vertex 3.80476 -4.95846 40
      vertex 3.47231 -5.19668 60
      vertex 3.80476 -4.95846 60
    endloop
  endfacet
  facet normal -0.582461 0.812859 0
    outer loop
      vertex 3.47231 -5.19668 60
      vertex 3.80476 -4.95846 40
      vertex 3.47231 -5.19668 40
    endloop
  endfacet
  facet normal -0.471381 0.88193 0
    outer loop
      vertex 3.125 -5.41266 40
      vertex 2.7643 -5.60545 60
      vertex 3.125 -5.41266 60
    endloop
  endfacet
  facet normal -0.471381 0.88193 0
    outer loop
      vertex 2.7643 -5.60545 60
      vertex 3.125 -5.41266 40
      vertex 2.7643 -5.60545 40
    endloop
  endfacet
  facet normal -0.72987 0.683586 0
    outer loop
      vertex 4.41942 -4.41942 40
      vertex 4.699 -4.12091 60
      vertex 4.699 -4.12091 40
    endloop
  endfacet
  facet normal -0.72987 0.683586 0
    outer loop
      vertex 4.699 -4.12091 60
      vertex 4.41942 -4.41942 40
      vertex 4.41942 -4.41942 60
    endloop
  endfacet
  facet normal -0.812859 0.582461 0
    outer loop
      vertex 4.95846 -3.80476 40
      vertex 5.19668 -3.47231 60
      vertex 5.19668 -3.47231 40
    endloop
  endfacet
  facet normal -0.812859 0.582461 0
    outer loop
      vertex 5.19668 -3.47231 60
      vertex 4.95846 -3.80476 40
      vertex 4.95846 -3.80476 60
    endloop
  endfacet
  facet normal -0.910856 0.412725 0
    outer loop
      vertex 5.60545 -2.7643 40
      vertex 5.77425 -2.39177 60
      vertex 5.77425 -2.39177 40
    endloop
  endfacet
  facet normal -0.910856 0.412725 0
    outer loop
      vertex 5.77425 -2.39177 60
      vertex 5.60545 -2.7643 40
      vertex 5.60545 -2.7643 60
    endloop
  endfacet
  facet normal -0.935909 0.352241 0
    outer loop
      vertex 5.77425 -2.39177 40
      vertex 5.91831 -2.009 60
      vertex 5.91831 -2.009 40
    endloop
  endfacet
  facet normal -0.935909 0.352241 0
    outer loop
      vertex 5.91831 -2.009 60
      vertex 5.77425 -2.39177 40
      vertex 5.77425 -2.39177 60
    endloop
  endfacet
  facet normal -0.973879 0.22707 0
    outer loop
      vertex 6.03704 -1.61762 40
      vertex 6.12991 -1.21931 60
      vertex 6.12991 -1.21931 40
    endloop
  endfacet
  facet normal -0.973879 0.22707 0
    outer loop
      vertex 6.12991 -1.21931 60
      vertex 6.03704 -1.61762 40
      vertex 6.03704 -1.61762 60
    endloop
  endfacet
  facet normal 0.0327149 0.999465 -0
    outer loop
      vertex 0 -6.25 40
      vertex -0.408769 -6.23662 60
      vertex 0 -6.25 60
    endloop
  endfacet
  facet normal 0.0327149 0.999465 0
    outer loop
      vertex -0.408769 -6.23662 60
      vertex 0 -6.25 40
      vertex -0.408769 -6.23662 40
    endloop
  endfacet
  facet normal 0.290299 0.956936 -0
    outer loop
      vertex -1.61762 -6.03704 40
      vertex -2.009 -5.91831 60
      vertex -1.61762 -6.03704 60
    endloop
  endfacet
  facet normal 0.290299 0.956936 0
    outer loop
      vertex -2.009 -5.91831 60
      vertex -1.61762 -6.03704 40
      vertex -2.009 -5.91831 40
    endloop
  endfacet
  facet normal 0.528083 0.849193 -0
    outer loop
      vertex -3.125 -5.41266 40
      vertex -3.47231 -5.19668 60
      vertex -3.125 -5.41266 60
    endloop
  endfacet
  facet normal 0.528083 0.849193 0
    outer loop
      vertex -3.47231 -5.19668 60
      vertex -3.125 -5.41266 40
      vertex -3.47231 -5.19668 40
    endloop
  endfacet
  facet normal 0.634397 0.773008 -0
    outer loop
      vertex -3.80476 -4.95846 40
      vertex -4.12091 -4.699 60
      vertex -3.80476 -4.95846 60
    endloop
  endfacet
  facet normal 0.634397 0.773008 0
    outer loop
      vertex -4.12091 -4.699 60
      vertex -3.80476 -4.95846 40
      vertex -4.12091 -4.699 40
    endloop
  endfacet
  facet normal 0.812859 0.582461 0
    outer loop
      vertex -4.95846 -3.80476 60
      vertex -5.19668 -3.47231 40
      vertex -5.19668 -3.47231 60
    endloop
  endfacet
  facet normal 0.812859 0.582461 0
    outer loop
      vertex -5.19668 -3.47231 40
      vertex -4.95846 -3.80476 60
      vertex -4.95846 -3.80476 40
    endloop
  endfacet
  facet normal 0.88193 0.471381 0
    outer loop
      vertex -5.41266 -3.125 60
      vertex -5.60545 -2.7643 40
      vertex -5.60545 -2.7643 60
    endloop
  endfacet
  facet normal 0.88193 0.471381 0
    outer loop
      vertex -5.60545 -2.7643 40
      vertex -5.41266 -3.125 60
      vertex -5.41266 -3.125 40
    endloop
  endfacet
  facet normal 0.986644 0.162891 0
    outer loop
      vertex -6.12991 -1.21931 60
      vertex -6.19653 -0.815788 40
      vertex -6.19653 -0.815788 60
    endloop
  endfacet
  facet normal 0.986644 0.162891 0
    outer loop
      vertex -6.19653 -0.815788 40
      vertex -6.12991 -1.21931 60
      vertex -6.12991 -1.21931 40
    endloop
  endfacet
  facet normal 0.999465 0.0327149 0
    outer loop
      vertex -6.23662 -0.408769 60
      vertex -6.25 0 40
      vertex -6.25 0 60
    endloop
  endfacet
  facet normal 0.999465 0.0327149 0
    outer loop
      vertex -6.25 0 40
      vertex -6.23662 -0.408769 60
      vertex -6.23662 -0.408769 40
    endloop
  endfacet
  facet normal 0.935909 0.352241 0
    outer loop
      vertex -5.77425 -2.39177 60
      vertex -5.91831 -2.009 40
      vertex -5.91831 -2.009 60
    endloop
  endfacet
  facet normal 0.935909 0.352241 0
    outer loop
      vertex -5.91831 -2.009 40
      vertex -5.77425 -2.39177 60
      vertex -5.77425 -2.39177 40
    endloop
  endfacet
  facet normal 0.973879 0.22707 0
    outer loop
      vertex -6.03704 -1.61762 60
      vertex -6.12991 -1.21931 40
      vertex -6.12991 -1.21931 60
    endloop
  endfacet
  facet normal 0.973879 0.22707 0
    outer loop
      vertex -6.12991 -1.21931 40
      vertex -6.03704 -1.61762 60
      vertex -6.03704 -1.61762 40
    endloop
  endfacet
  facet normal -0.973879 -0.22707 0
    outer loop
      vertex 6.12991 1.21931 40
      vertex 6.03704 1.61762 60
      vertex 6.03704 1.61762 40
    endloop
  endfacet
  facet normal -0.973879 -0.22707 0
    outer loop
      vertex 6.03704 1.61762 60
      vertex 6.12991 1.21931 40
      vertex 6.12991 1.21931 60
    endloop
  endfacet
  facet normal -0.986644 -0.162891 0
    outer loop
      vertex 6.19653 0.815788 40
      vertex 6.12991 1.21931 60
      vertex 6.12991 1.21931 40
    endloop
  endfacet
  facet normal -0.986644 -0.162891 0
    outer loop
      vertex 6.12991 1.21931 60
      vertex 6.19653 0.815788 40
      vertex 6.19653 0.815788 60
    endloop
  endfacet
  facet normal 0.812859 -0.582461 0
    outer loop
      vertex -5.19668 3.47231 60
      vertex -4.95846 3.80476 40
      vertex -4.95846 3.80476 60
    endloop
  endfacet
  facet normal 0.812859 -0.582461 0
    outer loop
      vertex -4.95846 3.80476 40
      vertex -5.19668 3.47231 60
      vertex -5.19668 3.47231 40
    endloop
  endfacet
  facet normal 0.773008 -0.634397 0
    outer loop
      vertex -4.95846 3.80476 60
      vertex -4.699 4.12091 40
      vertex -4.699 4.12091 60
    endloop
  endfacet
  facet normal 0.773008 -0.634397 0
    outer loop
      vertex -4.699 4.12091 40
      vertex -4.95846 3.80476 60
      vertex -4.95846 3.80476 40
    endloop
  endfacet
  facet normal -0.0980223 0.995184 0
    outer loop
      vertex 0.815788 -6.19653 40
      vertex 0.408769 -6.23662 60
      vertex 0.815788 -6.19653 60
    endloop
  endfacet
  facet normal -0.0980223 0.995184 0
    outer loop
      vertex 0.408769 -6.23662 60
      vertex 0.815788 -6.19653 40
      vertex 0.408769 -6.23662 40
    endloop
  endfacet
  facet normal -0.290299 0.956936 0
    outer loop
      vertex 2.009 -5.91831 40
      vertex 1.61762 -6.03704 60
      vertex 2.009 -5.91831 60
    endloop
  endfacet
  facet normal -0.290299 0.956936 0
    outer loop
      vertex 1.61762 -6.03704 60
      vertex 2.009 -5.91831 40
      vertex 1.61762 -6.03704 40
    endloop
  endfacet
  facet normal -0.634397 0.773008 0
    outer loop
      vertex 4.12091 -4.699 40
      vertex 3.80476 -4.95846 60
      vertex 4.12091 -4.699 60
    endloop
  endfacet
  facet normal -0.634397 0.773008 0
    outer loop
      vertex 3.80476 -4.95846 60
      vertex 4.12091 -4.699 40
      vertex 3.80476 -4.95846 40
    endloop
  endfacet
  facet normal -0.528083 0.849193 0
    outer loop
      vertex 3.47231 -5.19668 40
      vertex 3.125 -5.41266 60
      vertex 3.47231 -5.19668 60
    endloop
  endfacet
  facet normal -0.528083 0.849193 0
    outer loop
      vertex 3.125 -5.41266 60
      vertex 3.47231 -5.19668 40
      vertex 3.125 -5.41266 40
    endloop
  endfacet
  facet normal -0.849193 0.528083 0
    outer loop
      vertex 5.19668 -3.47231 40
      vertex 5.41266 -3.125 60
      vertex 5.41266 -3.125 40
    endloop
  endfacet
  facet normal -0.849193 0.528083 0
    outer loop
      vertex 5.41266 -3.125 60
      vertex 5.19668 -3.47231 40
      vertex 5.19668 -3.47231 60
    endloop
  endfacet
  facet normal -0.773008 0.634397 0
    outer loop
      vertex 4.699 -4.12091 40
      vertex 4.95846 -3.80476 60
      vertex 4.95846 -3.80476 40
    endloop
  endfacet
  facet normal -0.773008 0.634397 0
    outer loop
      vertex 4.95846 -3.80476 60
      vertex 4.699 -4.12091 40
      vertex 4.699 -4.12091 60
    endloop
  endfacet
  facet normal 0.22707 0.973879 -0
    outer loop
      vertex -1.21931 -6.12991 40
      vertex -1.61762 -6.03704 60
      vertex -1.21931 -6.12991 60
    endloop
  endfacet
  facet normal 0.22707 0.973879 0
    outer loop
      vertex -1.61762 -6.03704 60
      vertex -1.21931 -6.12991 40
      vertex -1.61762 -6.03704 40
    endloop
  endfacet
  facet normal 0.471381 0.88193 -0
    outer loop
      vertex -2.7643 -5.60545 40
      vertex -3.125 -5.41266 60
      vertex -2.7643 -5.60545 60
    endloop
  endfacet
  facet normal 0.471381 0.88193 0
    outer loop
      vertex -3.125 -5.41266 60
      vertex -2.7643 -5.60545 40
      vertex -3.125 -5.41266 40
    endloop
  endfacet
  facet normal 0.773008 0.634397 0
    outer loop
      vertex -4.699 -4.12091 60
      vertex -4.95846 -3.80476 40
      vertex -4.95846 -3.80476 60
    endloop
  endfacet
  facet normal 0.773008 0.634397 0
    outer loop
      vertex -4.95846 -3.80476 40
      vertex -4.699 -4.12091 60
      vertex -4.699 -4.12091 40
    endloop
  endfacet
  facet normal 0.995184 0.0980223 0
    outer loop
      vertex -6.19653 -0.815788 60
      vertex -6.23662 -0.408769 40
      vertex -6.23662 -0.408769 60
    endloop
  endfacet
  facet normal 0.995184 0.0980223 0
    outer loop
      vertex -6.23662 -0.408769 40
      vertex -6.19653 -0.815788 60
      vertex -6.19653 -0.815788 40
    endloop
  endfacet
  facet normal 0.956936 0.290299 0
    outer loop
      vertex -5.91831 -2.009 60
      vertex -6.03704 -1.61762 40
      vertex -6.03704 -1.61762 60
    endloop
  endfacet
  facet normal 0.956936 0.290299 0
    outer loop
      vertex -6.03704 -1.61762 40
      vertex -5.91831 -2.009 60
      vertex -5.91831 -2.009 40
    endloop
  endfacet
  facet normal -0.986644 0.162891 0
    outer loop
      vertex 6.12991 -1.21931 40
      vertex 6.19653 -0.815788 60
      vertex 6.19653 -0.815788 40
    endloop
  endfacet
  facet normal -0.986644 0.162891 0
    outer loop
      vertex 6.19653 -0.815788 60
      vertex 6.12991 -1.21931 40
      vertex 6.12991 -1.21931 60
    endloop
  endfacet
endsolid OpenSCAD_Model
