solid OpenSCAD_Model
  facet normal 0 0 -1
    outer loop
      vertex 0 -25.6835 9
      vertex 39.5041 -54.3727 9
      vertex 39.5193 -54.3937 9
    endloop
  endfacet
  facet normal 0 0 -1
    outer loop
      vertex 39.5041 -54.3727 9
      vertex 0 -25.6835 9
      vertex 0.000154361 -25.6737 9
    endloop
  endfacet
  facet normal 0 0 -1
    outer loop
      vertex -0.000154361 -25.6737 9
      vertex 0.000154361 -25.6737 9
      vertex 0 -25.6835 9
    endloop
  endfacet
  facet normal 0 0 -1
    outer loop
      vertex 0.000154361 -25.6737 9
      vertex -0.000154361 -25.6737 9
      vertex 0 -25.6736 9
    endloop
  endfacet
  facet normal -0 0 -1
    outer loop
      vertex 0 -25.6835 9
      vertex -39.5041 -54.3727 9
      vertex -0.000154361 -25.6737 9
    endloop
  endfacet
  facet normal 0 -0 -1
    outer loop
      vertex -39.5041 -54.3727 9
      vertex 0 -25.6835 9
      vertex -39.5193 -54.3937 9
    endloop
  endfacet
  facet normal 0 0 -1
    outer loop
      vertex 39.5041 -54.3727 9
      vertex 24.4265 -7.93665 9
      vertex 39.5193 -54.3937 9
    endloop
  endfacet
  facet normal 0 0 -1
    outer loop
      vertex 24.4171 -7.93376 9
      vertex 24.4265 -7.93665 9
      vertex 39.5041 -54.3727 9
    endloop
  endfacet
  facet normal 0 0 -1
    outer loop
      vertex 24.4265 -7.93665 9
      vertex 24.4171 -7.93376 9
      vertex 24.4172 -7.93346 9
    endloop
  endfacet
  facet normal 0 0 -1
    outer loop
      vertex 24.4172 -7.93346 9
      vertex 24.4171 -7.93376 9
      vertex 24.417 -7.93358 9
    endloop
  endfacet
  facet normal 0 0 -1
    outer loop
      vertex 24.4265 -7.93665 9
      vertex 63.9189 20.7685 9
      vertex 63.9436 20.7766 9
    endloop
  endfacet
  facet normal 0 0 -1
    outer loop
      vertex 63.9189 20.7685 9
      vertex 24.4265 -7.93665 9
      vertex 24.4172 -7.93346 9
    endloop
  endfacet
  facet normal 0 0 -1
    outer loop
      vertex 63.9189 20.7685 9
      vertex 15.0964 20.7784 9
      vertex 63.9436 20.7766 9
    endloop
  endfacet
  facet normal 0 0 -1
    outer loop
      vertex 15.0907 20.7704 9
      vertex 15.0964 20.7784 9
      vertex 63.9189 20.7685 9
    endloop
  endfacet
  facet normal 0 0 -1
    outer loop
      vertex 15.0905 20.7705 9
      vertex 15.0907 20.7704 9
      vertex 15.0906 20.7704 9
    endloop
  endfacet
  facet normal 0 0 -1
    outer loop
      vertex 15.0907 20.7704 9
      vertex 15.0905 20.7705 9
      vertex 15.0964 20.7784 9
    endloop
  endfacet
  facet normal 0 0 -1
    outer loop
      vertex 0 67.2084 9
      vertex 15.0964 20.7784 9
      vertex 15.0905 20.7705 9
    endloop
  endfacet
  facet normal 0 0 -1
    outer loop
      vertex 0 67.2084 9
      vertex 0 67.2344 9
      vertex 15.0964 20.7784 9
    endloop
  endfacet
  facet normal 0 0 -1
    outer loop
      vertex -15.0964 20.7784 9
      vertex 0 67.2084 9
      vertex -15.0905 20.7705 9
    endloop
  endfacet
  facet normal 0 0 -1
    outer loop
      vertex -15.0907 20.7704 9
      vertex -15.0905 20.7705 9
      vertex -15.0906 20.7704 9
    endloop
  endfacet
  facet normal 0 0 -1
    outer loop
      vertex -15.0964 20.7784 9
      vertex -15.0905 20.7705 9
      vertex -15.0907 20.7704 9
    endloop
  endfacet
  facet normal -0 0 -1
    outer loop
      vertex 0 67.2084 9
      vertex -15.0964 20.7784 9
      vertex 0 67.2344 9
    endloop
  endfacet
  facet normal 0 0 -1
    outer loop
      vertex -63.9189 20.7685 9
      vertex -15.0964 20.7784 9
      vertex -15.0907 20.7704 9
    endloop
  endfacet
  facet normal 0 0 -1
    outer loop
      vertex -15.0964 20.7784 9
      vertex -63.9189 20.7685 9
      vertex -63.9436 20.7766 9
    endloop
  endfacet
  facet normal 0 0 -1
    outer loop
      vertex -24.4171 -7.93376 9
      vertex -24.4172 -7.93346 9
      vertex -24.417 -7.93358 9
    endloop
  endfacet
  facet normal -0 0 -1
    outer loop
      vertex -24.4171 -7.93376 9
      vertex -24.4265 -7.93665 9
      vertex -24.4172 -7.93346 9
    endloop
  endfacet
  facet normal 0 0 -1
    outer loop
      vertex -39.5041 -54.3727 9
      vertex -24.4265 -7.93665 9
      vertex -24.4171 -7.93376 9
    endloop
  endfacet
  facet normal 0 0 -1
    outer loop
      vertex -24.4265 -7.93665 9
      vertex -39.5041 -54.3727 9
      vertex -39.5193 -54.3937 9
    endloop
  endfacet
  facet normal 0 0 -1
    outer loop
      vertex -24.4265 -7.93665 9
      vertex -63.9189 20.7685 9
      vertex -24.4172 -7.93346 9
    endloop
  endfacet
  facet normal -0 -0 -1
    outer loop
      vertex -63.9189 20.7685 9
      vertex -24.4265 -7.93665 9
      vertex -63.9436 20.7766 9
    endloop
  endfacet
  facet normal 0 0 1
    outer loop
      vertex 0.713292 0.231762 37
      vertex 0.1684 0.231783 37
      vertex 0.272477 -0.0885324 37
    endloop
  endfacet
  facet normal 0 0 1
    outer loop
      vertex 0 -0.286499 37
      vertex 0.272477 -0.0885324 37
      vertex 0.1684 0.231783 37
    endloop
  endfacet
  facet normal 0 0 1
    outer loop
      vertex -0.1684 0.231783 37
      vertex 0.1684 0.231783 37
      vertex 0 0.75 37
    endloop
  endfacet
  facet normal 0 0 1
    outer loop
      vertex 0.272477 -0.0885324 37
      vertex 0 -0.286499 37
      vertex 0.440839 -0.606762 37
    endloop
  endfacet
  facet normal 0 0 1
    outer loop
      vertex 0.1684 0.231783 37
      vertex -0.1684 0.231783 37
      vertex 0 -0.286499 37
    endloop
  endfacet
  facet normal -0 0 1
    outer loop
      vertex -0.272477 -0.0885324 37
      vertex 0 -0.286499 37
      vertex -0.1684 0.231783 37
    endloop
  endfacet
  facet normal 0 0 1
    outer loop
      vertex 0 -0.286499 37
      vertex -0.272477 -0.0885324 37
      vertex -0.440839 -0.606762 37
    endloop
  endfacet
  facet normal 0 0 1
    outer loop
      vertex -0.1684 0.231783 37
      vertex -0.713292 0.231762 37
      vertex -0.272477 -0.0885324 37
    endloop
  endfacet
  facet normal 0.454642 -0.625709 0.633868
    outer loop
      vertex 27.2478 -8.85333 9
      vertex 71.3292 23.1763 9
      vertex 0.713292 0.231762 37
    endloop
  endfacet
  facet normal 0.45464 -0.625712 0.633867
    outer loop
      vertex 27.2478 -8.85333 9
      vertex 0.713292 0.231762 37
      vertex 0.272477 -0.0885324 37
    endloop
  endfacet
  facet normal 2.83888e-05 0.773442 0.633867
    outer loop
      vertex 71.3292 23.1763 9
      vertex 16.84 23.1783 9
      vertex 0.713292 0.231762 37
    endloop
  endfacet
  facet normal 2.98082e-05 0.773442 0.633867
    outer loop
      vertex 0.713292 0.231762 37
      vertex 16.84 23.1783 9
      vertex 0.1684 0.231783 37
    endloop
  endfacet
  facet normal 0.735579 0.239034 0.633867
    outer loop
      vertex 16.84 23.1783 9
      vertex 0 75 9
      vertex 0 0.75 37
    endloop
  endfacet
  facet normal 0.735579 0.239034 0.633867
    outer loop
      vertex 0.1684 0.231783 37
      vertex 16.84 23.1783 9
      vertex 0 0.75 37
    endloop
  endfacet
  facet normal -0.735579 0.239034 0.633867
    outer loop
      vertex 0 0.75 37
      vertex 0 75 9
      vertex -16.84 23.1783 9
    endloop
  endfacet
  facet normal -0.735579 0.239034 0.633867
    outer loop
      vertex -0.1684 0.231783 37
      vertex 0 0.75 37
      vertex -16.84 23.1783 9
    endloop
  endfacet
  facet normal -2.83888e-05 0.773442 0.633867
    outer loop
      vertex -0.713292 0.231762 37
      vertex -16.84 23.1783 9
      vertex -71.3292 23.1763 9
    endloop
  endfacet
  facet normal -2.98082e-05 0.773442 0.633867
    outer loop
      vertex -0.713292 0.231762 37
      vertex -0.1684 0.231783 37
      vertex -16.84 23.1783 9
    endloop
  endfacet
  facet normal -0.454642 -0.625709 0.633868
    outer loop
      vertex -27.2478 -8.85333 9
      vertex -0.713292 0.231762 37
      vertex -71.3292 23.1763 9
    endloop
  endfacet
  facet normal -0.45464 -0.625712 0.633867
    outer loop
      vertex -0.272477 -0.0885324 37
      vertex -0.713292 0.231762 37
      vertex -27.2478 -8.85333 9
    endloop
  endfacet
  facet normal -0.735595 0.238978 0.633869
    outer loop
      vertex -0.440839 -0.606762 37
      vertex -27.2478 -8.85333 9
      vertex -44.0839 -60.6763 9
    endloop
  endfacet
  facet normal -0.735595 0.238979 0.633868
    outer loop
      vertex -0.440839 -0.606762 37
      vertex -0.272477 -0.0885324 37
      vertex -27.2478 -8.85333 9
    endloop
  endfacet
  facet normal 0.454594 -0.625744 0.633868
    outer loop
      vertex 0 -28.65 9
      vertex -0.440839 -0.606762 37
      vertex -44.0839 -60.6763 9
    endloop
  endfacet
  facet normal 0.454594 -0.625744 0.633868
    outer loop
      vertex 0 -28.65 9
      vertex 0 -0.286499 37
      vertex -0.440839 -0.606762 37
    endloop
  endfacet
  facet normal -0.454594 -0.625744 0.633868
    outer loop
      vertex 44.0839 -60.6763 9
      vertex 0.440839 -0.606762 37
      vertex 0 -28.65 9
    endloop
  endfacet
  facet normal -0.454594 -0.625744 0.633868
    outer loop
      vertex 0.440839 -0.606762 37
      vertex 0 -0.286499 37
      vertex 0 -28.65 9
    endloop
  endfacet
  facet normal 0.735595 0.238978 0.633869
    outer loop
      vertex 44.0839 -60.6763 9
      vertex 27.2478 -8.85333 9
      vertex 0.440839 -0.606762 37
    endloop
  endfacet
  facet normal 0.735595 0.238979 0.633868
    outer loop
      vertex 0.440839 -0.606762 37
      vertex 27.2478 -8.85333 9
      vertex 0.272477 -0.0885324 37
    endloop
  endfacet
  facet normal 0 0 -1
    outer loop
      vertex 0 -0.256835 34.59
      vertex 0.244265 -0.0793657 34.59
      vertex 0.395193 -0.543937 34.59
    endloop
  endfacet
  facet normal -0 0 -1
    outer loop
      vertex 0.244265 -0.0793657 34.59
      vertex 0 -0.256835 34.59
      vertex 0.150964 0.207784 34.59
    endloop
  endfacet
  facet normal 0 0 -1
    outer loop
      vertex -0.150964 0.207784 34.59
      vertex 0.150964 0.207784 34.59
      vertex 0 -0.256835 34.59
    endloop
  endfacet
  facet normal 0 0 -1
    outer loop
      vertex 0.150964 0.207784 34.59
      vertex -0.150964 0.207784 34.59
      vertex 0 0.672343 34.59
    endloop
  endfacet
  facet normal 0 0 -1
    outer loop
      vertex 0 -0.256835 34.59
      vertex -0.244265 -0.0793657 34.59
      vertex -0.150964 0.207784 34.59
    endloop
  endfacet
  facet normal 0 -0 -1
    outer loop
      vertex -0.244265 -0.0793657 34.59
      vertex 0 -0.256835 34.59
      vertex -0.395193 -0.543937 34.59
    endloop
  endfacet
  facet normal -0 0 -1
    outer loop
      vertex 0.639436 0.207765 34.59
      vertex 0.244265 -0.0793657 34.59
      vertex 0.150964 0.207784 34.59
    endloop
  endfacet
  facet normal 0 0 -1
    outer loop
      vertex -0.150964 0.207784 34.59
      vertex -0.244265 -0.0793657 34.59
      vertex -0.639436 0.207765 34.59
    endloop
  endfacet
  facet normal -0.45821 0.630621 -0.626387
    outer loop
      vertex 24.4172 -7.93346 9
      vertex 0.639436 0.207765 34.59
      vertex 63.9189 20.7685 9
    endloop
  endfacet
  facet normal -0.411426 0.68571 -0.600442
    outer loop
      vertex 24.417 -7.93358 9
      vertex 0.639436 0.207765 34.59
      vertex 24.4172 -7.93346 9
    endloop
  endfacet
  facet normal -0.458209 0.630622 -0.626386
    outer loop
      vertex 0.639436 0.207765 34.59
      vertex 24.417 -7.93358 9
      vertex 0.244265 -0.0793657 34.59
    endloop
  endfacet
  facet normal -3.03323e-05 -0.779512 -0.626387
    outer loop
      vertex 63.9189 20.7685 9
      vertex 0.639436 0.207765 34.59
      vertex 15.0907 20.7704 9
    endloop
  endfacet
  facet normal -3.03205e-05 -0.779512 -0.626387
    outer loop
      vertex 15.0906 20.7704 9
      vertex 0.639436 0.207765 34.59
      vertex 0.150964 0.207784 34.59
    endloop
  endfacet
  facet normal 0 -0.77952 -0.626377
    outer loop
      vertex 0.639436 0.207765 34.59
      vertex 15.0906 20.7704 9
      vertex 15.0907 20.7704 9
    endloop
  endfacet
  facet normal -0.741352 -0.24091 -0.626386
    outer loop
      vertex 15.0905 20.7705 9
      vertex 0 0.672343 34.59
      vertex 0 67.2084 9
    endloop
  endfacet
  facet normal -0.506963 -0.506963 -0.697121
    outer loop
      vertex 15.0906 20.7704 9
      vertex 0 0.672343 34.59
      vertex 15.0905 20.7705 9
    endloop
  endfacet
  facet normal -0.74135 -0.240911 -0.626388
    outer loop
      vertex 0 0.672343 34.59
      vertex 15.0906 20.7704 9
      vertex 0.150964 0.207784 34.59
    endloop
  endfacet
  facet normal 0.741352 -0.24091 -0.626386
    outer loop
      vertex 0 0.672343 34.59
      vertex -15.0905 20.7705 9
      vertex 0 67.2084 9
    endloop
  endfacet
  facet normal 0.506963 -0.506963 -0.697121
    outer loop
      vertex 0 0.672343 34.59
      vertex -15.0906 20.7704 9
      vertex -15.0905 20.7705 9
    endloop
  endfacet
  facet normal 0.74135 -0.240911 -0.626388
    outer loop
      vertex -15.0906 20.7704 9
      vertex 0 0.672343 34.59
      vertex -0.150964 0.207784 34.59
    endloop
  endfacet
  facet normal 3.03323e-05 -0.779512 -0.626387
    outer loop
      vertex -0.639436 0.207765 34.59
      vertex -63.9189 20.7685 9
      vertex -15.0907 20.7704 9
    endloop
  endfacet
  facet normal -0 -0.77952 -0.626377
    outer loop
      vertex -15.0906 20.7704 9
      vertex -0.639436 0.207765 34.59
      vertex -15.0907 20.7704 9
    endloop
  endfacet
  facet normal 3.03205e-05 -0.779512 -0.626387
    outer loop
      vertex -0.639436 0.207765 34.59
      vertex -15.0906 20.7704 9
      vertex -0.150964 0.207784 34.59
    endloop
  endfacet
  facet normal 0.45821 0.630621 -0.626387
    outer loop
      vertex -24.4172 -7.93346 9
      vertex -63.9189 20.7685 9
      vertex -0.639436 0.207765 34.59
    endloop
  endfacet
  facet normal 0.458209 0.630622 -0.626386
    outer loop
      vertex -24.417 -7.93358 9
      vertex -0.639436 0.207765 34.59
      vertex -0.244265 -0.0793657 34.59
    endloop
  endfacet
  facet normal 0.411426 0.68571 -0.600442
    outer loop
      vertex -0.639436 0.207765 34.59
      vertex -24.417 -7.93358 9
      vertex -24.4172 -7.93346 9
    endloop
  endfacet
  facet normal 0.741369 -0.240855 -0.626387
    outer loop
      vertex -0.395193 -0.543937 34.59
      vertex -39.5041 -54.3727 9
      vertex -24.4171 -7.93376 9
    endloop
  endfacet
  facet normal 0.74137 -0.240853 -0.626386
    outer loop
      vertex -0.395193 -0.543937 34.59
      vertex -24.417 -7.93358 9
      vertex -0.244265 -0.0793657 34.59
    endloop
  endfacet
  facet normal 0.722747 -0.401526 -0.562507
    outer loop
      vertex -24.417 -7.93358 9
      vertex -0.395193 -0.543937 34.59
      vertex -24.4171 -7.93376 9
    endloop
  endfacet
  facet normal -0.458162 0.630656 -0.626387
    outer loop
      vertex -0.000154361 -25.6737 9
      vertex -39.5041 -54.3727 9
      vertex -0.395193 -0.543937 34.59
    endloop
  endfacet
  facet normal -0.417635 0.644666 -0.640302
    outer loop
      vertex -0.000154361 -25.6737 9
      vertex 0 -0.256835 34.59
      vertex 0 -25.6736 9
    endloop
  endfacet
  facet normal -0.458163 0.630656 -0.626386
    outer loop
      vertex 0 -0.256835 34.59
      vertex -0.000154361 -25.6737 9
      vertex -0.395193 -0.543937 34.59
    endloop
  endfacet
  facet normal 0.458162 0.630656 -0.626387
    outer loop
      vertex 39.5041 -54.3727 9
      vertex 0.000154361 -25.6737 9
      vertex 0.395193 -0.543937 34.59
    endloop
  endfacet
  facet normal 0.458163 0.630656 -0.626386
    outer loop
      vertex 0.000154361 -25.6737 9
      vertex 0 -0.256835 34.59
      vertex 0.395193 -0.543937 34.59
    endloop
  endfacet
  facet normal 0.417635 0.644666 -0.640302
    outer loop
      vertex 0 -0.256835 34.59
      vertex 0.000154361 -25.6737 9
      vertex 0 -25.6736 9
    endloop
  endfacet
  facet normal -0.741369 -0.240855 -0.626387
    outer loop
      vertex 39.5041 -54.3727 9
      vertex 0.395193 -0.543937 34.59
      vertex 24.4171 -7.93376 9
    endloop
  endfacet
  facet normal -0.74137 -0.240853 -0.626386
    outer loop
      vertex 24.417 -7.93358 9
      vertex 0.395193 -0.543937 34.59
      vertex 0.244265 -0.0793657 34.59
    endloop
  endfacet
  facet normal -0.722747 -0.401526 -0.562507
    outer loop
      vertex 0.395193 -0.543937 34.59
      vertex 24.417 -7.93358 9
      vertex 24.4171 -7.93376 9
    endloop
  endfacet
  facet normal 0 0 -1
    outer loop
      vertex 0 -25.6835 4
      vertex 4.75 -22.65 4
      vertex 4.75 -29.1343 4
    endloop
  endfacet
  facet normal 0 0 -1
    outer loop
      vertex 0 -25.6835 4
      vertex -4.75 -22.65 4
      vertex 4.75 -22.65 4
    endloop
  endfacet
  facet normal 0 0 -1
    outer loop
      vertex -4.75 -22.65 4
      vertex 0 -25.6835 4
      vertex -4.75 -29.1343 4
    endloop
  endfacet
  facet normal 0 0 -1
    outer loop
      vertex 4.75 -32.1008 4
      vertex 41.3262 -56.8806 4
      vertex 44.0839 -60.6763 4
    endloop
  endfacet
  facet normal 0 0 -1
    outer loop
      vertex 41.3262 -56.8806 4
      vertex 4.75 -32.1008 4
      vertex 0 -26.8577 4
    endloop
  endfacet
  facet normal 0 0 -1
    outer loop
      vertex 41.3262 -56.8806 4
      vertex 27.2478 -8.85333 4
      vertex 44.0839 -60.6763 4
    endloop
  endfacet
  facet normal -0 -0 -1
    outer loop
      vertex 27.2478 -8.85333 4
      vertex 41.3262 -56.8806 4
      vertex 25.5432 -8.2995 4
    endloop
  endfacet
  facet normal 0 0 -1
    outer loop
      vertex 27.2478 -8.85333 4
      vertex 66.8671 21.7264 4
      vertex 71.3292 23.1763 4
    endloop
  endfacet
  facet normal 0 0 -1
    outer loop
      vertex 66.8671 21.7264 4
      vertex 27.2478 -8.85333 4
      vertex 25.5432 -8.2995 4
    endloop
  endfacet
  facet normal 0 0 -1
    outer loop
      vertex 66.8671 21.7264 4
      vertex 16.84 23.1783 4
      vertex 71.3292 23.1763 4
    endloop
  endfacet
  facet normal 0 0 -1
    outer loop
      vertex 15.7866 21.7284 4
      vertex 16.84 23.1783 4
      vertex 66.8671 21.7264 4
    endloop
  endfacet
  facet normal 0 0 -1
    outer loop
      vertex 0 70.3083 4
      vertex 16.84 23.1783 4
      vertex 15.7866 21.7284 4
    endloop
  endfacet
  facet normal 0 0 -1
    outer loop
      vertex 0 70.3083 4
      vertex 0 75 4
      vertex 16.84 23.1783 4
    endloop
  endfacet
  facet normal 0 0 -1
    outer loop
      vertex -16.84 23.1783 4
      vertex 0 70.3083 4
      vertex -15.7866 21.7284 4
    endloop
  endfacet
  facet normal -0 0 -1
    outer loop
      vertex 0 70.3083 4
      vertex -16.84 23.1783 4
      vertex 0 75 4
    endloop
  endfacet
  facet normal 0 0 -1
    outer loop
      vertex -66.8671 21.7264 4
      vertex -16.84 23.1783 4
      vertex -15.7866 21.7284 4
    endloop
  endfacet
  facet normal 0 0 -1
    outer loop
      vertex -16.84 23.1783 4
      vertex -66.8671 21.7264 4
      vertex -71.3292 23.1763 4
    endloop
  endfacet
  facet normal 0 0 -1
    outer loop
      vertex -4.75 -32.1008 4
      vertex 4.75 -32.1008 4
      vertex 4.75 -53.65 4
    endloop
  endfacet
  facet normal 0 0 -1
    outer loop
      vertex -4.75 -32.1008 4
      vertex 4.75 -53.65 4
      vertex -4.75 -53.65 4
    endloop
  endfacet
  facet normal 0 0 -1
    outer loop
      vertex 4.75 -32.1008 4
      vertex -4.75 -32.1008 4
      vertex 0 -26.8577 4
    endloop
  endfacet
  facet normal -0 0 -1
    outer loop
      vertex -4.75 -32.1008 4
      vertex -41.3262 -56.8806 4
      vertex 0 -26.8577 4
    endloop
  endfacet
  facet normal 0 -0 -1
    outer loop
      vertex -41.3262 -56.8806 4
      vertex -4.75 -32.1008 4
      vertex -44.0839 -60.6763 4
    endloop
  endfacet
  facet normal 0 0 -1
    outer loop
      vertex -41.3262 -56.8806 4
      vertex -27.2478 -8.85333 4
      vertex -25.5432 -8.2995 4
    endloop
  endfacet
  facet normal 0 0 -1
    outer loop
      vertex -27.2478 -8.85333 4
      vertex -41.3262 -56.8806 4
      vertex -44.0839 -60.6763 4
    endloop
  endfacet
  facet normal 0 0 -1
    outer loop
      vertex -27.2478 -8.85333 4
      vertex -66.8671 21.7264 4
      vertex -25.5432 -8.2995 4
    endloop
  endfacet
  facet normal -0 -0 -1
    outer loop
      vertex -66.8671 21.7264 4
      vertex -27.2478 -8.85333 4
      vertex -71.3292 23.1763 4
    endloop
  endfacet
  facet normal 0.587817 -0.808994 0
    outer loop
      vertex 27.2478 -8.85333 4
      vertex 71.3292 23.1763 9
      vertex 27.2478 -8.85333 9
    endloop
  endfacet
  facet normal 0.587817 -0.808994 0
    outer loop
      vertex 71.3292 23.1763 9
      vertex 27.2478 -8.85333 4
      vertex 71.3292 23.1763 4
    endloop
  endfacet
  facet normal 3.67045e-05 1 -0
    outer loop
      vertex 71.3292 23.1763 4
      vertex 16.84 23.1783 9
      vertex 71.3292 23.1763 9
    endloop
  endfacet
  facet normal 3.67045e-05 1 0
    outer loop
      vertex 16.84 23.1783 9
      vertex 71.3292 23.1763 4
      vertex 16.84 23.1783 4
    endloop
  endfacet
  facet normal 0.951045 0.309052 0
    outer loop
      vertex 16.84 23.1783 9
      vertex 0 75 4
      vertex 0 75 9
    endloop
  endfacet
  facet normal 0.951045 0.309052 0
    outer loop
      vertex 0 75 4
      vertex 16.84 23.1783 9
      vertex 16.84 23.1783 4
    endloop
  endfacet
  facet normal -0.951045 0.309052 0
    outer loop
      vertex -16.84 23.1783 4
      vertex 0 75 9
      vertex 0 75 4
    endloop
  endfacet
  facet normal -0.951045 0.309052 0
    outer loop
      vertex 0 75 9
      vertex -16.84 23.1783 4
      vertex -16.84 23.1783 9
    endloop
  endfacet
  facet normal -3.67045e-05 1 0
    outer loop
      vertex -16.84 23.1783 4
      vertex -71.3292 23.1763 9
      vertex -16.84 23.1783 9
    endloop
  endfacet
  facet normal -3.67045e-05 1 0
    outer loop
      vertex -71.3292 23.1763 9
      vertex -16.84 23.1783 4
      vertex -71.3292 23.1763 4
    endloop
  endfacet
  facet normal -0.587817 -0.808994 0
    outer loop
      vertex -71.3292 23.1763 4
      vertex -27.2478 -8.85333 9
      vertex -71.3292 23.1763 9
    endloop
  endfacet
  facet normal -0.587817 -0.808994 -0
    outer loop
      vertex -27.2478 -8.85333 9
      vertex -71.3292 23.1763 4
      vertex -27.2478 -8.85333 4
    endloop
  endfacet
  facet normal -0.951068 0.30898 0
    outer loop
      vertex -44.0839 -60.6763 4
      vertex -27.2478 -8.85333 9
      vertex -27.2478 -8.85333 4
    endloop
  endfacet
  facet normal -0.951068 0.30898 0
    outer loop
      vertex -27.2478 -8.85333 9
      vertex -44.0839 -60.6763 4
      vertex -44.0839 -60.6763 9
    endloop
  endfacet
  facet normal 0.587755 -0.809039 -4.2913e-05
    outer loop
      vertex -1.52684 -29.7592 8.49792
      vertex 0 -28.65 9
      vertex -44.0839 -60.6763 9
    endloop
  endfacet
  facet normal 0.587767 -0.80903 0
    outer loop
      vertex 0 -28.65 9
      vertex -0.310664 -28.8757 8.73983
      vertex 0 -28.65 8.75
    endloop
  endfacet
  facet normal 0.5877 -0.809079 0.000122007
    outer loop
      vertex 0 -28.65 9
      vertex -0.619999 -29.1004 8.70936
      vertex -0.310664 -28.8757 8.73983
    endloop
  endfacet
  facet normal 0.587768 -0.809029 -9.95501e-05
    outer loop
      vertex 0 -28.65 9
      vertex -0.926679 -29.3232 8.65873
      vertex -0.619999 -29.1004 8.70936
    endloop
  endfacet
  facet normal 0.587701 -0.809078 0.000177887
    outer loop
      vertex 0 -28.65 9
      vertex -1.22939 -29.5431 8.58815
      vertex -0.926679 -29.3232 8.65873
    endloop
  endfacet
  facet normal 0.588025 -0.808842 -0.0012984
    outer loop
      vertex 0 -28.65 9
      vertex -1.52684 -29.7592 8.49792
      vertex -1.22939 -29.5431 8.58815
    endloop
  endfacet
  facet normal 0.587758 -0.809036 0.000415647
    outer loop
      vertex -44.0839 -60.6763 9
      vertex -1.81775 -29.9706 8.38843
      vertex -1.52684 -29.7592 8.49792
    endloop
  endfacet
  facet normal 0.58775 -0.809043 -0.000502823
    outer loop
      vertex -44.0839 -60.6763 9
      vertex -2.10087 -30.1762 8.26015
      vertex -1.81775 -29.9706 8.38843
    endloop
  endfacet
  facet normal 0.587758 -0.809036 0.000258089
    outer loop
      vertex -44.0839 -60.6763 9
      vertex -2.375 -30.3754 8.11362
      vertex -2.10087 -30.1762 8.26015
    endloop
  endfacet
  facet normal 0.587757 -0.809037 0.000176142
    outer loop
      vertex -44.0839 -60.6763 9
      vertex -2.63896 -30.5672 7.94948
      vertex -2.375 -30.3754 8.11362
    endloop
  endfacet
  facet normal 0.587751 -0.809042 -0.00023105
    outer loop
      vertex -44.0839 -60.6763 9
      vertex -2.89162 -30.7507 7.76843
      vertex -2.63896 -30.5672 7.94948
    endloop
  endfacet
  facet normal 0.587759 -0.809036 0.000187221
    outer loop
      vertex -44.0839 -60.6763 9
      vertex -3.13189 -30.9253 7.57124
      vertex -2.89162 -30.7507 7.76843
    endloop
  endfacet
  facet normal 0.587753 -0.80904 -6.43711e-05
    outer loop
      vertex -44.0839 -60.6763 9
      vertex -3.35876 -31.0901 7.35876
      vertex -3.13189 -30.9253 7.57124
    endloop
  endfacet
  facet normal 0.587749 -0.809043 -0.000218265
    outer loop
      vertex -44.0839 -60.6763 9
      vertex -3.57124 -31.2444 7.13189
      vertex -3.35876 -31.0901 7.35876
    endloop
  endfacet
  facet normal 0.58776 -0.809035 0.000143175
    outer loop
      vertex -44.0839 -60.6763 9
      vertex -3.76843 -31.3877 6.89162
      vertex -3.57124 -31.2444 7.13189
    endloop
  endfacet
  facet normal 0.587752 -0.809041 -9.31488e-05
    outer loop
      vertex -44.0839 -60.6763 9
      vertex -3.94948 -31.5192 6.63896
      vertex -3.76843 -31.3877 6.89162
    endloop
  endfacet
  facet normal 0.587762 -0.809034 0.000161337
    outer loop
      vertex -44.0839 -60.6763 9
      vertex -4.11362 -31.6385 6.375
      vertex -3.94948 -31.5192 6.63896
    endloop
  endfacet
  facet normal 0.587748 -0.809044 -0.000147735
    outer loop
      vertex -44.0839 -60.6763 9
      vertex -4.26015 -31.7449 6.10087
      vertex -4.11362 -31.6385 6.375
    endloop
  endfacet
  facet normal 0.587756 -0.809038 1.76098e-05
    outer loop
      vertex -44.0839 -60.6763 9
      vertex -4.38843 -31.8381 5.81775
      vertex -4.26015 -31.7449 6.10087
    endloop
  endfacet
  facet normal 0.587763 -0.809033 0.00015403
    outer loop
      vertex -44.0839 -60.6763 9
      vertex -4.49792 -31.9177 5.52684
      vertex -4.38843 -31.8381 5.81775
    endloop
  endfacet
  facet normal 0.587747 -0.809045 -0.000134311
    outer loop
      vertex -44.0839 -60.6763 9
      vertex -4.58815 -31.9832 5.22939
      vertex -4.49792 -31.9177 5.52684
    endloop
  endfacet
  facet normal 0.587759 -0.809036 6.44069e-05
    outer loop
      vertex -44.0839 -60.6763 9
      vertex -4.65873 -32.0345 4.92668
      vertex -4.58815 -31.9832 5.22939
    endloop
  endfacet
  facet normal 0.587758 -0.809037 4.68378e-05
    outer loop
      vertex -44.0839 -60.6763 9
      vertex -4.70936 -32.0713 4.62
      vertex -4.65873 -32.0345 4.92668
    endloop
  endfacet
  facet normal 0.587748 -0.809044 -9.31028e-05
    outer loop
      vertex -44.0839 -60.6763 9
      vertex -4.73983 -32.0934 4.31066
      vertex -4.70936 -32.0713 4.62
    endloop
  endfacet
  facet normal 0.587755 -0.809039 0
    outer loop
      vertex -44.0839 -60.6763 4
      vertex -4.73983 -32.0934 4.31066
      vertex -44.0839 -60.6763 9
    endloop
  endfacet
  facet normal 0.587755 -0.809039 3.03254e-05
    outer loop
      vertex -4.73983 -32.0934 4.31066
      vertex -44.0839 -60.6763 4
      vertex -4.75 -32.1008 4
    endloop
  endfacet
  facet normal -0.587767 -0.80903 0
    outer loop
      vertex 0.310664 -28.8757 8.73983
      vertex 0 -28.65 9
      vertex 0 -28.65 8.75
    endloop
  endfacet
  facet normal -0.5877 -0.809079 0.000122007
    outer loop
      vertex 0.619999 -29.1004 8.70936
      vertex 0 -28.65 9
      vertex 0.310664 -28.8757 8.73983
    endloop
  endfacet
  facet normal -0.587768 -0.809029 -9.95501e-05
    outer loop
      vertex 0.926679 -29.3232 8.65873
      vertex 0 -28.65 9
      vertex 0.619999 -29.1004 8.70936
    endloop
  endfacet
  facet normal -0.587701 -0.809078 0.000177887
    outer loop
      vertex 1.22939 -29.5431 8.58815
      vertex 0 -28.65 9
      vertex 0.926679 -29.3232 8.65873
    endloop
  endfacet
  facet normal -0.588025 -0.808842 -0.0012984
    outer loop
      vertex 1.52684 -29.7592 8.49792
      vertex 0 -28.65 9
      vertex 1.22939 -29.5431 8.58815
    endloop
  endfacet
  facet normal -0.587755 -0.809039 -4.2913e-05
    outer loop
      vertex 0 -28.65 9
      vertex 1.52684 -29.7592 8.49792
      vertex 44.0839 -60.6763 9
    endloop
  endfacet
  facet normal -0.587758 -0.809036 0.000415647
    outer loop
      vertex 1.81775 -29.9706 8.38843
      vertex 44.0839 -60.6763 9
      vertex 1.52684 -29.7592 8.49792
    endloop
  endfacet
  facet normal -0.58775 -0.809043 -0.000502823
    outer loop
      vertex 2.10087 -30.1762 8.26015
      vertex 44.0839 -60.6763 9
      vertex 1.81775 -29.9706 8.38843
    endloop
  endfacet
  facet normal -0.587758 -0.809036 0.000258089
    outer loop
      vertex 2.375 -30.3754 8.11362
      vertex 44.0839 -60.6763 9
      vertex 2.10087 -30.1762 8.26015
    endloop
  endfacet
  facet normal -0.587757 -0.809037 0.000176142
    outer loop
      vertex 2.63896 -30.5672 7.94948
      vertex 44.0839 -60.6763 9
      vertex 2.375 -30.3754 8.11362
    endloop
  endfacet
  facet normal -0.587751 -0.809042 -0.00023105
    outer loop
      vertex 2.89162 -30.7507 7.76843
      vertex 44.0839 -60.6763 9
      vertex 2.63896 -30.5672 7.94948
    endloop
  endfacet
  facet normal -0.587759 -0.809036 0.000187221
    outer loop
      vertex 3.13189 -30.9253 7.57124
      vertex 44.0839 -60.6763 9
      vertex 2.89162 -30.7507 7.76843
    endloop
  endfacet
  facet normal -0.587753 -0.80904 -6.43711e-05
    outer loop
      vertex 3.35876 -31.0901 7.35876
      vertex 44.0839 -60.6763 9
      vertex 3.13189 -30.9253 7.57124
    endloop
  endfacet
  facet normal -0.587749 -0.809043 -0.000218265
    outer loop
      vertex 3.57124 -31.2444 7.13189
      vertex 44.0839 -60.6763 9
      vertex 3.35876 -31.0901 7.35876
    endloop
  endfacet
  facet normal -0.58776 -0.809035 0.000143175
    outer loop
      vertex 3.76843 -31.3877 6.89162
      vertex 44.0839 -60.6763 9
      vertex 3.57124 -31.2444 7.13189
    endloop
  endfacet
  facet normal -0.587752 -0.809041 -9.31488e-05
    outer loop
      vertex 3.94948 -31.5192 6.63896
      vertex 44.0839 -60.6763 9
      vertex 3.76843 -31.3877 6.89162
    endloop
  endfacet
  facet normal -0.587762 -0.809034 0.000161337
    outer loop
      vertex 4.11362 -31.6385 6.375
      vertex 44.0839 -60.6763 9
      vertex 3.94948 -31.5192 6.63896
    endloop
  endfacet
  facet normal -0.587748 -0.809044 -0.000147735
    outer loop
      vertex 4.26015 -31.7449 6.10087
      vertex 44.0839 -60.6763 9
      vertex 4.11362 -31.6385 6.375
    endloop
  endfacet
  facet normal -0.587756 -0.809038 1.76098e-05
    outer loop
      vertex 4.38843 -31.8381 5.81775
      vertex 44.0839 -60.6763 9
      vertex 4.26015 -31.7449 6.10087
    endloop
  endfacet
  facet normal -0.587763 -0.809033 0.00015403
    outer loop
      vertex 4.49792 -31.9177 5.52684
      vertex 44.0839 -60.6763 9
      vertex 4.38843 -31.8381 5.81775
    endloop
  endfacet
  facet normal -0.587747 -0.809045 -0.000134311
    outer loop
      vertex 4.58815 -31.9832 5.22939
      vertex 44.0839 -60.6763 9
      vertex 4.49792 -31.9177 5.52684
    endloop
  endfacet
  facet normal -0.587759 -0.809036 6.44069e-05
    outer loop
      vertex 4.65873 -32.0345 4.92668
      vertex 44.0839 -60.6763 9
      vertex 4.58815 -31.9832 5.22939
    endloop
  endfacet
  facet normal -0.587758 -0.809037 4.68378e-05
    outer loop
      vertex 4.70936 -32.0713 4.62
      vertex 44.0839 -60.6763 9
      vertex 4.65873 -32.0345 4.92668
    endloop
  endfacet
  facet normal -0.587748 -0.809044 -9.31028e-05
    outer loop
      vertex 4.73983 -32.0934 4.31066
      vertex 44.0839 -60.6763 9
      vertex 4.70936 -32.0713 4.62
    endloop
  endfacet
  facet normal -0.587755 -0.809039 3.03254e-05
    outer loop
      vertex 44.0839 -60.6763 4
      vertex 4.73983 -32.0934 4.31066
      vertex 4.75 -32.1008 4
    endloop
  endfacet
  facet normal -0.587755 -0.809039 0
    outer loop
      vertex 4.73983 -32.0934 4.31066
      vertex 44.0839 -60.6763 4
      vertex 44.0839 -60.6763 9
    endloop
  endfacet
  facet normal 0.951068 0.30898 0
    outer loop
      vertex 44.0839 -60.6763 9
      vertex 27.2478 -8.85333 4
      vertex 27.2478 -8.85333 9
    endloop
  endfacet
  facet normal 0.951068 0.30898 0
    outer loop
      vertex 27.2478 -8.85333 4
      vertex 44.0839 -60.6763 9
      vertex 44.0839 -60.6763 4
    endloop
  endfacet
  facet normal -0.587754 0.809039 0
    outer loop
      vertex 0 -25.6835 4
      vertex 0 -25.6835 0
      vertex -4.75 -29.1343 4
    endloop
  endfacet
  facet normal -0.587767 0.80903 0
    outer loop
      vertex -0.310664 -25.9092 8.73983
      vertex 0 -25.6835 9
      vertex 0 -25.6835 8.75
    endloop
  endfacet
  facet normal -0.5877 0.809079 -0.000122007
    outer loop
      vertex -0.619999 -26.1339 8.70936
      vertex 0 -25.6835 9
      vertex -0.310664 -25.9092 8.73983
    endloop
  endfacet
  facet normal -0.587768 0.809029 9.95501e-05
    outer loop
      vertex -0.926679 -26.3567 8.65873
      vertex 0 -25.6835 9
      vertex -0.619999 -26.1339 8.70936
    endloop
  endfacet
  facet normal -0.588177 0.80873 0.00179952
    outer loop
      vertex -1.22939 -26.5767 8.58815
      vertex 0 -25.6835 9
      vertex -0.926679 -26.3567 8.65873
    endloop
  endfacet
  facet normal -0.585697 0.810476 -0.00938805
    outer loop
      vertex -1.52684 -26.7927 8.49792
      vertex 0 -25.6835 9
      vertex -1.22939 -26.5767 8.58815
    endloop
  endfacet
  facet normal -0.587755 0.809039 4.38002e-05
    outer loop
      vertex 0 -25.6835 9
      vertex -1.52684 -26.7927 8.49792
      vertex -39.5193 -54.3937 9
    endloop
  endfacet
  facet normal -0.587759 0.809036 -0.0004132
    outer loop
      vertex -1.81775 -27.0041 8.38843
      vertex -39.5193 -54.3937 9
      vertex -1.52684 -26.7927 8.49792
    endloop
  endfacet
  facet normal -0.587756 0.809038 -0.000107444
    outer loop
      vertex -2.10087 -27.2098 8.26015
      vertex -39.5193 -54.3937 9
      vertex -1.81775 -27.0041 8.38843
    endloop
  endfacet
  facet normal -0.587751 0.809042 0.00027222
    outer loop
      vertex -2.375 -27.4089 8.11362
      vertex -39.5193 -54.3937 9
      vertex -2.10087 -27.2098 8.26015
    endloop
  endfacet
  facet normal -0.587758 0.809037 -0.00017494
    outer loop
      vertex -2.63896 -27.6007 7.94948
      vertex -39.5193 -54.3937 9
      vertex -2.375 -27.4089 8.11362
    endloop
  endfacet
  facet normal -0.58775 0.809042 0.000230384
    outer loop
      vertex -2.89162 -27.7842 7.76843
      vertex -39.5193 -54.3937 9
      vertex -2.63896 -27.6007 7.94948
    endloop
  endfacet
  facet normal -0.587759 0.809036 -0.000185982
    outer loop
      vertex -3.13189 -27.9588 7.57124
      vertex -39.5193 -54.3937 9
      vertex -2.89162 -27.7842 7.76843
    endloop
  endfacet
  facet normal -0.587753 0.80904 6.43352e-05
    outer loop
      vertex -3.35876 -28.1236 7.35876
      vertex -39.5193 -54.3937 9
      vertex -3.13189 -27.9588 7.57124
    endloop
  endfacet
  facet normal -0.587759 0.809036 -0.000124539
    outer loop
      vertex -3.57124 -28.278 7.13189
      vertex -39.5193 -54.3937 9
      vertex -3.35876 -28.1236 7.35876
    endloop
  endfacet
  facet normal -0.587748 0.809044 0.000179019
    outer loop
      vertex -3.76843 -28.4212 6.89162
      vertex -39.5193 -54.3937 9
      vertex -3.57124 -28.278 7.13189
    endloop
  endfacet
  facet normal -0.587763 0.809033 -0.000214266
    outer loop
      vertex -3.94948 -28.5528 6.63896
      vertex -39.5193 -54.3937 9
      vertex -3.76843 -28.4212 6.89162
    endloop
  endfacet
  facet normal -0.587748 0.809044 0.000132636
    outer loop
      vertex -4.11362 -28.672 6.375
      vertex -39.5193 -54.3937 9
      vertex -3.94948 -28.5528 6.63896
    endloop
  endfacet
  facet normal -0.587748 0.809044 0.000147238
    outer loop
      vertex -4.26015 -28.7784 6.10087
      vertex -39.5193 -54.3937 9
      vertex -4.11362 -28.672 6.375
    endloop
  endfacet
  facet normal -0.587757 0.809038 -1.73533e-05
    outer loop
      vertex -4.38843 -28.8716 5.81775
      vertex -39.5193 -54.3937 9
      vertex -4.26015 -28.7784 6.10087
    endloop
  endfacet
  facet normal -0.587765 0.809032 -0.000153298
    outer loop
      vertex -4.49792 -28.9512 5.52684
      vertex -39.5193 -54.3937 9
      vertex -4.38843 -28.8716 5.81775
    endloop
  endfacet
  facet normal -0.587746 0.809046 0.000133934
    outer loop
      vertex -4.58815 -29.0167 5.22939
      vertex -39.5193 -54.3937 9
      vertex -4.49792 -28.9512 5.52684
    endloop
  endfacet
  facet normal -0.58776 0.809035 -6.4135e-05
    outer loop
      vertex -4.65873 -29.068 4.92668
      vertex -39.5193 -54.3937 9
      vertex -4.58815 -29.0167 5.22939
    endloop
  endfacet
  facet normal -0.587759 0.809036 -4.66823e-05
    outer loop
      vertex -4.70936 -29.1048 4.62
      vertex -39.5193 -54.3937 9
      vertex -4.65873 -29.068 4.92668
    endloop
  endfacet
  facet normal -0.587747 0.809045 9.29978e-05
    outer loop
      vertex -4.73983 -29.1269 4.31066
      vertex -39.5193 -54.3937 9
      vertex -4.70936 -29.1048 4.62
    endloop
  endfacet
  facet normal -0.587758 0.809037 -3.0172e-05
    outer loop
      vertex -4.75 -29.1343 4
      vertex -39.5193 -54.3937 9
      vertex -4.73983 -29.1269 4.31066
    endloop
  endfacet
  facet normal -0.587755 0.809039 -1.27725e-06
    outer loop
      vertex -39.5193 -54.3937 0
      vertex -4.75 -29.1343 4
      vertex 0 -25.6835 0
    endloop
  endfacet
  facet normal -0.587755 0.809039 0
    outer loop
      vertex -4.75 -29.1343 4
      vertex -39.5193 -54.3937 0
      vertex -39.5193 -54.3937 9
    endloop
  endfacet
  facet normal 0.951069 -0.30898 0
    outer loop
      vertex -39.5193 -54.3937 9
      vertex -24.4265 -7.93665 0
      vertex -24.4265 -7.93665 9
    endloop
  endfacet
  facet normal 0.951069 -0.30898 0
    outer loop
      vertex -24.4265 -7.93665 0
      vertex -39.5193 -54.3937 9
      vertex -39.5193 -54.3937 0
    endloop
  endfacet
  facet normal 0.587817 0.808994 -0
    outer loop
      vertex -24.4265 -7.93665 0
      vertex -63.9436 20.7766 9
      vertex -24.4265 -7.93665 9
    endloop
  endfacet
  facet normal 0.587817 0.808994 0
    outer loop
      vertex -63.9436 20.7766 9
      vertex -24.4265 -7.93665 0
      vertex -63.9436 20.7766 0
    endloop
  endfacet
  facet normal 3.68496e-05 -1 0
    outer loop
      vertex -63.9436 20.7766 0
      vertex -15.0964 20.7784 9
      vertex -63.9436 20.7766 9
    endloop
  endfacet
  facet normal 3.68496e-05 -1 0
    outer loop
      vertex -15.0964 20.7784 9
      vertex -63.9436 20.7766 0
      vertex -15.0964 20.7784 0
    endloop
  endfacet
  facet normal 0.951045 -0.309053 0
    outer loop
      vertex -15.0964 20.7784 9
      vertex 0 67.2344 0
      vertex 0 67.2344 9
    endloop
  endfacet
  facet normal 0.951045 -0.309053 0
    outer loop
      vertex 0 67.2344 0
      vertex -15.0964 20.7784 9
      vertex -15.0964 20.7784 0
    endloop
  endfacet
  facet normal -0.951045 -0.309053 0
    outer loop
      vertex 15.0964 20.7784 0
      vertex 0 67.2344 9
      vertex 0 67.2344 0
    endloop
  endfacet
  facet normal -0.951045 -0.309053 0
    outer loop
      vertex 0 67.2344 9
      vertex 15.0964 20.7784 0
      vertex 15.0964 20.7784 9
    endloop
  endfacet
  facet normal -3.68496e-05 -1 0
    outer loop
      vertex 15.0964 20.7784 0
      vertex 63.9436 20.7766 9
      vertex 15.0964 20.7784 9
    endloop
  endfacet
  facet normal -3.68496e-05 -1 -0
    outer loop
      vertex 63.9436 20.7766 9
      vertex 15.0964 20.7784 0
      vertex 63.9436 20.7766 0
    endloop
  endfacet
  facet normal -0.587817 0.808994 0
    outer loop
      vertex 63.9436 20.7766 0
      vertex 24.4265 -7.93665 9
      vertex 63.9436 20.7766 9
    endloop
  endfacet
  facet normal -0.587817 0.808994 0
    outer loop
      vertex 24.4265 -7.93665 9
      vertex 63.9436 20.7766 0
      vertex 24.4265 -7.93665 0
    endloop
  endfacet
  facet normal -0.951069 -0.30898 0
    outer loop
      vertex 39.5193 -54.3937 0
      vertex 24.4265 -7.93665 9
      vertex 24.4265 -7.93665 0
    endloop
  endfacet
  facet normal -0.951069 -0.30898 0
    outer loop
      vertex 24.4265 -7.93665 9
      vertex 39.5193 -54.3937 0
      vertex 39.5193 -54.3937 9
    endloop
  endfacet
  facet normal 0.587755 0.809039 4.38002e-05
    outer loop
      vertex 1.52684 -26.7927 8.49792
      vertex 0 -25.6835 9
      vertex 39.5193 -54.3937 9
    endloop
  endfacet
  facet normal 0.587767 0.80903 0
    outer loop
      vertex 0 -25.6835 9
      vertex 0.310664 -25.9092 8.73983
      vertex 0 -25.6835 8.75
    endloop
  endfacet
  facet normal 0.5877 0.809079 -0.000122007
    outer loop
      vertex 0 -25.6835 9
      vertex 0.619999 -26.1339 8.70936
      vertex 0.310664 -25.9092 8.73983
    endloop
  endfacet
  facet normal 0.587768 0.809029 9.95501e-05
    outer loop
      vertex 0 -25.6835 9
      vertex 0.926679 -26.3567 8.65873
      vertex 0.619999 -26.1339 8.70936
    endloop
  endfacet
  facet normal 0.588177 0.80873 0.00179952
    outer loop
      vertex 0 -25.6835 9
      vertex 1.22939 -26.5767 8.58815
      vertex 0.926679 -26.3567 8.65873
    endloop
  endfacet
  facet normal 0.585697 0.810476 -0.00938805
    outer loop
      vertex 0 -25.6835 9
      vertex 1.52684 -26.7927 8.49792
      vertex 1.22939 -26.5767 8.58815
    endloop
  endfacet
  facet normal 0.587759 0.809036 -0.0004132
    outer loop
      vertex 39.5193 -54.3937 9
      vertex 1.81775 -27.0041 8.38843
      vertex 1.52684 -26.7927 8.49792
    endloop
  endfacet
  facet normal 0.587756 0.809038 -0.000107444
    outer loop
      vertex 39.5193 -54.3937 9
      vertex 2.10087 -27.2098 8.26015
      vertex 1.81775 -27.0041 8.38843
    endloop
  endfacet
  facet normal 0.587751 0.809042 0.00027222
    outer loop
      vertex 39.5193 -54.3937 9
      vertex 2.375 -27.4089 8.11362
      vertex 2.10087 -27.2098 8.26015
    endloop
  endfacet
  facet normal 0.587758 0.809037 -0.00017494
    outer loop
      vertex 39.5193 -54.3937 9
      vertex 2.63896 -27.6007 7.94948
      vertex 2.375 -27.4089 8.11362
    endloop
  endfacet
  facet normal 0.58775 0.809042 0.000230384
    outer loop
      vertex 39.5193 -54.3937 9
      vertex 2.89162 -27.7842 7.76843
      vertex 2.63896 -27.6007 7.94948
    endloop
  endfacet
  facet normal 0.587759 0.809036 -0.000185982
    outer loop
      vertex 39.5193 -54.3937 9
      vertex 3.13189 -27.9588 7.57124
      vertex 2.89162 -27.7842 7.76843
    endloop
  endfacet
  facet normal 0.587753 0.80904 6.43352e-05
    outer loop
      vertex 39.5193 -54.3937 9
      vertex 3.35876 -28.1236 7.35876
      vertex 3.13189 -27.9588 7.57124
    endloop
  endfacet
  facet normal 0.587759 0.809036 -0.000124539
    outer loop
      vertex 39.5193 -54.3937 9
      vertex 3.57124 -28.278 7.13189
      vertex 3.35876 -28.1236 7.35876
    endloop
  endfacet
  facet normal 0.587748 0.809044 0.000179019
    outer loop
      vertex 39.5193 -54.3937 9
      vertex 3.76843 -28.4212 6.89162
      vertex 3.57124 -28.278 7.13189
    endloop
  endfacet
  facet normal 0.587763 0.809033 -0.000214266
    outer loop
      vertex 39.5193 -54.3937 9
      vertex 3.94948 -28.5528 6.63896
      vertex 3.76843 -28.4212 6.89162
    endloop
  endfacet
  facet normal 0.587748 0.809044 0.000132636
    outer loop
      vertex 39.5193 -54.3937 9
      vertex 4.11362 -28.672 6.375
      vertex 3.94948 -28.5528 6.63896
    endloop
  endfacet
  facet normal 0.587748 0.809044 0.000147238
    outer loop
      vertex 39.5193 -54.3937 9
      vertex 4.26015 -28.7784 6.10087
      vertex 4.11362 -28.672 6.375
    endloop
  endfacet
  facet normal 0.587757 0.809038 -1.73533e-05
    outer loop
      vertex 39.5193 -54.3937 9
      vertex 4.38843 -28.8716 5.81775
      vertex 4.26015 -28.7784 6.10087
    endloop
  endfacet
  facet normal 0.587765 0.809032 -0.000153298
    outer loop
      vertex 39.5193 -54.3937 9
      vertex 4.49792 -28.9512 5.52684
      vertex 4.38843 -28.8716 5.81775
    endloop
  endfacet
  facet normal 0.587746 0.809046 0.000133934
    outer loop
      vertex 39.5193 -54.3937 9
      vertex 4.58815 -29.0167 5.22939
      vertex 4.49792 -28.9512 5.52684
    endloop
  endfacet
  facet normal 0.58776 0.809035 -6.4135e-05
    outer loop
      vertex 39.5193 -54.3937 9
      vertex 4.65873 -29.068 4.92668
      vertex 4.58815 -29.0167 5.22939
    endloop
  endfacet
  facet normal 0.587759 0.809036 -4.66823e-05
    outer loop
      vertex 39.5193 -54.3937 9
      vertex 4.70936 -29.1048 4.62
      vertex 4.65873 -29.068 4.92668
    endloop
  endfacet
  facet normal 0.587747 0.809045 9.29978e-05
    outer loop
      vertex 39.5193 -54.3937 9
      vertex 4.73983 -29.1269 4.31066
      vertex 4.70936 -29.1048 4.62
    endloop
  endfacet
  facet normal 0.587758 0.809037 -3.0172e-05
    outer loop
      vertex 39.5193 -54.3937 9
      vertex 4.75 -29.1343 4
      vertex 4.73983 -29.1269 4.31066
    endloop
  endfacet
  facet normal 0.587755 0.809039 -0
    outer loop
      vertex 39.5193 -54.3937 0
      vertex 4.75 -29.1343 4
      vertex 39.5193 -54.3937 9
    endloop
  endfacet
  facet normal 0.587755 0.809039 -1.27725e-06
    outer loop
      vertex 0 -25.6835 0
      vertex 4.75 -29.1343 4
      vertex 39.5193 -54.3937 0
    endloop
  endfacet
  facet normal 0.587754 0.809039 0
    outer loop
      vertex 4.75 -29.1343 4
      vertex 0 -25.6835 0
      vertex 0 -25.6835 4
    endloop
  endfacet
  facet normal 0.999465 -0 0.0327192
    outer loop
      vertex 4.73983 -29.1269 4.31066
      vertex 4.75 -22.65 4
      vertex 4.73983 -22.65 4.31066
    endloop
  endfacet
  facet normal 0.999465 0 0.0327192
    outer loop
      vertex 4.75 -22.65 4
      vertex 4.73983 -29.1269 4.31066
      vertex 4.75 -29.1343 4
    endloop
  endfacet
  facet normal 0.999465 -0 0.0327192
    outer loop
      vertex 4.73983 -53.65 4.31066
      vertex 4.75 -32.1008 4
      vertex 4.73983 -32.0934 4.31066
    endloop
  endfacet
  facet normal 0.999465 0 0.0327192
    outer loop
      vertex 4.75 -32.1008 4
      vertex 4.73983 -53.65 4.31066
      vertex 4.75 -53.65 4
    endloop
  endfacet
  facet normal 0.986645 -0 0.162886
    outer loop
      vertex 4.65873 -29.068 4.92668
      vertex 4.70936 -22.65 4.62
      vertex 4.65873 -22.65 4.92668
    endloop
  endfacet
  facet normal 0.986645 0 0.162886
    outer loop
      vertex 4.70936 -22.65 4.62
      vertex 4.65873 -29.068 4.92668
      vertex 4.70936 -29.1048 4.62
    endloop
  endfacet
  facet normal 0.986645 -0 0.162886
    outer loop
      vertex 4.65873 -53.65 4.92668
      vertex 4.70936 -32.0713 4.62
      vertex 4.65873 -32.0345 4.92668
    endloop
  endfacet
  facet normal 0.986645 0 0.162886
    outer loop
      vertex 4.70936 -32.0713 4.62
      vertex 4.65873 -53.65 4.92668
      vertex 4.70936 -53.65 4.62
    endloop
  endfacet
  facet normal 0.729875 -0 0.68358
    outer loop
      vertex 3.35876 -28.1236 7.35876
      vertex 3.57124 -22.65 7.13189
      vertex 3.35876 -22.65 7.35876
    endloop
  endfacet
  facet normal 0.729875 0 0.68358
    outer loop
      vertex 3.57124 -22.65 7.13189
      vertex 3.35876 -28.1236 7.35876
      vertex 3.57124 -28.278 7.13189
    endloop
  endfacet
  facet normal 0.729875 -0 0.68358
    outer loop
      vertex 3.35876 -53.65 7.35876
      vertex 3.57124 -31.2444 7.13189
      vertex 3.35876 -31.0901 7.35876
    endloop
  endfacet
  facet normal 0.729875 0 0.68358
    outer loop
      vertex 3.57124 -31.2444 7.13189
      vertex 3.35876 -53.65 7.35876
      vertex 3.57124 -53.65 7.13189
    endloop
  endfacet
  facet normal -0.68358 0 0.729875
    outer loop
      vertex -3.35876 -31.0901 7.35876
      vertex -3.13189 -53.65 7.57124
      vertex -3.13189 -30.9253 7.57124
    endloop
  endfacet
  facet normal -0.68358 0 0.729875
    outer loop
      vertex -3.13189 -53.65 7.57124
      vertex -3.35876 -31.0901 7.35876
      vertex -3.35876 -53.65 7.35876
    endloop
  endfacet
  facet normal -0.68358 0 0.729875
    outer loop
      vertex -3.35876 -22.65 7.35876
      vertex -3.13189 -27.9588 7.57124
      vertex -3.13189 -22.65 7.57124
    endloop
  endfacet
  facet normal -0.68358 0 0.729875
    outer loop
      vertex -3.13189 -27.9588 7.57124
      vertex -3.35876 -22.65 7.35876
      vertex -3.35876 -28.1236 7.35876
    endloop
  endfacet
  facet normal 0.412707 -0 0.910864
    outer loop
      vertex 1.81775 -27.0041 8.38843
      vertex 2.10087 -22.65 8.26015
      vertex 1.81775 -22.65 8.38843
    endloop
  endfacet
  facet normal 0.412707 0 0.910864
    outer loop
      vertex 2.10087 -22.65 8.26015
      vertex 1.81775 -27.0041 8.38843
      vertex 2.10087 -27.2098 8.26015
    endloop
  endfacet
  facet normal 0.412707 -0 0.910864
    outer loop
      vertex 1.81775 -53.65 8.38843
      vertex 2.10087 -30.1762 8.26015
      vertex 1.81775 -29.9706 8.38843
    endloop
  endfacet
  facet normal 0.412707 0 0.910864
    outer loop
      vertex 2.10087 -30.1762 8.26015
      vertex 1.81775 -53.65 8.38843
      vertex 2.10087 -53.65 8.26015
    endloop
  endfacet
  facet normal 0.973878 -0 0.22707
    outer loop
      vertex 4.58815 -29.0167 5.22939
      vertex 4.65873 -22.65 4.92668
      vertex 4.58815 -22.65 5.22939
    endloop
  endfacet
  facet normal 0.973878 0 0.22707
    outer loop
      vertex 4.65873 -22.65 4.92668
      vertex 4.58815 -29.0167 5.22939
      vertex 4.65873 -29.068 4.92668
    endloop
  endfacet
  facet normal 0.973878 -0 0.22707
    outer loop
      vertex 4.58815 -53.65 5.22939
      vertex 4.65873 -32.0345 4.92668
      vertex 4.58815 -31.9832 5.22939
    endloop
  endfacet
  facet normal 0.973878 0 0.22707
    outer loop
      vertex 4.65873 -32.0345 4.92668
      vertex 4.58815 -53.65 5.22939
      vertex 4.65873 -53.65 4.92668
    endloop
  endfacet
  facet normal 0.773002 -0 0.634404
    outer loop
      vertex 3.57124 -28.278 7.13189
      vertex 3.76843 -22.65 6.89162
      vertex 3.57124 -22.65 7.13189
    endloop
  endfacet
  facet normal 0.773002 0 0.634404
    outer loop
      vertex 3.76843 -22.65 6.89162
      vertex 3.57124 -28.278 7.13189
      vertex 3.76843 -28.4212 6.89162
    endloop
  endfacet
  facet normal 0.773002 -0 0.634404
    outer loop
      vertex 3.57124 -53.65 7.13189
      vertex 3.76843 -31.3877 6.89162
      vertex 3.57124 -31.2444 7.13189
    endloop
  endfacet
  facet normal 0.773002 0 0.634404
    outer loop
      vertex 3.76843 -31.3877 6.89162
      vertex 3.57124 -53.65 7.13189
      vertex 3.76843 -53.65 6.89162
    endloop
  endfacet
  facet normal 0.227069 -0 0.973879
    outer loop
      vertex 0.926679 -26.3567 8.65873
      vertex 1.22939 -22.65 8.58815
      vertex 0.926679 -22.65 8.65873
    endloop
  endfacet
  facet normal 0.227069 0 0.973879
    outer loop
      vertex 1.22939 -22.65 8.58815
      vertex 0.926679 -26.3567 8.65873
      vertex 1.22939 -26.5767 8.58815
    endloop
  endfacet
  facet normal 0.227069 -0 0.973879
    outer loop
      vertex 0.926679 -53.65 8.65873
      vertex 1.22939 -29.5431 8.58815
      vertex 0.926679 -29.3232 8.65873
    endloop
  endfacet
  facet normal 0.227069 0 0.973879
    outer loop
      vertex 1.22939 -29.5431 8.58815
      vertex 0.926679 -53.65 8.65873
      vertex 1.22939 -53.65 8.58815
    endloop
  endfacet
  facet normal 0.471408 -0 0.881915
    outer loop
      vertex 2.10087 -27.2098 8.26015
      vertex 2.375 -22.65 8.11362
      vertex 2.10087 -22.65 8.26015
    endloop
  endfacet
  facet normal 0.471408 0 0.881915
    outer loop
      vertex 2.375 -22.65 8.11362
      vertex 2.10087 -27.2098 8.26015
      vertex 2.375 -27.4089 8.11362
    endloop
  endfacet
  facet normal 0.471408 -0 0.881915
    outer loop
      vertex 2.10087 -53.65 8.26015
      vertex 2.375 -30.3754 8.11362
      vertex 2.10087 -30.1762 8.26015
    endloop
  endfacet
  facet normal 0.471408 0 0.881915
    outer loop
      vertex 2.375 -30.3754 8.11362
      vertex 2.10087 -53.65 8.26015
      vertex 2.375 -53.65 8.11362
    endloop
  endfacet
  facet normal -0.812852 0 0.58247
    outer loop
      vertex -3.94948 -22.65 6.63896
      vertex -3.76843 -28.4212 6.89162
      vertex -3.76843 -22.65 6.89162
    endloop
  endfacet
  facet normal -0.812852 0 0.58247
    outer loop
      vertex -3.76843 -28.4212 6.89162
      vertex -3.94948 -22.65 6.63896
      vertex -3.94948 -28.5528 6.63896
    endloop
  endfacet
  facet normal -0.812852 0 0.58247
    outer loop
      vertex -3.76843 -53.65 6.89162
      vertex -3.94948 -31.5192 6.63896
      vertex -3.94948 -53.65 6.63896
    endloop
  endfacet
  facet normal -0.812852 0 0.58247
    outer loop
      vertex -3.94948 -31.5192 6.63896
      vertex -3.76843 -53.65 6.89162
      vertex -3.76843 -31.3877 6.89162
    endloop
  endfacet
  facet normal -0.910864 0 0.412707
    outer loop
      vertex -4.38843 -22.65 5.81775
      vertex -4.26015 -28.7784 6.10087
      vertex -4.26015 -22.65 6.10087
    endloop
  endfacet
  facet normal -0.910864 0 0.412707
    outer loop
      vertex -4.26015 -28.7784 6.10087
      vertex -4.38843 -22.65 5.81775
      vertex -4.38843 -28.8716 5.81775
    endloop
  endfacet
  facet normal -0.910864 0 0.412707
    outer loop
      vertex -4.26015 -53.65 6.10087
      vertex -4.38843 -31.8381 5.81775
      vertex -4.38843 -53.65 5.81775
    endloop
  endfacet
  facet normal -0.910864 0 0.412707
    outer loop
      vertex -4.38843 -31.8381 5.81775
      vertex -4.26015 -53.65 6.10087
      vertex -4.26015 -31.7449 6.10087
    endloop
  endfacet
  facet normal -0.849203 0 0.528066
    outer loop
      vertex -4.11362 -22.65 6.375
      vertex -3.94948 -28.5528 6.63896
      vertex -3.94948 -22.65 6.63896
    endloop
  endfacet
  facet normal -0.849203 0 0.528066
    outer loop
      vertex -3.94948 -28.5528 6.63896
      vertex -4.11362 -22.65 6.375
      vertex -4.11362 -28.672 6.375
    endloop
  endfacet
  facet normal -0.849203 0 0.528066
    outer loop
      vertex -3.94948 -53.65 6.63896
      vertex -4.11362 -31.6385 6.375
      vertex -4.11362 -53.65 6.375
    endloop
  endfacet
  facet normal -0.849203 0 0.528066
    outer loop
      vertex -4.11362 -31.6385 6.375
      vertex -3.94948 -53.65 6.63896
      vertex -3.94948 -31.5192 6.63896
    endloop
  endfacet
  facet normal -0.973878 0 0.22707
    outer loop
      vertex -4.65873 -22.65 4.92668
      vertex -4.58815 -29.0167 5.22939
      vertex -4.58815 -22.65 5.22939
    endloop
  endfacet
  facet normal -0.973878 0 0.22707
    outer loop
      vertex -4.58815 -29.0167 5.22939
      vertex -4.65873 -22.65 4.92668
      vertex -4.65873 -29.068 4.92668
    endloop
  endfacet
  facet normal -0.973878 0 0.22707
    outer loop
      vertex -4.58815 -53.65 5.22939
      vertex -4.65873 -32.0345 4.92668
      vertex -4.65873 -53.65 4.92668
    endloop
  endfacet
  facet normal -0.973878 0 0.22707
    outer loop
      vertex -4.65873 -32.0345 4.92668
      vertex -4.58815 -53.65 5.22939
      vertex -4.58815 -31.9832 5.22939
    endloop
  endfacet
  facet normal -0.528066 0 0.849203
    outer loop
      vertex -2.63896 -22.65 7.94948
      vertex -2.375 -27.4089 8.11362
      vertex -2.375 -22.65 8.11362
    endloop
  endfacet
  facet normal -0.528066 0 0.849203
    outer loop
      vertex -2.375 -27.4089 8.11362
      vertex -2.63896 -22.65 7.94948
      vertex -2.63896 -27.6007 7.94948
    endloop
  endfacet
  facet normal -0.528066 0 0.849203
    outer loop
      vertex -2.63896 -30.5672 7.94948
      vertex -2.375 -53.65 8.11362
      vertex -2.375 -30.3754 8.11362
    endloop
  endfacet
  facet normal -0.528066 0 0.849203
    outer loop
      vertex -2.375 -53.65 8.11362
      vertex -2.63896 -30.5672 7.94948
      vertex -2.63896 -53.65 7.94948
    endloop
  endfacet
  facet normal -0.634404 0 0.773002
    outer loop
      vertex -3.13189 -22.65 7.57124
      vertex -2.89162 -27.7842 7.76843
      vertex -2.89162 -22.65 7.76843
    endloop
  endfacet
  facet normal -0.634404 0 0.773002
    outer loop
      vertex -2.89162 -27.7842 7.76843
      vertex -3.13189 -22.65 7.57124
      vertex -3.13189 -27.9588 7.57124
    endloop
  endfacet
  facet normal -0.634404 0 0.773002
    outer loop
      vertex -3.13189 -30.9253 7.57124
      vertex -2.89162 -53.65 7.76843
      vertex -2.89162 -30.7507 7.76843
    endloop
  endfacet
  facet normal -0.634404 0 0.773002
    outer loop
      vertex -2.89162 -53.65 7.76843
      vertex -3.13189 -30.9253 7.57124
      vertex -3.13189 -53.65 7.57124
    endloop
  endfacet
  facet normal -0.0980272 0 0.995184
    outer loop
      vertex -0.619999 -22.65 8.70936
      vertex -0.310664 -25.9092 8.73983
      vertex -0.310664 -22.65 8.73983
    endloop
  endfacet
  facet normal -0.0980272 0 0.995184
    outer loop
      vertex -0.310664 -25.9092 8.73983
      vertex -0.619999 -22.65 8.70936
      vertex -0.619999 -26.1339 8.70936
    endloop
  endfacet
  facet normal -0.0980272 0 0.995184
    outer loop
      vertex -0.619999 -29.1004 8.70936
      vertex -0.310664 -53.65 8.73983
      vertex -0.310664 -28.8757 8.73983
    endloop
  endfacet
  facet normal -0.0980272 0 0.995184
    outer loop
      vertex -0.310664 -53.65 8.73983
      vertex -0.619999 -29.1004 8.70936
      vertex -0.619999 -53.65 8.70936
    endloop
  endfacet
  facet normal 0 1 0
    outer loop
      vertex 0.310664 -22.65 8.73983
      vertex -0.310664 -22.65 8.73983
      vertex 0 -22.65 8.75
    endloop
  endfacet
  facet normal 0 1 0
    outer loop
      vertex 0.619999 -22.65 8.70936
      vertex -0.310664 -22.65 8.73983
      vertex 0.310664 -22.65 8.73983
    endloop
  endfacet
  facet normal 0 1 0
    outer loop
      vertex 0.619999 -22.65 8.70936
      vertex -0.619999 -22.65 8.70936
      vertex -0.310664 -22.65 8.73983
    endloop
  endfacet
  facet normal 0 1 0
    outer loop
      vertex 0.926679 -22.65 8.65873
      vertex -0.619999 -22.65 8.70936
      vertex 0.619999 -22.65 8.70936
    endloop
  endfacet
  facet normal 0 1 0
    outer loop
      vertex 0.926679 -22.65 8.65873
      vertex -0.926679 -22.65 8.65873
      vertex -0.619999 -22.65 8.70936
    endloop
  endfacet
  facet normal 0 1 0
    outer loop
      vertex 1.22939 -22.65 8.58815
      vertex -0.926679 -22.65 8.65873
      vertex 0.926679 -22.65 8.65873
    endloop
  endfacet
  facet normal 0 1 0
    outer loop
      vertex 1.22939 -22.65 8.58815
      vertex -1.22939 -22.65 8.58815
      vertex -0.926679 -22.65 8.65873
    endloop
  endfacet
  facet normal 0 1 0
    outer loop
      vertex 1.52684 -22.65 8.49792
      vertex -1.22939 -22.65 8.58815
      vertex 1.22939 -22.65 8.58815
    endloop
  endfacet
  facet normal 0 1 0
    outer loop
      vertex 1.52684 -22.65 8.49792
      vertex -1.52684 -22.65 8.49792
      vertex -1.22939 -22.65 8.58815
    endloop
  endfacet
  facet normal 0 1 0
    outer loop
      vertex 1.81775 -22.65 8.38843
      vertex -1.52684 -22.65 8.49792
      vertex 1.52684 -22.65 8.49792
    endloop
  endfacet
  facet normal 0 1 0
    outer loop
      vertex 1.81775 -22.65 8.38843
      vertex -1.81775 -22.65 8.38843
      vertex -1.52684 -22.65 8.49792
    endloop
  endfacet
  facet normal 0 1 0
    outer loop
      vertex 2.10087 -22.65 8.26015
      vertex -1.81775 -22.65 8.38843
      vertex 1.81775 -22.65 8.38843
    endloop
  endfacet
  facet normal 0 1 0
    outer loop
      vertex 2.10087 -22.65 8.26015
      vertex -2.10087 -22.65 8.26015
      vertex -1.81775 -22.65 8.38843
    endloop
  endfacet
  facet normal 0 1 0
    outer loop
      vertex 2.375 -22.65 8.11362
      vertex -2.10087 -22.65 8.26015
      vertex 2.10087 -22.65 8.26015
    endloop
  endfacet
  facet normal 0 1 0
    outer loop
      vertex 2.375 -22.65 8.11362
      vertex -2.375 -22.65 8.11362
      vertex -2.10087 -22.65 8.26015
    endloop
  endfacet
  facet normal 0 1 0
    outer loop
      vertex 2.63896 -22.65 7.94948
      vertex -2.375 -22.65 8.11362
      vertex 2.375 -22.65 8.11362
    endloop
  endfacet
  facet normal 0 1 0
    outer loop
      vertex 2.63896 -22.65 7.94948
      vertex -2.63896 -22.65 7.94948
      vertex -2.375 -22.65 8.11362
    endloop
  endfacet
  facet normal 0 1 0
    outer loop
      vertex 2.89162 -22.65 7.76843
      vertex -2.63896 -22.65 7.94948
      vertex 2.63896 -22.65 7.94948
    endloop
  endfacet
  facet normal 0 1 0
    outer loop
      vertex 2.89162 -22.65 7.76843
      vertex -2.89162 -22.65 7.76843
      vertex -2.63896 -22.65 7.94948
    endloop
  endfacet
  facet normal 0 1 0
    outer loop
      vertex 3.13189 -22.65 7.57124
      vertex -2.89162 -22.65 7.76843
      vertex 2.89162 -22.65 7.76843
    endloop
  endfacet
  facet normal 0 1 0
    outer loop
      vertex 3.13189 -22.65 7.57124
      vertex -3.13189 -22.65 7.57124
      vertex -2.89162 -22.65 7.76843
    endloop
  endfacet
  facet normal 0 1 0
    outer loop
      vertex 3.35876 -22.65 7.35876
      vertex -3.13189 -22.65 7.57124
      vertex 3.13189 -22.65 7.57124
    endloop
  endfacet
  facet normal 0 1 0
    outer loop
      vertex 3.35876 -22.65 7.35876
      vertex -3.35876 -22.65 7.35876
      vertex -3.13189 -22.65 7.57124
    endloop
  endfacet
  facet normal 0 1 0
    outer loop
      vertex 3.57124 -22.65 7.13189
      vertex -3.35876 -22.65 7.35876
      vertex 3.35876 -22.65 7.35876
    endloop
  endfacet
  facet normal 0 1 0
    outer loop
      vertex 3.57124 -22.65 7.13189
      vertex -3.57124 -22.65 7.13189
      vertex -3.35876 -22.65 7.35876
    endloop
  endfacet
  facet normal 0 1 0
    outer loop
      vertex 3.76843 -22.65 6.89162
      vertex -3.57124 -22.65 7.13189
      vertex 3.57124 -22.65 7.13189
    endloop
  endfacet
  facet normal 0 1 0
    outer loop
      vertex 3.76843 -22.65 6.89162
      vertex -3.76843 -22.65 6.89162
      vertex -3.57124 -22.65 7.13189
    endloop
  endfacet
  facet normal 0 1 0
    outer loop
      vertex 3.94948 -22.65 6.63896
      vertex -3.76843 -22.65 6.89162
      vertex 3.76843 -22.65 6.89162
    endloop
  endfacet
  facet normal 0 1 0
    outer loop
      vertex 3.94948 -22.65 6.63896
      vertex -3.94948 -22.65 6.63896
      vertex -3.76843 -22.65 6.89162
    endloop
  endfacet
  facet normal 0 1 0
    outer loop
      vertex 4.11362 -22.65 6.375
      vertex -3.94948 -22.65 6.63896
      vertex 3.94948 -22.65 6.63896
    endloop
  endfacet
  facet normal 0 1 0
    outer loop
      vertex 4.11362 -22.65 6.375
      vertex -4.11362 -22.65 6.375
      vertex -3.94948 -22.65 6.63896
    endloop
  endfacet
  facet normal 0 1 0
    outer loop
      vertex 4.26015 -22.65 6.10087
      vertex -4.11362 -22.65 6.375
      vertex 4.11362 -22.65 6.375
    endloop
  endfacet
  facet normal 0 1 0
    outer loop
      vertex 4.26015 -22.65 6.10087
      vertex -4.26015 -22.65 6.10087
      vertex -4.11362 -22.65 6.375
    endloop
  endfacet
  facet normal 0 1 0
    outer loop
      vertex 4.38843 -22.65 5.81775
      vertex -4.26015 -22.65 6.10087
      vertex 4.26015 -22.65 6.10087
    endloop
  endfacet
  facet normal 0 1 0
    outer loop
      vertex 4.38843 -22.65 5.81775
      vertex -4.38843 -22.65 5.81775
      vertex -4.26015 -22.65 6.10087
    endloop
  endfacet
  facet normal 0 1 0
    outer loop
      vertex 4.49792 -22.65 5.52684
      vertex -4.38843 -22.65 5.81775
      vertex 4.38843 -22.65 5.81775
    endloop
  endfacet
  facet normal 0 1 0
    outer loop
      vertex 4.49792 -22.65 5.52684
      vertex -4.49792 -22.65 5.52684
      vertex -4.38843 -22.65 5.81775
    endloop
  endfacet
  facet normal 0 1 0
    outer loop
      vertex 4.58815 -22.65 5.22939
      vertex -4.49792 -22.65 5.52684
      vertex 4.49792 -22.65 5.52684
    endloop
  endfacet
  facet normal 0 1 0
    outer loop
      vertex 4.58815 -22.65 5.22939
      vertex -4.58815 -22.65 5.22939
      vertex -4.49792 -22.65 5.52684
    endloop
  endfacet
  facet normal 0 1 0
    outer loop
      vertex 4.65873 -22.65 4.92668
      vertex -4.58815 -22.65 5.22939
      vertex 4.58815 -22.65 5.22939
    endloop
  endfacet
  facet normal 0 1 0
    outer loop
      vertex 4.65873 -22.65 4.92668
      vertex -4.65873 -22.65 4.92668
      vertex -4.58815 -22.65 5.22939
    endloop
  endfacet
  facet normal 0 1 0
    outer loop
      vertex 4.70936 -22.65 4.62
      vertex -4.65873 -22.65 4.92668
      vertex 4.65873 -22.65 4.92668
    endloop
  endfacet
  facet normal 0 1 0
    outer loop
      vertex 4.70936 -22.65 4.62
      vertex -4.70936 -22.65 4.62
      vertex -4.65873 -22.65 4.92668
    endloop
  endfacet
  facet normal 0 1 0
    outer loop
      vertex 4.73983 -22.65 4.31066
      vertex -4.70936 -22.65 4.62
      vertex 4.70936 -22.65 4.62
    endloop
  endfacet
  facet normal 0 1 0
    outer loop
      vertex 4.73983 -22.65 4.31066
      vertex -4.73983 -22.65 4.31066
      vertex -4.70936 -22.65 4.62
    endloop
  endfacet
  facet normal 0 1 0
    outer loop
      vertex 4.75 -22.65 4
      vertex -4.73983 -22.65 4.31066
      vertex 4.73983 -22.65 4.31066
    endloop
  endfacet
  facet normal 0 1 0
    outer loop
      vertex -4.73983 -22.65 4.31066
      vertex 4.75 -22.65 4
      vertex -4.75 -22.65 4
    endloop
  endfacet
  facet normal 0.995184 -0 0.0980256
    outer loop
      vertex 4.70936 -29.1048 4.62
      vertex 4.73983 -22.65 4.31066
      vertex 4.70936 -22.65 4.62
    endloop
  endfacet
  facet normal 0.995184 0 0.0980256
    outer loop
      vertex 4.73983 -22.65 4.31066
      vertex 4.70936 -29.1048 4.62
      vertex 4.73983 -29.1269 4.31066
    endloop
  endfacet
  facet normal 0.995184 -0 0.0980256
    outer loop
      vertex 4.70936 -53.65 4.62
      vertex 4.73983 -32.0934 4.31066
      vertex 4.70936 -32.0713 4.62
    endloop
  endfacet
  facet normal 0.995184 0 0.0980256
    outer loop
      vertex 4.73983 -32.0934 4.31066
      vertex 4.70936 -53.65 4.62
      vertex 4.73983 -53.65 4.31066
    endloop
  endfacet
  facet normal 0.812852 -0 0.58247
    outer loop
      vertex 3.76843 -28.4212 6.89162
      vertex 3.94948 -22.65 6.63896
      vertex 3.76843 -22.65 6.89162
    endloop
  endfacet
  facet normal 0.812852 0 0.58247
    outer loop
      vertex 3.94948 -22.65 6.63896
      vertex 3.76843 -28.4212 6.89162
      vertex 3.94948 -28.5528 6.63896
    endloop
  endfacet
  facet normal 0.812852 -0 0.58247
    outer loop
      vertex 3.76843 -53.65 6.89162
      vertex 3.94948 -31.5192 6.63896
      vertex 3.76843 -31.3877 6.89162
    endloop
  endfacet
  facet normal 0.812852 0 0.58247
    outer loop
      vertex 3.94948 -31.5192 6.63896
      vertex 3.76843 -53.65 6.89162
      vertex 3.94948 -53.65 6.63896
    endloop
  endfacet
  facet normal 0.910864 -0 0.412707
    outer loop
      vertex 4.26015 -28.7784 6.10087
      vertex 4.38843 -22.65 5.81775
      vertex 4.26015 -22.65 6.10087
    endloop
  endfacet
  facet normal 0.910864 0 0.412707
    outer loop
      vertex 4.38843 -22.65 5.81775
      vertex 4.26015 -28.7784 6.10087
      vertex 4.38843 -28.8716 5.81775
    endloop
  endfacet
  facet normal 0.910864 -0 0.412707
    outer loop
      vertex 4.26015 -53.65 6.10087
      vertex 4.38843 -31.8381 5.81775
      vertex 4.26015 -31.7449 6.10087
    endloop
  endfacet
  facet normal 0.910864 0 0.412707
    outer loop
      vertex 4.38843 -31.8381 5.81775
      vertex 4.26015 -53.65 6.10087
      vertex 4.38843 -53.65 5.81775
    endloop
  endfacet
  facet normal 0.0327188 -0 0.999465
    outer loop
      vertex 0 -25.6835 8.75
      vertex 0.310664 -22.65 8.73983
      vertex 0 -22.65 8.75
    endloop
  endfacet
  facet normal 0.0327188 0 0.999465
    outer loop
      vertex 0.310664 -22.65 8.73983
      vertex 0 -25.6835 8.75
      vertex 0.310664 -25.9092 8.73983
    endloop
  endfacet
  facet normal 0.0327188 -0 0.999465
    outer loop
      vertex 0 -53.65 8.75
      vertex 0.310664 -28.8757 8.73983
      vertex 0 -28.65 8.75
    endloop
  endfacet
  facet normal 0.0327188 0 0.999465
    outer loop
      vertex 0.310664 -28.8757 8.73983
      vertex 0 -53.65 8.75
      vertex 0.310664 -53.65 8.73983
    endloop
  endfacet
  facet normal 0.162886 -0 0.986645
    outer loop
      vertex 0.619999 -53.65 8.70936
      vertex 0.926679 -29.3232 8.65873
      vertex 0.619999 -29.1004 8.70936
    endloop
  endfacet
  facet normal 0.162886 0 0.986645
    outer loop
      vertex 0.926679 -29.3232 8.65873
      vertex 0.619999 -53.65 8.70936
      vertex 0.926679 -53.65 8.65873
    endloop
  endfacet
  facet normal 0.162886 -0 0.986645
    outer loop
      vertex 0.619999 -26.1339 8.70936
      vertex 0.926679 -22.65 8.65873
      vertex 0.619999 -22.65 8.70936
    endloop
  endfacet
  facet normal 0.162886 0 0.986645
    outer loop
      vertex 0.926679 -22.65 8.65873
      vertex 0.619999 -26.1339 8.70936
      vertex 0.926679 -26.3567 8.65873
    endloop
  endfacet
  facet normal 0.352248 -0 0.935907
    outer loop
      vertex 1.52684 -26.7927 8.49792
      vertex 1.81775 -22.65 8.38843
      vertex 1.52684 -22.65 8.49792
    endloop
  endfacet
  facet normal 0.352248 0 0.935907
    outer loop
      vertex 1.81775 -22.65 8.38843
      vertex 1.52684 -26.7927 8.49792
      vertex 1.81775 -27.0041 8.38843
    endloop
  endfacet
  facet normal 0.352248 -0 0.935907
    outer loop
      vertex 1.52684 -53.65 8.49792
      vertex 1.81775 -29.9706 8.38843
      vertex 1.52684 -29.7592 8.49792
    endloop
  endfacet
  facet normal 0.352248 0 0.935907
    outer loop
      vertex 1.81775 -29.9706 8.38843
      vertex 1.52684 -53.65 8.49792
      vertex 1.81775 -53.65 8.38843
    endloop
  endfacet
  facet normal 0.290283 -0 0.956941
    outer loop
      vertex 1.22939 -26.5767 8.58815
      vertex 1.52684 -22.65 8.49792
      vertex 1.22939 -22.65 8.58815
    endloop
  endfacet
  facet normal 0.290283 0 0.956941
    outer loop
      vertex 1.52684 -22.65 8.49792
      vertex 1.22939 -26.5767 8.58815
      vertex 1.52684 -26.7927 8.49792
    endloop
  endfacet
  facet normal 0.290283 -0 0.956941
    outer loop
      vertex 1.22939 -53.65 8.58815
      vertex 1.52684 -29.7592 8.49792
      vertex 1.22939 -29.5431 8.58815
    endloop
  endfacet
  facet normal 0.290283 0 0.956941
    outer loop
      vertex 1.52684 -29.7592 8.49792
      vertex 1.22939 -53.65 8.58815
      vertex 1.52684 -53.65 8.49792
    endloop
  endfacet
  facet normal 0.528066 -0 0.849203
    outer loop
      vertex 2.375 -27.4089 8.11362
      vertex 2.63896 -22.65 7.94948
      vertex 2.375 -22.65 8.11362
    endloop
  endfacet
  facet normal 0.528066 0 0.849203
    outer loop
      vertex 2.63896 -22.65 7.94948
      vertex 2.375 -27.4089 8.11362
      vertex 2.63896 -27.6007 7.94948
    endloop
  endfacet
  facet normal 0.528066 -0 0.849203
    outer loop
      vertex 2.375 -53.65 8.11362
      vertex 2.63896 -30.5672 7.94948
      vertex 2.375 -30.3754 8.11362
    endloop
  endfacet
  facet normal 0.528066 0 0.849203
    outer loop
      vertex 2.63896 -30.5672 7.94948
      vertex 2.375 -53.65 8.11362
      vertex 2.63896 -53.65 7.94948
    endloop
  endfacet
  facet normal 0.68358 -0 0.729875
    outer loop
      vertex 3.13189 -53.65 7.57124
      vertex 3.35876 -31.0901 7.35876
      vertex 3.13189 -30.9253 7.57124
    endloop
  endfacet
  facet normal 0.68358 0 0.729875
    outer loop
      vertex 3.35876 -31.0901 7.35876
      vertex 3.13189 -53.65 7.57124
      vertex 3.35876 -53.65 7.35876
    endloop
  endfacet
  facet normal 0.68358 -0 0.729875
    outer loop
      vertex 3.13189 -27.9588 7.57124
      vertex 3.35876 -22.65 7.35876
      vertex 3.13189 -22.65 7.57124
    endloop
  endfacet
  facet normal 0.68358 0 0.729875
    outer loop
      vertex 3.35876 -22.65 7.35876
      vertex 3.13189 -27.9588 7.57124
      vertex 3.35876 -28.1236 7.35876
    endloop
  endfacet
  facet normal 0.58247 -0 0.812852
    outer loop
      vertex 2.63896 -53.65 7.94948
      vertex 2.89162 -30.7507 7.76843
      vertex 2.63896 -30.5672 7.94948
    endloop
  endfacet
  facet normal 0.58247 0 0.812852
    outer loop
      vertex 2.89162 -30.7507 7.76843
      vertex 2.63896 -53.65 7.94948
      vertex 2.89162 -53.65 7.76843
    endloop
  endfacet
  facet normal 0.58247 -0 0.812852
    outer loop
      vertex 2.63896 -27.6007 7.94948
      vertex 2.89162 -22.65 7.76843
      vertex 2.63896 -22.65 7.94948
    endloop
  endfacet
  facet normal 0.58247 0 0.812852
    outer loop
      vertex 2.89162 -22.65 7.76843
      vertex 2.63896 -27.6007 7.94948
      vertex 2.89162 -27.7842 7.76843
    endloop
  endfacet
  facet normal -0.999465 0 0.0327192
    outer loop
      vertex -4.75 -22.65 4
      vertex -4.73983 -29.1269 4.31066
      vertex -4.73983 -22.65 4.31066
    endloop
  endfacet
  facet normal -0.999465 0 0.0327192
    outer loop
      vertex -4.73983 -29.1269 4.31066
      vertex -4.75 -22.65 4
      vertex -4.75 -29.1343 4
    endloop
  endfacet
  facet normal -0.999465 0 0.0327192
    outer loop
      vertex -4.73983 -53.65 4.31066
      vertex -4.75 -32.1008 4
      vertex -4.75 -53.65 4
    endloop
  endfacet
  facet normal -0.999465 0 0.0327192
    outer loop
      vertex -4.75 -32.1008 4
      vertex -4.73983 -53.65 4.31066
      vertex -4.73983 -32.0934 4.31066
    endloop
  endfacet
  facet normal 0 -1 0
    outer loop
      vertex -0.310664 -53.65 8.73983
      vertex 0.310664 -53.65 8.73983
      vertex 0 -53.65 8.75
    endloop
  endfacet
  facet normal 0 -1 0
    outer loop
      vertex -0.619999 -53.65 8.70936
      vertex 0.310664 -53.65 8.73983
      vertex -0.310664 -53.65 8.73983
    endloop
  endfacet
  facet normal 0 -1 0
    outer loop
      vertex -0.619999 -53.65 8.70936
      vertex 0.619999 -53.65 8.70936
      vertex 0.310664 -53.65 8.73983
    endloop
  endfacet
  facet normal 0 -1 0
    outer loop
      vertex -0.926679 -53.65 8.65873
      vertex 0.619999 -53.65 8.70936
      vertex -0.619999 -53.65 8.70936
    endloop
  endfacet
  facet normal 0 -1 0
    outer loop
      vertex -0.926679 -53.65 8.65873
      vertex 0.926679 -53.65 8.65873
      vertex 0.619999 -53.65 8.70936
    endloop
  endfacet
  facet normal 0 -1 0
    outer loop
      vertex -1.22939 -53.65 8.58815
      vertex 0.926679 -53.65 8.65873
      vertex -0.926679 -53.65 8.65873
    endloop
  endfacet
  facet normal 0 -1 0
    outer loop
      vertex -1.22939 -53.65 8.58815
      vertex 1.22939 -53.65 8.58815
      vertex 0.926679 -53.65 8.65873
    endloop
  endfacet
  facet normal 0 -1 0
    outer loop
      vertex -1.52684 -53.65 8.49792
      vertex 1.22939 -53.65 8.58815
      vertex -1.22939 -53.65 8.58815
    endloop
  endfacet
  facet normal 0 -1 0
    outer loop
      vertex -1.52684 -53.65 8.49792
      vertex 1.52684 -53.65 8.49792
      vertex 1.22939 -53.65 8.58815
    endloop
  endfacet
  facet normal 0 -1 0
    outer loop
      vertex -1.81775 -53.65 8.38843
      vertex 1.52684 -53.65 8.49792
      vertex -1.52684 -53.65 8.49792
    endloop
  endfacet
  facet normal 0 -1 0
    outer loop
      vertex -1.81775 -53.65 8.38843
      vertex 1.81775 -53.65 8.38843
      vertex 1.52684 -53.65 8.49792
    endloop
  endfacet
  facet normal 0 -1 0
    outer loop
      vertex -2.10087 -53.65 8.26015
      vertex 1.81775 -53.65 8.38843
      vertex -1.81775 -53.65 8.38843
    endloop
  endfacet
  facet normal 0 -1 0
    outer loop
      vertex -2.10087 -53.65 8.26015
      vertex 2.10087 -53.65 8.26015
      vertex 1.81775 -53.65 8.38843
    endloop
  endfacet
  facet normal 0 -1 0
    outer loop
      vertex -2.375 -53.65 8.11362
      vertex 2.10087 -53.65 8.26015
      vertex -2.10087 -53.65 8.26015
    endloop
  endfacet
  facet normal 0 -1 0
    outer loop
      vertex -2.375 -53.65 8.11362
      vertex 2.375 -53.65 8.11362
      vertex 2.10087 -53.65 8.26015
    endloop
  endfacet
  facet normal 0 -1 0
    outer loop
      vertex -2.63896 -53.65 7.94948
      vertex 2.375 -53.65 8.11362
      vertex -2.375 -53.65 8.11362
    endloop
  endfacet
  facet normal 0 -1 0
    outer loop
      vertex -2.63896 -53.65 7.94948
      vertex 2.63896 -53.65 7.94948
      vertex 2.375 -53.65 8.11362
    endloop
  endfacet
  facet normal 0 -1 0
    outer loop
      vertex -2.89162 -53.65 7.76843
      vertex 2.63896 -53.65 7.94948
      vertex -2.63896 -53.65 7.94948
    endloop
  endfacet
  facet normal 0 -1 0
    outer loop
      vertex -2.89162 -53.65 7.76843
      vertex 2.89162 -53.65 7.76843
      vertex 2.63896 -53.65 7.94948
    endloop
  endfacet
  facet normal 0 -1 0
    outer loop
      vertex -3.13189 -53.65 7.57124
      vertex 2.89162 -53.65 7.76843
      vertex -2.89162 -53.65 7.76843
    endloop
  endfacet
  facet normal 0 -1 0
    outer loop
      vertex -3.13189 -53.65 7.57124
      vertex 3.13189 -53.65 7.57124
      vertex 2.89162 -53.65 7.76843
    endloop
  endfacet
  facet normal 0 -1 0
    outer loop
      vertex -3.35876 -53.65 7.35876
      vertex 3.13189 -53.65 7.57124
      vertex -3.13189 -53.65 7.57124
    endloop
  endfacet
  facet normal 0 -1 0
    outer loop
      vertex -3.35876 -53.65 7.35876
      vertex 3.35876 -53.65 7.35876
      vertex 3.13189 -53.65 7.57124
    endloop
  endfacet
  facet normal 0 -1 0
    outer loop
      vertex -3.57124 -53.65 7.13189
      vertex 3.35876 -53.65 7.35876
      vertex -3.35876 -53.65 7.35876
    endloop
  endfacet
  facet normal 0 -1 0
    outer loop
      vertex -3.57124 -53.65 7.13189
      vertex 3.57124 -53.65 7.13189
      vertex 3.35876 -53.65 7.35876
    endloop
  endfacet
  facet normal 0 -1 0
    outer loop
      vertex -3.76843 -53.65 6.89162
      vertex 3.57124 -53.65 7.13189
      vertex -3.57124 -53.65 7.13189
    endloop
  endfacet
  facet normal 0 -1 0
    outer loop
      vertex -3.76843 -53.65 6.89162
      vertex 3.76843 -53.65 6.89162
      vertex 3.57124 -53.65 7.13189
    endloop
  endfacet
  facet normal 0 -1 0
    outer loop
      vertex -3.94948 -53.65 6.63896
      vertex 3.76843 -53.65 6.89162
      vertex -3.76843 -53.65 6.89162
    endloop
  endfacet
  facet normal 0 -1 0
    outer loop
      vertex -3.94948 -53.65 6.63896
      vertex 3.94948 -53.65 6.63896
      vertex 3.76843 -53.65 6.89162
    endloop
  endfacet
  facet normal 0 -1 0
    outer loop
      vertex -4.11362 -53.65 6.375
      vertex 3.94948 -53.65 6.63896
      vertex -3.94948 -53.65 6.63896
    endloop
  endfacet
  facet normal 0 -1 0
    outer loop
      vertex -4.11362 -53.65 6.375
      vertex 4.11362 -53.65 6.375
      vertex 3.94948 -53.65 6.63896
    endloop
  endfacet
  facet normal 0 -1 0
    outer loop
      vertex -4.26015 -53.65 6.10087
      vertex 4.11362 -53.65 6.375
      vertex -4.11362 -53.65 6.375
    endloop
  endfacet
  facet normal 0 -1 0
    outer loop
      vertex -4.26015 -53.65 6.10087
      vertex 4.26015 -53.65 6.10087
      vertex 4.11362 -53.65 6.375
    endloop
  endfacet
  facet normal 0 -1 0
    outer loop
      vertex -4.38843 -53.65 5.81775
      vertex 4.26015 -53.65 6.10087
      vertex -4.26015 -53.65 6.10087
    endloop
  endfacet
  facet normal 0 -1 0
    outer loop
      vertex -4.38843 -53.65 5.81775
      vertex 4.38843 -53.65 5.81775
      vertex 4.26015 -53.65 6.10087
    endloop
  endfacet
  facet normal 0 -1 0
    outer loop
      vertex -4.49792 -53.65 5.52684
      vertex 4.38843 -53.65 5.81775
      vertex -4.38843 -53.65 5.81775
    endloop
  endfacet
  facet normal 0 -1 0
    outer loop
      vertex -4.49792 -53.65 5.52684
      vertex 4.49792 -53.65 5.52684
      vertex 4.38843 -53.65 5.81775
    endloop
  endfacet
  facet normal 0 -1 0
    outer loop
      vertex -4.58815 -53.65 5.22939
      vertex 4.49792 -53.65 5.52684
      vertex -4.49792 -53.65 5.52684
    endloop
  endfacet
  facet normal 0 -1 0
    outer loop
      vertex -4.58815 -53.65 5.22939
      vertex 4.58815 -53.65 5.22939
      vertex 4.49792 -53.65 5.52684
    endloop
  endfacet
  facet normal 0 -1 0
    outer loop
      vertex -4.65873 -53.65 4.92668
      vertex 4.58815 -53.65 5.22939
      vertex -4.58815 -53.65 5.22939
    endloop
  endfacet
  facet normal 0 -1 0
    outer loop
      vertex -4.65873 -53.65 4.92668
      vertex 4.65873 -53.65 4.92668
      vertex 4.58815 -53.65 5.22939
    endloop
  endfacet
  facet normal 0 -1 0
    outer loop
      vertex -4.70936 -53.65 4.62
      vertex 4.65873 -53.65 4.92668
      vertex -4.65873 -53.65 4.92668
    endloop
  endfacet
  facet normal 0 -1 0
    outer loop
      vertex -4.70936 -53.65 4.62
      vertex 4.70936 -53.65 4.62
      vertex 4.65873 -53.65 4.92668
    endloop
  endfacet
  facet normal 0 -1 0
    outer loop
      vertex -4.73983 -53.65 4.31066
      vertex 4.70936 -53.65 4.62
      vertex -4.70936 -53.65 4.62
    endloop
  endfacet
  facet normal 0 -1 0
    outer loop
      vertex -4.73983 -53.65 4.31066
      vertex 4.73983 -53.65 4.31066
      vertex 4.70936 -53.65 4.62
    endloop
  endfacet
  facet normal 0 -1 0
    outer loop
      vertex -4.75 -53.65 4
      vertex 4.73983 -53.65 4.31066
      vertex -4.73983 -53.65 4.31066
    endloop
  endfacet
  facet normal 0 -1 -0
    outer loop
      vertex 4.73983 -53.65 4.31066
      vertex -4.75 -53.65 4
      vertex 4.75 -53.65 4
    endloop
  endfacet
  facet normal -0.881915 0 0.471408
    outer loop
      vertex -4.26015 -22.65 6.10087
      vertex -4.11362 -28.672 6.375
      vertex -4.11362 -22.65 6.375
    endloop
  endfacet
  facet normal -0.881915 0 0.471408
    outer loop
      vertex -4.11362 -28.672 6.375
      vertex -4.26015 -22.65 6.10087
      vertex -4.26015 -28.7784 6.10087
    endloop
  endfacet
  facet normal -0.881915 0 0.471408
    outer loop
      vertex -4.11362 -53.65 6.375
      vertex -4.26015 -31.7449 6.10087
      vertex -4.26015 -53.65 6.10087
    endloop
  endfacet
  facet normal -0.881915 0 0.471408
    outer loop
      vertex -4.26015 -31.7449 6.10087
      vertex -4.11362 -53.65 6.375
      vertex -4.11362 -31.6385 6.375
    endloop
  endfacet
  facet normal -0.986645 0 0.162886
    outer loop
      vertex -4.70936 -22.65 4.62
      vertex -4.65873 -29.068 4.92668
      vertex -4.65873 -22.65 4.92668
    endloop
  endfacet
  facet normal -0.986645 0 0.162886
    outer loop
      vertex -4.65873 -29.068 4.92668
      vertex -4.70936 -22.65 4.62
      vertex -4.70936 -29.1048 4.62
    endloop
  endfacet
  facet normal -0.986645 0 0.162886
    outer loop
      vertex -4.65873 -53.65 4.92668
      vertex -4.70936 -32.0713 4.62
      vertex -4.70936 -53.65 4.62
    endloop
  endfacet
  facet normal -0.986645 0 0.162886
    outer loop
      vertex -4.70936 -32.0713 4.62
      vertex -4.65873 -53.65 4.92668
      vertex -4.65873 -32.0345 4.92668
    endloop
  endfacet
  facet normal -0.935907 0 0.352248
    outer loop
      vertex -4.49792 -22.65 5.52684
      vertex -4.38843 -28.8716 5.81775
      vertex -4.38843 -22.65 5.81775
    endloop
  endfacet
  facet normal -0.935907 0 0.352248
    outer loop
      vertex -4.38843 -28.8716 5.81775
      vertex -4.49792 -22.65 5.52684
      vertex -4.49792 -28.9512 5.52684
    endloop
  endfacet
  facet normal -0.935907 0 0.352248
    outer loop
      vertex -4.38843 -53.65 5.81775
      vertex -4.49792 -31.9177 5.52684
      vertex -4.49792 -53.65 5.52684
    endloop
  endfacet
  facet normal -0.935907 0 0.352248
    outer loop
      vertex -4.49792 -31.9177 5.52684
      vertex -4.38843 -53.65 5.81775
      vertex -4.38843 -31.8381 5.81775
    endloop
  endfacet
  facet normal -0.956941 0 0.290283
    outer loop
      vertex -4.58815 -22.65 5.22939
      vertex -4.49792 -28.9512 5.52684
      vertex -4.49792 -22.65 5.52684
    endloop
  endfacet
  facet normal -0.956941 0 0.290283
    outer loop
      vertex -4.49792 -28.9512 5.52684
      vertex -4.58815 -22.65 5.22939
      vertex -4.58815 -29.0167 5.22939
    endloop
  endfacet
  facet normal -0.956941 0 0.290283
    outer loop
      vertex -4.49792 -53.65 5.52684
      vertex -4.58815 -31.9832 5.22939
      vertex -4.58815 -53.65 5.22939
    endloop
  endfacet
  facet normal -0.956941 0 0.290283
    outer loop
      vertex -4.58815 -31.9832 5.22939
      vertex -4.49792 -53.65 5.52684
      vertex -4.49792 -31.9177 5.52684
    endloop
  endfacet
  facet normal -0.58247 0 0.812852
    outer loop
      vertex -2.89162 -22.65 7.76843
      vertex -2.63896 -27.6007 7.94948
      vertex -2.63896 -22.65 7.94948
    endloop
  endfacet
  facet normal -0.58247 0 0.812852
    outer loop
      vertex -2.63896 -27.6007 7.94948
      vertex -2.89162 -22.65 7.76843
      vertex -2.89162 -27.7842 7.76843
    endloop
  endfacet
  facet normal -0.58247 0 0.812852
    outer loop
      vertex -2.89162 -30.7507 7.76843
      vertex -2.63896 -53.65 7.94948
      vertex -2.63896 -30.5672 7.94948
    endloop
  endfacet
  facet normal -0.58247 0 0.812852
    outer loop
      vertex -2.63896 -53.65 7.94948
      vertex -2.89162 -30.7507 7.76843
      vertex -2.89162 -53.65 7.76843
    endloop
  endfacet
  facet normal -0.412707 0 0.910864
    outer loop
      vertex -2.10087 -22.65 8.26015
      vertex -1.81775 -27.0041 8.38843
      vertex -1.81775 -22.65 8.38843
    endloop
  endfacet
  facet normal -0.412707 0 0.910864
    outer loop
      vertex -1.81775 -27.0041 8.38843
      vertex -2.10087 -22.65 8.26015
      vertex -2.10087 -27.2098 8.26015
    endloop
  endfacet
  facet normal -0.412707 0 0.910864
    outer loop
      vertex -2.10087 -30.1762 8.26015
      vertex -1.81775 -53.65 8.38843
      vertex -1.81775 -29.9706 8.38843
    endloop
  endfacet
  facet normal -0.412707 0 0.910864
    outer loop
      vertex -1.81775 -53.65 8.38843
      vertex -2.10087 -30.1762 8.26015
      vertex -2.10087 -53.65 8.26015
    endloop
  endfacet
  facet normal -0.227069 0 0.973879
    outer loop
      vertex -1.22939 -22.65 8.58815
      vertex -0.926679 -26.3567 8.65873
      vertex -0.926679 -22.65 8.65873
    endloop
  endfacet
  facet normal -0.227069 0 0.973879
    outer loop
      vertex -0.926679 -26.3567 8.65873
      vertex -1.22939 -22.65 8.58815
      vertex -1.22939 -26.5767 8.58815
    endloop
  endfacet
  facet normal -0.227069 0 0.973879
    outer loop
      vertex -1.22939 -29.5431 8.58815
      vertex -0.926679 -53.65 8.65873
      vertex -0.926679 -29.3232 8.65873
    endloop
  endfacet
  facet normal -0.227069 0 0.973879
    outer loop
      vertex -0.926679 -53.65 8.65873
      vertex -1.22939 -29.5431 8.58815
      vertex -1.22939 -53.65 8.58815
    endloop
  endfacet
  facet normal -0.0327188 0 0.999465
    outer loop
      vertex -0.310664 -22.65 8.73983
      vertex 0 -25.6835 8.75
      vertex 0 -22.65 8.75
    endloop
  endfacet
  facet normal -0.0327188 0 0.999465
    outer loop
      vertex 0 -25.6835 8.75
      vertex -0.310664 -22.65 8.73983
      vertex -0.310664 -25.9092 8.73983
    endloop
  endfacet
  facet normal -0.0327188 0 0.999465
    outer loop
      vertex -0.310664 -28.8757 8.73983
      vertex 0 -53.65 8.75
      vertex 0 -28.65 8.75
    endloop
  endfacet
  facet normal -0.0327188 0 0.999465
    outer loop
      vertex 0 -53.65 8.75
      vertex -0.310664 -28.8757 8.73983
      vertex -0.310664 -53.65 8.73983
    endloop
  endfacet
  facet normal -0.162886 0 0.986645
    outer loop
      vertex -0.926679 -29.3232 8.65873
      vertex -0.619999 -53.65 8.70936
      vertex -0.619999 -29.1004 8.70936
    endloop
  endfacet
  facet normal -0.162886 0 0.986645
    outer loop
      vertex -0.619999 -53.65 8.70936
      vertex -0.926679 -29.3232 8.65873
      vertex -0.926679 -53.65 8.65873
    endloop
  endfacet
  facet normal -0.162886 0 0.986645
    outer loop
      vertex -0.926679 -22.65 8.65873
      vertex -0.619999 -26.1339 8.70936
      vertex -0.619999 -22.65 8.70936
    endloop
  endfacet
  facet normal -0.162886 0 0.986645
    outer loop
      vertex -0.619999 -26.1339 8.70936
      vertex -0.926679 -22.65 8.65873
      vertex -0.926679 -26.3567 8.65873
    endloop
  endfacet
  facet normal 0.956941 -0 0.290283
    outer loop
      vertex 4.49792 -28.9512 5.52684
      vertex 4.58815 -22.65 5.22939
      vertex 4.49792 -22.65 5.52684
    endloop
  endfacet
  facet normal 0.956941 0 0.290283
    outer loop
      vertex 4.58815 -22.65 5.22939
      vertex 4.49792 -28.9512 5.52684
      vertex 4.58815 -29.0167 5.22939
    endloop
  endfacet
  facet normal 0.956941 -0 0.290283
    outer loop
      vertex 4.49792 -53.65 5.52684
      vertex 4.58815 -31.9832 5.22939
      vertex 4.49792 -31.9177 5.52684
    endloop
  endfacet
  facet normal 0.956941 0 0.290283
    outer loop
      vertex 4.58815 -31.9832 5.22939
      vertex 4.49792 -53.65 5.52684
      vertex 4.58815 -53.65 5.22939
    endloop
  endfacet
  facet normal 0.935907 -0 0.352248
    outer loop
      vertex 4.38843 -28.8716 5.81775
      vertex 4.49792 -22.65 5.52684
      vertex 4.38843 -22.65 5.81775
    endloop
  endfacet
  facet normal 0.935907 0 0.352248
    outer loop
      vertex 4.49792 -22.65 5.52684
      vertex 4.38843 -28.8716 5.81775
      vertex 4.49792 -28.9512 5.52684
    endloop
  endfacet
  facet normal 0.935907 -0 0.352248
    outer loop
      vertex 4.38843 -53.65 5.81775
      vertex 4.49792 -31.9177 5.52684
      vertex 4.38843 -31.8381 5.81775
    endloop
  endfacet
  facet normal 0.935907 0 0.352248
    outer loop
      vertex 4.49792 -31.9177 5.52684
      vertex 4.38843 -53.65 5.81775
      vertex 4.49792 -53.65 5.52684
    endloop
  endfacet
  facet normal 0.881915 -0 0.471408
    outer loop
      vertex 4.11362 -28.672 6.375
      vertex 4.26015 -22.65 6.10087
      vertex 4.11362 -22.65 6.375
    endloop
  endfacet
  facet normal 0.881915 0 0.471408
    outer loop
      vertex 4.26015 -22.65 6.10087
      vertex 4.11362 -28.672 6.375
      vertex 4.26015 -28.7784 6.10087
    endloop
  endfacet
  facet normal 0.881915 -0 0.471408
    outer loop
      vertex 4.11362 -53.65 6.375
      vertex 4.26015 -31.7449 6.10087
      vertex 4.11362 -31.6385 6.375
    endloop
  endfacet
  facet normal 0.881915 0 0.471408
    outer loop
      vertex 4.26015 -31.7449 6.10087
      vertex 4.11362 -53.65 6.375
      vertex 4.26015 -53.65 6.10087
    endloop
  endfacet
  facet normal 0.849203 -0 0.528066
    outer loop
      vertex 3.94948 -53.65 6.63896
      vertex 4.11362 -31.6385 6.375
      vertex 3.94948 -31.5192 6.63896
    endloop
  endfacet
  facet normal 0.849203 0 0.528066
    outer loop
      vertex 4.11362 -31.6385 6.375
      vertex 3.94948 -53.65 6.63896
      vertex 4.11362 -53.65 6.375
    endloop
  endfacet
  facet normal 0.849203 -0 0.528066
    outer loop
      vertex 3.94948 -28.5528 6.63896
      vertex 4.11362 -22.65 6.375
      vertex 3.94948 -22.65 6.63896
    endloop
  endfacet
  facet normal 0.849203 0 0.528066
    outer loop
      vertex 4.11362 -22.65 6.375
      vertex 3.94948 -28.5528 6.63896
      vertex 4.11362 -28.672 6.375
    endloop
  endfacet
  facet normal 0.0980272 -0 0.995184
    outer loop
      vertex 0.310664 -53.65 8.73983
      vertex 0.619999 -29.1004 8.70936
      vertex 0.310664 -28.8757 8.73983
    endloop
  endfacet
  facet normal 0.0980272 0 0.995184
    outer loop
      vertex 0.619999 -29.1004 8.70936
      vertex 0.310664 -53.65 8.73983
      vertex 0.619999 -53.65 8.70936
    endloop
  endfacet
  facet normal 0.0980272 -0 0.995184
    outer loop
      vertex 0.310664 -25.9092 8.73983
      vertex 0.619999 -22.65 8.70936
      vertex 0.310664 -22.65 8.73983
    endloop
  endfacet
  facet normal 0.0980272 0 0.995184
    outer loop
      vertex 0.619999 -22.65 8.70936
      vertex 0.310664 -25.9092 8.73983
      vertex 0.619999 -26.1339 8.70936
    endloop
  endfacet
  facet normal 0.634404 -0 0.773002
    outer loop
      vertex 2.89162 -27.7842 7.76843
      vertex 3.13189 -22.65 7.57124
      vertex 2.89162 -22.65 7.76843
    endloop
  endfacet
  facet normal 0.634404 0 0.773002
    outer loop
      vertex 3.13189 -22.65 7.57124
      vertex 2.89162 -27.7842 7.76843
      vertex 3.13189 -27.9588 7.57124
    endloop
  endfacet
  facet normal 0.634404 -0 0.773002
    outer loop
      vertex 2.89162 -53.65 7.76843
      vertex 3.13189 -30.9253 7.57124
      vertex 2.89162 -30.7507 7.76843
    endloop
  endfacet
  facet normal 0.634404 0 0.773002
    outer loop
      vertex 3.13189 -30.9253 7.57124
      vertex 2.89162 -53.65 7.76843
      vertex 3.13189 -53.65 7.57124
    endloop
  endfacet
  facet normal -0.773002 0 0.634404
    outer loop
      vertex -3.76843 -22.65 6.89162
      vertex -3.57124 -28.278 7.13189
      vertex -3.57124 -22.65 7.13189
    endloop
  endfacet
  facet normal -0.773002 0 0.634404
    outer loop
      vertex -3.57124 -28.278 7.13189
      vertex -3.76843 -22.65 6.89162
      vertex -3.76843 -28.4212 6.89162
    endloop
  endfacet
  facet normal -0.773002 0 0.634404
    outer loop
      vertex -3.57124 -53.65 7.13189
      vertex -3.76843 -31.3877 6.89162
      vertex -3.76843 -53.65 6.89162
    endloop
  endfacet
  facet normal -0.773002 0 0.634404
    outer loop
      vertex -3.76843 -31.3877 6.89162
      vertex -3.57124 -53.65 7.13189
      vertex -3.57124 -31.2444 7.13189
    endloop
  endfacet
  facet normal -0.729875 0 0.68358
    outer loop
      vertex -3.35876 -53.65 7.35876
      vertex -3.57124 -31.2444 7.13189
      vertex -3.57124 -53.65 7.13189
    endloop
  endfacet
  facet normal -0.729875 0 0.68358
    outer loop
      vertex -3.57124 -31.2444 7.13189
      vertex -3.35876 -53.65 7.35876
      vertex -3.35876 -31.0901 7.35876
    endloop
  endfacet
  facet normal -0.729875 0 0.68358
    outer loop
      vertex -3.57124 -22.65 7.13189
      vertex -3.35876 -28.1236 7.35876
      vertex -3.35876 -22.65 7.35876
    endloop
  endfacet
  facet normal -0.729875 0 0.68358
    outer loop
      vertex -3.35876 -28.1236 7.35876
      vertex -3.57124 -22.65 7.13189
      vertex -3.57124 -28.278 7.13189
    endloop
  endfacet
  facet normal -0.995184 0 0.0980256
    outer loop
      vertex -4.73983 -22.65 4.31066
      vertex -4.70936 -29.1048 4.62
      vertex -4.70936 -22.65 4.62
    endloop
  endfacet
  facet normal -0.995184 0 0.0980256
    outer loop
      vertex -4.70936 -29.1048 4.62
      vertex -4.73983 -22.65 4.31066
      vertex -4.73983 -29.1269 4.31066
    endloop
  endfacet
  facet normal -0.995184 0 0.0980256
    outer loop
      vertex -4.70936 -53.65 4.62
      vertex -4.73983 -32.0934 4.31066
      vertex -4.73983 -53.65 4.31066
    endloop
  endfacet
  facet normal -0.995184 0 0.0980256
    outer loop
      vertex -4.73983 -32.0934 4.31066
      vertex -4.70936 -53.65 4.62
      vertex -4.70936 -32.0713 4.62
    endloop
  endfacet
  facet normal -0.471408 0 0.881915
    outer loop
      vertex -2.375 -22.65 8.11362
      vertex -2.10087 -27.2098 8.26015
      vertex -2.10087 -22.65 8.26015
    endloop
  endfacet
  facet normal -0.471408 0 0.881915
    outer loop
      vertex -2.10087 -27.2098 8.26015
      vertex -2.375 -22.65 8.11362
      vertex -2.375 -27.4089 8.11362
    endloop
  endfacet
  facet normal -0.471408 0 0.881915
    outer loop
      vertex -2.375 -30.3754 8.11362
      vertex -2.10087 -53.65 8.26015
      vertex -2.10087 -30.1762 8.26015
    endloop
  endfacet
  facet normal -0.471408 0 0.881915
    outer loop
      vertex -2.10087 -53.65 8.26015
      vertex -2.375 -30.3754 8.11362
      vertex -2.375 -53.65 8.11362
    endloop
  endfacet
  facet normal -0.290283 0 0.956941
    outer loop
      vertex -1.52684 -22.65 8.49792
      vertex -1.22939 -26.5767 8.58815
      vertex -1.22939 -22.65 8.58815
    endloop
  endfacet
  facet normal -0.290283 0 0.956941
    outer loop
      vertex -1.22939 -26.5767 8.58815
      vertex -1.52684 -22.65 8.49792
      vertex -1.52684 -26.7927 8.49792
    endloop
  endfacet
  facet normal -0.290283 0 0.956941
    outer loop
      vertex -1.52684 -29.7592 8.49792
      vertex -1.22939 -53.65 8.58815
      vertex -1.22939 -29.5431 8.58815
    endloop
  endfacet
  facet normal -0.290283 0 0.956941
    outer loop
      vertex -1.22939 -53.65 8.58815
      vertex -1.52684 -29.7592 8.49792
      vertex -1.52684 -53.65 8.49792
    endloop
  endfacet
  facet normal -0.352248 0 0.935907
    outer loop
      vertex -1.81775 -22.65 8.38843
      vertex -1.52684 -26.7927 8.49792
      vertex -1.52684 -22.65 8.49792
    endloop
  endfacet
  facet normal -0.352248 0 0.935907
    outer loop
      vertex -1.52684 -26.7927 8.49792
      vertex -1.81775 -22.65 8.38843
      vertex -1.81775 -27.0041 8.38843
    endloop
  endfacet
  facet normal -0.352248 0 0.935907
    outer loop
      vertex -1.81775 -29.9706 8.38843
      vertex -1.52684 -53.65 8.49792
      vertex -1.52684 -29.7592 8.49792
    endloop
  endfacet
  facet normal -0.352248 0 0.935907
    outer loop
      vertex -1.52684 -53.65 8.49792
      vertex -1.81775 -29.9706 8.38843
      vertex -1.81775 -53.65 8.38843
    endloop
  endfacet
  facet normal 0 0 -1
    outer loop
      vertex 0 -26.8577 0
      vertex 39.5193 -54.3937 0
      vertex 41.3262 -56.8806 0
    endloop
  endfacet
  facet normal 0 0 -1
    outer loop
      vertex 0 -26.8577 0
      vertex 0 -25.6835 0
      vertex 39.5193 -54.3937 0
    endloop
  endfacet
  facet normal -0 0 -1
    outer loop
      vertex 0 -26.8577 0
      vertex -39.5193 -54.3937 0
      vertex 0 -25.6835 0
    endloop
  endfacet
  facet normal 0 -0 -1
    outer loop
      vertex -39.5193 -54.3937 0
      vertex 0 -26.8577 0
      vertex -41.3262 -56.8806 0
    endloop
  endfacet
  facet normal 0 0 -1
    outer loop
      vertex 39.5193 -54.3937 0
      vertex 25.5432 -8.2995 0
      vertex 41.3262 -56.8806 0
    endloop
  endfacet
  facet normal -0 -0 -1
    outer loop
      vertex 25.5432 -8.2995 0
      vertex 39.5193 -54.3937 0
      vertex 24.4265 -7.93665 0
    endloop
  endfacet
  facet normal 0 0 -1
    outer loop
      vertex 25.5432 -8.2995 0
      vertex 63.9436 20.7766 0
      vertex 66.8671 21.7264 0
    endloop
  endfacet
  facet normal 0 0 -1
    outer loop
      vertex 63.9436 20.7766 0
      vertex 25.5432 -8.2995 0
      vertex 24.4265 -7.93665 0
    endloop
  endfacet
  facet normal 0 0 -1
    outer loop
      vertex 63.9436 20.7766 0
      vertex 15.7866 21.7284 0
      vertex 66.8671 21.7264 0
    endloop
  endfacet
  facet normal 0 0 -1
    outer loop
      vertex 15.0964 20.7784 0
      vertex 15.7866 21.7284 0
      vertex 63.9436 20.7766 0
    endloop
  endfacet
  facet normal 0 0 -1
    outer loop
      vertex 0 67.2344 0
      vertex 15.7866 21.7284 0
      vertex 15.0964 20.7784 0
    endloop
  endfacet
  facet normal 0 0 -1
    outer loop
      vertex 0 67.2344 0
      vertex 0 70.3083 0
      vertex 15.7866 21.7284 0
    endloop
  endfacet
  facet normal 0 0 -1
    outer loop
      vertex -15.7866 21.7284 0
      vertex 0 67.2344 0
      vertex -15.0964 20.7784 0
    endloop
  endfacet
  facet normal -0 0 -1
    outer loop
      vertex 0 67.2344 0
      vertex -15.7866 21.7284 0
      vertex 0 70.3083 0
    endloop
  endfacet
  facet normal 0 0 -1
    outer loop
      vertex -63.9436 20.7766 0
      vertex -15.7866 21.7284 0
      vertex -15.0964 20.7784 0
    endloop
  endfacet
  facet normal 0 0 -1
    outer loop
      vertex -15.7866 21.7284 0
      vertex -63.9436 20.7766 0
      vertex -66.8671 21.7264 0
    endloop
  endfacet
  facet normal 0 0 -1
    outer loop
      vertex -39.5193 -54.3937 0
      vertex -25.5432 -8.2995 0
      vertex -24.4265 -7.93665 0
    endloop
  endfacet
  facet normal 0 0 -1
    outer loop
      vertex -25.5432 -8.2995 0
      vertex -39.5193 -54.3937 0
      vertex -41.3262 -56.8806 0
    endloop
  endfacet
  facet normal 0 0 -1
    outer loop
      vertex -25.5432 -8.2995 0
      vertex -63.9436 20.7766 0
      vertex -24.4265 -7.93665 0
    endloop
  endfacet
  facet normal -0 -0 -1
    outer loop
      vertex -63.9436 20.7766 0
      vertex -25.5432 -8.2995 0
      vertex -66.8671 21.7264 0
    endloop
  endfacet
  facet normal 0.587815 -0.808995 0
    outer loop
      vertex 25.5432 -8.2995 0
      vertex 66.8671 21.7264 0.799999
      vertex 25.5432 -8.2995 0.799999
    endloop
  endfacet
  facet normal 0.587815 -0.808995 0
    outer loop
      vertex 66.8671 21.7264 0.799999
      vertex 25.5432 -8.2995 0
      vertex 66.8671 21.7264 0
    endloop
  endfacet
  facet normal 0.587815 -0.808995 0
    outer loop
      vertex 25.5432 -8.2995 2
      vertex 66.8671 21.7264 4
      vertex 25.5432 -8.2995 4
    endloop
  endfacet
  facet normal 0.587815 -0.808995 0
    outer loop
      vertex 66.8671 21.7264 4
      vertex 25.5432 -8.2995 2
      vertex 66.8671 21.7264 2
    endloop
  endfacet
  facet normal 3.91539e-05 1 -0
    outer loop
      vertex 66.8671 21.7264 0
      vertex 15.7866 21.7284 0.799999
      vertex 66.8671 21.7264 0.799999
    endloop
  endfacet
  facet normal 3.91539e-05 1 0
    outer loop
      vertex 15.7866 21.7284 0.799999
      vertex 66.8671 21.7264 0
      vertex 15.7866 21.7284 0
    endloop
  endfacet
  facet normal 3.91539e-05 1 -0
    outer loop
      vertex 66.8671 21.7264 2
      vertex 15.7866 21.7284 4
      vertex 66.8671 21.7264 4
    endloop
  endfacet
  facet normal 3.91539e-05 1 0
    outer loop
      vertex 15.7866 21.7284 4
      vertex 66.8671 21.7264 2
      vertex 15.7866 21.7284 2
    endloop
  endfacet
  facet normal 0.951045 0.309053 0
    outer loop
      vertex 15.7866 21.7284 0.799999
      vertex 0 70.3083 0
      vertex 0 70.3083 0.799999
    endloop
  endfacet
  facet normal 0.951045 0.309053 0
    outer loop
      vertex 0 70.3083 0
      vertex 15.7866 21.7284 0.799999
      vertex 15.7866 21.7284 0
    endloop
  endfacet
  facet normal 0.951045 0.309053 0
    outer loop
      vertex 15.7866 21.7284 4
      vertex 0 70.3083 2
      vertex 0 70.3083 4
    endloop
  endfacet
  facet normal 0.951045 0.309053 0
    outer loop
      vertex 0 70.3083 2
      vertex 15.7866 21.7284 4
      vertex 15.7866 21.7284 2
    endloop
  endfacet
  facet normal -0.951045 0.309053 0
    outer loop
      vertex -15.7866 21.7284 0
      vertex 0 70.3083 0.799999
      vertex 0 70.3083 0
    endloop
  endfacet
  facet normal -0.951045 0.309053 0
    outer loop
      vertex 0 70.3083 0.799999
      vertex -15.7866 21.7284 0
      vertex -15.7866 21.7284 0.799999
    endloop
  endfacet
  facet normal -0.951045 0.309053 0
    outer loop
      vertex -15.7866 21.7284 2
      vertex 0 70.3083 4
      vertex 0 70.3083 2
    endloop
  endfacet
  facet normal -0.951045 0.309053 0
    outer loop
      vertex 0 70.3083 4
      vertex -15.7866 21.7284 2
      vertex -15.7866 21.7284 4
    endloop
  endfacet
  facet normal -3.91539e-05 1 0
    outer loop
      vertex -15.7866 21.7284 0
      vertex -66.8671 21.7264 0.799999
      vertex -15.7866 21.7284 0.799999
    endloop
  endfacet
  facet normal -3.91539e-05 1 0
    outer loop
      vertex -66.8671 21.7264 0.799999
      vertex -15.7866 21.7284 0
      vertex -66.8671 21.7264 0
    endloop
  endfacet
  facet normal -3.91539e-05 1 0
    outer loop
      vertex -15.7866 21.7284 2
      vertex -66.8671 21.7264 4
      vertex -15.7866 21.7284 4
    endloop
  endfacet
  facet normal -3.91539e-05 1 0
    outer loop
      vertex -66.8671 21.7264 4
      vertex -15.7866 21.7284 2
      vertex -66.8671 21.7264 2
    endloop
  endfacet
  facet normal -0.587815 -0.808995 0
    outer loop
      vertex -66.8671 21.7264 0
      vertex -25.5432 -8.2995 0.799999
      vertex -66.8671 21.7264 0.799999
    endloop
  endfacet
  facet normal -0.587815 -0.808995 -0
    outer loop
      vertex -25.5432 -8.2995 0.799999
      vertex -66.8671 21.7264 0
      vertex -25.5432 -8.2995 0
    endloop
  endfacet
  facet normal -0.587815 -0.808995 0
    outer loop
      vertex -66.8671 21.7264 2
      vertex -25.5432 -8.2995 4
      vertex -66.8671 21.7264 4
    endloop
  endfacet
  facet normal -0.587815 -0.808995 -0
    outer loop
      vertex -25.5432 -8.2995 4
      vertex -66.8671 21.7264 2
      vertex -25.5432 -8.2995 2
    endloop
  endfacet
  facet normal -0.951068 0.308982 0
    outer loop
      vertex -41.3262 -56.8806 0
      vertex -25.5432 -8.2995 0.799999
      vertex -25.5432 -8.2995 0
    endloop
  endfacet
  facet normal -0.951068 0.308982 0
    outer loop
      vertex -25.5432 -8.2995 0.799999
      vertex -41.3262 -56.8806 0
      vertex -41.3262 -56.8806 0.799999
    endloop
  endfacet
  facet normal -0.951068 0.308982 0
    outer loop
      vertex -41.3262 -56.8806 2
      vertex -25.5432 -8.2995 4
      vertex -25.5432 -8.2995 2
    endloop
  endfacet
  facet normal -0.951068 0.308982 0
    outer loop
      vertex -25.5432 -8.2995 4
      vertex -41.3262 -56.8806 2
      vertex -41.3262 -56.8806 4
    endloop
  endfacet
  facet normal 0.587755 -0.809039 0
    outer loop
      vertex -41.3262 -56.8806 0
      vertex 0 -26.8577 0.799999
      vertex -41.3262 -56.8806 0.799999
    endloop
  endfacet
  facet normal 0.587755 -0.809039 0
    outer loop
      vertex 0 -26.8577 0.799999
      vertex -41.3262 -56.8806 0
      vertex 0 -26.8577 0
    endloop
  endfacet
  facet normal 0.587755 -0.809039 0
    outer loop
      vertex -41.3262 -56.8806 2
      vertex 0 -26.8577 4
      vertex -41.3262 -56.8806 4
    endloop
  endfacet
  facet normal 0.587755 -0.809039 0
    outer loop
      vertex 0 -26.8577 4
      vertex -41.3262 -56.8806 2
      vertex 0 -26.8577 2
    endloop
  endfacet
  facet normal -0.587755 -0.809039 0
    outer loop
      vertex 0 -26.8577 0
      vertex 41.3262 -56.8806 0.799999
      vertex 0 -26.8577 0.799999
    endloop
  endfacet
  facet normal -0.587755 -0.809039 -0
    outer loop
      vertex 41.3262 -56.8806 0.799999
      vertex 0 -26.8577 0
      vertex 41.3262 -56.8806 0
    endloop
  endfacet
  facet normal -0.587755 -0.809039 0
    outer loop
      vertex 0 -26.8577 2
      vertex 41.3262 -56.8806 4
      vertex 0 -26.8577 4
    endloop
  endfacet
  facet normal -0.587755 -0.809039 -0
    outer loop
      vertex 41.3262 -56.8806 4
      vertex 0 -26.8577 2
      vertex 41.3262 -56.8806 2
    endloop
  endfacet
  facet normal 0.951068 0.308982 0
    outer loop
      vertex 41.3262 -56.8806 0.799999
      vertex 25.5432 -8.2995 0
      vertex 25.5432 -8.2995 0.799999
    endloop
  endfacet
  facet normal 0.951068 0.308982 0
    outer loop
      vertex 25.5432 -8.2995 0
      vertex 41.3262 -56.8806 0.799999
      vertex 41.3262 -56.8806 0
    endloop
  endfacet
  facet normal 0.951068 0.308982 0
    outer loop
      vertex 41.3262 -56.8806 4
      vertex 25.5432 -8.2995 2
      vertex 25.5432 -8.2995 4
    endloop
  endfacet
  facet normal 0.951068 0.308982 0
    outer loop
      vertex 25.5432 -8.2995 2
      vertex 41.3262 -56.8806 4
      vertex 41.3262 -56.8806 2
    endloop
  endfacet
  facet normal 0 0 -1
    outer loop
      vertex 0 -27.2286 0.799999
      vertex 41.3262 -56.8806 0.799999
      vertex 41.8967 -57.6659 0.799999
    endloop
  endfacet
  facet normal 0 0 -1
    outer loop
      vertex 0 -27.2286 0.799999
      vertex 0 -26.8577 0.799999
      vertex 41.3262 -56.8806 0.799999
    endloop
  endfacet
  facet normal -0 0 -1
    outer loop
      vertex 0 -27.2286 0.799999
      vertex -41.3262 -56.8806 0.799999
      vertex 0 -26.8577 0.799999
    endloop
  endfacet
  facet normal 0 -0 -1
    outer loop
      vertex -41.3262 -56.8806 0.799999
      vertex 0 -27.2286 0.799999
      vertex -41.8967 -57.6659 0.799999
    endloop
  endfacet
  facet normal 0 0 -1
    outer loop
      vertex 41.3262 -56.8806 0.799999
      vertex 25.8959 -8.41408 0.799999
      vertex 41.8967 -57.6659 0.799999
    endloop
  endfacet
  facet normal -0 -0 -1
    outer loop
      vertex 25.8959 -8.41408 0.799999
      vertex 41.3262 -56.8806 0.799999
      vertex 25.5432 -8.2995 0.799999
    endloop
  endfacet
  facet normal 0 0 -1
    outer loop
      vertex 25.8959 -8.41408 0.799999
      vertex 66.8671 21.7264 0.799999
      vertex 67.7903 22.0264 0.799999
    endloop
  endfacet
  facet normal 0 0 -1
    outer loop
      vertex 66.8671 21.7264 0.799999
      vertex 25.8959 -8.41408 0.799999
      vertex 25.5432 -8.2995 0.799999
    endloop
  endfacet
  facet normal 0 0 -1
    outer loop
      vertex 66.8671 21.7264 0.799999
      vertex 16.0045 22.0284 0.799999
      vertex 67.7903 22.0264 0.799999
    endloop
  endfacet
  facet normal 0 0 -1
    outer loop
      vertex 15.7866 21.7284 0.799999
      vertex 16.0045 22.0284 0.799999
      vertex 66.8671 21.7264 0.799999
    endloop
  endfacet
  facet normal 0 0 -1
    outer loop
      vertex 0 70.3083 0.799999
      vertex 16.0045 22.0284 0.799999
      vertex 15.7866 21.7284 0.799999
    endloop
  endfacet
  facet normal 0 0 -1
    outer loop
      vertex 0 70.3083 0.799999
      vertex 0 71.2789 0.799999
      vertex 16.0045 22.0284 0.799999
    endloop
  endfacet
  facet normal 0 0 -1
    outer loop
      vertex -16.0045 22.0284 0.799999
      vertex 0 70.3083 0.799999
      vertex -15.7866 21.7284 0.799999
    endloop
  endfacet
  facet normal -0 0 -1
    outer loop
      vertex 0 70.3083 0.799999
      vertex -16.0045 22.0284 0.799999
      vertex 0 71.2789 0.799999
    endloop
  endfacet
  facet normal 0 0 -1
    outer loop
      vertex -66.8671 21.7264 0.799999
      vertex -16.0045 22.0284 0.799999
      vertex -15.7866 21.7284 0.799999
    endloop
  endfacet
  facet normal 0 0 -1
    outer loop
      vertex -16.0045 22.0284 0.799999
      vertex -66.8671 21.7264 0.799999
      vertex -67.7903 22.0264 0.799999
    endloop
  endfacet
  facet normal 0 0 -1
    outer loop
      vertex -41.3262 -56.8806 0.799999
      vertex -25.8959 -8.41408 0.799999
      vertex -25.5432 -8.2995 0.799999
    endloop
  endfacet
  facet normal 0 0 -1
    outer loop
      vertex -25.8959 -8.41408 0.799999
      vertex -41.3262 -56.8806 0.799999
      vertex -41.8967 -57.6659 0.799999
    endloop
  endfacet
  facet normal 0 0 -1
    outer loop
      vertex -25.8959 -8.41408 0.799999
      vertex -66.8671 21.7264 0.799999
      vertex -25.5432 -8.2995 0.799999
    endloop
  endfacet
  facet normal -0 -0 -1
    outer loop
      vertex -66.8671 21.7264 0.799999
      vertex -25.8959 -8.41408 0.799999
      vertex -67.7903 22.0264 0.799999
    endloop
  endfacet
  facet normal 0 0 1
    outer loop
      vertex 16.0045 22.0284 2
      vertex 66.8671 21.7264 2
      vertex 67.7903 22.0264 2
    endloop
  endfacet
  facet normal 0 0 1
    outer loop
      vertex 16.0045 22.0284 2
      vertex 15.7866 21.7284 2
      vertex 66.8671 21.7264 2
    endloop
  endfacet
  facet normal -0 0 1
    outer loop
      vertex 0 70.3083 2
      vertex 16.0045 22.0284 2
      vertex 0 71.2789 2
    endloop
  endfacet
  facet normal 0 0 1
    outer loop
      vertex 16.0045 22.0284 2
      vertex 0 70.3083 2
      vertex 15.7866 21.7284 2
    endloop
  endfacet
  facet normal 0 0 1
    outer loop
      vertex -16.0045 22.0284 2
      vertex 0 70.3083 2
      vertex 0 71.2789 2
    endloop
  endfacet
  facet normal 0 0 1
    outer loop
      vertex 0 70.3083 2
      vertex -16.0045 22.0284 2
      vertex -15.7866 21.7284 2
    endloop
  endfacet
  facet normal 0 0 1
    outer loop
      vertex -16.0045 22.0284 2
      vertex -66.8671 21.7264 2
      vertex -15.7866 21.7284 2
    endloop
  endfacet
  facet normal 0 -0 1
    outer loop
      vertex -66.8671 21.7264 2
      vertex -16.0045 22.0284 2
      vertex -67.7903 22.0264 2
    endloop
  endfacet
  facet normal -0 0 1
    outer loop
      vertex 66.8671 21.7264 2
      vertex 25.8959 -8.41408 2
      vertex 67.7903 22.0264 2
    endloop
  endfacet
  facet normal 0 -0 1
    outer loop
      vertex 25.8959 -8.41408 2
      vertex 66.8671 21.7264 2
      vertex 25.5432 -8.2995 2
    endloop
  endfacet
  facet normal 0 0 1
    outer loop
      vertex 25.8959 -8.41408 2
      vertex 41.3262 -56.8806 2
      vertex 41.8967 -57.6659 2
    endloop
  endfacet
  facet normal 0 0 1
    outer loop
      vertex 41.3262 -56.8806 2
      vertex 25.8959 -8.41408 2
      vertex 25.5432 -8.2995 2
    endloop
  endfacet
  facet normal -0 0 1
    outer loop
      vertex 0 -27.2286 2
      vertex 41.3262 -56.8806 2
      vertex 0 -26.8577 2
    endloop
  endfacet
  facet normal 0 0 1
    outer loop
      vertex 41.3262 -56.8806 2
      vertex 0 -27.2286 2
      vertex 41.8967 -57.6659 2
    endloop
  endfacet
  facet normal 0 0 1
    outer loop
      vertex -41.3262 -56.8806 2
      vertex 0 -27.2286 2
      vertex 0 -26.8577 2
    endloop
  endfacet
  facet normal 0 0 1
    outer loop
      vertex 0 -27.2286 2
      vertex -41.3262 -56.8806 2
      vertex -41.8967 -57.6659 2
    endloop
  endfacet
  facet normal 0 0 1
    outer loop
      vertex -66.8671 21.7264 2
      vertex -25.8959 -8.41408 2
      vertex -25.5432 -8.2995 2
    endloop
  endfacet
  facet normal 0 0 1
    outer loop
      vertex -25.8959 -8.41408 2
      vertex -66.8671 21.7264 2
      vertex -67.7903 22.0264 2
    endloop
  endfacet
  facet normal -0 0 1
    outer loop
      vertex -25.8959 -8.41408 2
      vertex -41.3262 -56.8806 2
      vertex -25.5432 -8.2995 2
    endloop
  endfacet
  facet normal 0 -0 1
    outer loop
      vertex -41.3262 -56.8806 2
      vertex -25.8959 -8.41408 2
      vertex -41.8967 -57.6659 2
    endloop
  endfacet
  facet normal 0.587816 -0.808995 0
    outer loop
      vertex 25.8959 -8.41408 0.799999
      vertex 67.7903 22.0264 2
      vertex 25.8959 -8.41408 2
    endloop
  endfacet
  facet normal 0.587816 -0.808995 0
    outer loop
      vertex 67.7903 22.0264 2
      vertex 25.8959 -8.41408 0.799999
      vertex 67.7903 22.0264 0.799999
    endloop
  endfacet
  facet normal 3.86206e-05 1 -0
    outer loop
      vertex 67.7903 22.0264 0.799999
      vertex 16.0045 22.0284 2
      vertex 67.7903 22.0264 2
    endloop
  endfacet
  facet normal 3.86206e-05 1 0
    outer loop
      vertex 16.0045 22.0284 2
      vertex 67.7903 22.0264 0.799999
      vertex 16.0045 22.0284 0.799999
    endloop
  endfacet
  facet normal 0.951045 0.309053 0
    outer loop
      vertex 16.0045 22.0284 2
      vertex 0 71.2789 0.799999
      vertex 0 71.2789 2
    endloop
  endfacet
  facet normal 0.951045 0.309053 0
    outer loop
      vertex 0 71.2789 0.799999
      vertex 16.0045 22.0284 2
      vertex 16.0045 22.0284 0.799999
    endloop
  endfacet
  facet normal -0.951045 0.309053 0
    outer loop
      vertex -16.0045 22.0284 0.799999
      vertex 0 71.2789 2
      vertex 0 71.2789 0.799999
    endloop
  endfacet
  facet normal -0.951045 0.309053 0
    outer loop
      vertex 0 71.2789 2
      vertex -16.0045 22.0284 0.799999
      vertex -16.0045 22.0284 2
    endloop
  endfacet
  facet normal -3.86206e-05 1 0
    outer loop
      vertex -16.0045 22.0284 0.799999
      vertex -67.7903 22.0264 2
      vertex -16.0045 22.0284 2
    endloop
  endfacet
  facet normal -3.86206e-05 1 0
    outer loop
      vertex -67.7903 22.0264 2
      vertex -16.0045 22.0284 0.799999
      vertex -67.7903 22.0264 0.799999
    endloop
  endfacet
  facet normal -0.587816 -0.808995 0
    outer loop
      vertex -67.7903 22.0264 0.799999
      vertex -25.8959 -8.41408 2
      vertex -67.7903 22.0264 2
    endloop
  endfacet
  facet normal -0.587816 -0.808995 -0
    outer loop
      vertex -25.8959 -8.41408 2
      vertex -67.7903 22.0264 0.799999
      vertex -25.8959 -8.41408 0.799999
    endloop
  endfacet
  facet normal -0.951068 0.308981 0
    outer loop
      vertex -41.8967 -57.6659 0.799999
      vertex -25.8959 -8.41408 2
      vertex -25.8959 -8.41408 0.799999
    endloop
  endfacet
  facet normal -0.951068 0.308981 0
    outer loop
      vertex -25.8959 -8.41408 2
      vertex -41.8967 -57.6659 0.799999
      vertex -41.8967 -57.6659 2
    endloop
  endfacet
  facet normal 0.587754 -0.809039 0
    outer loop
      vertex -41.8967 -57.6659 0.799999
      vertex 0 -27.2286 2
      vertex -41.8967 -57.6659 2
    endloop
  endfacet
  facet normal 0.587754 -0.809039 0
    outer loop
      vertex 0 -27.2286 2
      vertex -41.8967 -57.6659 0.799999
      vertex 0 -27.2286 0.799999
    endloop
  endfacet
  facet normal -0.587754 -0.809039 0
    outer loop
      vertex 0 -27.2286 0.799999
      vertex 41.8967 -57.6659 2
      vertex 0 -27.2286 2
    endloop
  endfacet
  facet normal -0.587754 -0.809039 -0
    outer loop
      vertex 41.8967 -57.6659 2
      vertex 0 -27.2286 0.799999
      vertex 41.8967 -57.6659 0.799999
    endloop
  endfacet
  facet normal 0.951068 0.308981 0
    outer loop
      vertex 41.8967 -57.6659 2
      vertex 25.8959 -8.41408 0.799999
      vertex 25.8959 -8.41408 2
    endloop
  endfacet
  facet normal 0.951068 0.308981 0
    outer loop
      vertex 25.8959 -8.41408 0.799999
      vertex 41.8967 -57.6659 2
      vertex 41.8967 -57.6659 0.799999
    endloop
  endfacet
endsolid OpenSCAD_Model
