solid OpenSCAD_Model
  facet normal 0.980076 0.0320932 0.196015
    outer loop
      vertex 22 0 0
      vertex 11.9743 0.784837 50
      vertex 12 0 50
    endloop
  endfacet
  facet normal 0.980076 0.0320818 0.196015
    outer loop
      vertex 21.9529 1.43887 0
      vertex 11.9743 0.784837 50
      vertex 22 0 0
    endloop
  endfacet
  facet normal -0.980076 -0.0320932 0.196015
    outer loop
      vertex -12 0 50
      vertex -22 0 0
      vertex -11.9743 -0.784837 50
    endloop
  endfacet
  facet normal 0.670335 -0.715702 0.196014
    outer loop
      vertex 8.48528 -8.48528 50
      vertex 7.91215 -9.02208 50
      vertex 15.5563 -15.5563 0
    endloop
  endfacet
  facet normal 0.975875 0.0961548 0.196016
    outer loop
      vertex 21.8118 2.87158 0
      vertex 11.8973 1.56631 50
      vertex 11.9743 0.784837 50
    endloop
  endfacet
  facet normal 0.967504 0.159728 0.196016
    outer loop
      vertex 21.5773 4.29199 0
      vertex 11.8973 1.56631 50
      vertex 21.8118 2.87158 0
    endloop
  endfacet
  facet normal -0.0320932 -0.980076 0.196015
    outer loop
      vertex 0 -12 50
      vertex -0.784837 -11.9743 50
      vertex 0 -22 0
    endloop
  endfacet
  facet normal -0.0320932 0.980076 0.196015
    outer loop
      vertex 0 22 0
      vertex -0.784837 11.9743 50
      vertex 0 12 50
    endloop
  endfacet
  facet normal -0.975875 -0.0961548 0.196016
    outer loop
      vertex -11.9743 -0.784837 50
      vertex -21.8118 -2.87158 0
      vertex -11.8973 -1.56631 50
    endloop
  endfacet
  facet normal -0.967504 -0.159728 0.196016
    outer loop
      vertex -11.8973 -1.56631 50
      vertex -21.8118 -2.87158 0
      vertex -21.5773 -4.29199 0
    endloop
  endfacet
  facet normal 0.0320818 -0.980076 0.196015
    outer loop
      vertex 0.784837 -11.9743 50
      vertex 0 -22 0
      vertex 1.43887 -21.9529 0
    endloop
  endfacet
  facet normal 0.967506 -0.159717 0.196016
    outer loop
      vertex 11.8973 -1.56631 50
      vertex 11.7694 -2.34108 50
      vertex 21.5773 -4.29199 0
    endloop
  endfacet
  facet normal 0.670335 0.715702 0.196014
    outer loop
      vertex 15.5563 15.5563 0
      vertex 7.91215 9.02208 50
      vertex 8.48528 8.48528 50
    endloop
  endfacet
  facet normal -0.670335 -0.715702 0.196014
    outer loop
      vertex -8.48528 -8.48528 50
      vertex -15.5563 -15.5563 0
      vertex -7.91215 -9.02208 50
    endloop
  endfacet
  facet normal 0.159717 -0.967506 0.196016
    outer loop
      vertex 2.34108 -11.7694 50
      vertex 1.56631 -11.8973 50
      vertex 4.29199 -21.5773 0
    endloop
  endfacet
  facet normal 0.893207 -0.404672 0.196014
    outer loop
      vertex 20.3253 -8.41903 0
      vertex 11.0866 -4.5922 50
      vertex 19.7312 -9.73035 0
    endloop
  endfacet
  facet normal 0.97588 0.0961092 0.196015
    outer loop
      vertex 21.8118 2.87158 0
      vertex 11.9743 0.784837 50
      vertex 21.9529 1.43887 0
    endloop
  endfacet
  facet normal -0.893185 0.404722 0.196015
    outer loop
      vertex -10.7625 5.30746 50
      vertex -19.7312 9.73035 0
      vertex -11.0866 4.5922 50
    endloop
  endfacet
  facet normal -0.980076 0.0320818 0.196015
    outer loop
      vertex -21.9529 1.43887 0
      vertex -22 0 0
      vertex -11.9743 0.784837 50
    endloop
  endfacet
  facet normal 0.893185 0.404722 0.196015
    outer loop
      vertex 19.7312 9.73035 0
      vertex 10.7625 5.30746 50
      vertex 11.0866 4.5922 50
    endloop
  endfacet
  facet normal -0.967506 -0.159717 0.196016
    outer loop
      vertex -11.8973 -1.56631 50
      vertex -21.5773 -4.29199 0
      vertex -11.7694 -2.34108 50
    endloop
  endfacet
  facet normal 0 0 -1
    outer loop
      vertex 10.9977 0 0
      vertex 22 0 0
      vertex 21.9529 -1.43887 0
    endloop
  endfacet
  facet normal 0 0 -1
    outer loop
      vertex 10.9741 -0.719368 0
      vertex 21.9529 -1.43887 0
      vertex 21.8118 -2.87158 0
    endloop
  endfacet
  facet normal 0 0 -1
    outer loop
      vertex 22 0 0
      vertex 10.9977 0 0
      vertex 21.9529 1.43887 0
    endloop
  endfacet
  facet normal 0 0 -1
    outer loop
      vertex 10.9036 -1.43548 0
      vertex 21.8118 -2.87158 0
      vertex 21.5773 -4.29199 0
    endloop
  endfacet
  facet normal 0 0 -1
    outer loop
      vertex 10.9741 0.719194 0
      vertex 21.9529 1.43887 0
      vertex 10.9977 0 0
    endloop
  endfacet
  facet normal 0 0 -1
    outer loop
      vertex 10.7863 -2.14554 0
      vertex 21.5773 -4.29199 0
      vertex 21.2504 -5.69402 0
    endloop
  endfacet
  facet normal 0 0 -1
    outer loop
      vertex 10.9741 0.719281 0
      vertex 21.9529 1.43887 0
      vertex 10.9741 0.719194 0
    endloop
  endfacet
  facet normal 0 0 -1
    outer loop
      vertex 10.6229 -2.8464 0
      vertex 21.2504 -5.69402 0
      vertex 20.8325 -7.07167 0
    endloop
  endfacet
  facet normal 0 0 -1
    outer loop
      vertex 10.9741 0.719368 0
      vertex 21.9529 1.43887 0
      vertex 10.9741 0.719281 0
    endloop
  endfacet
  facet normal 0 0 -1
    outer loop
      vertex 10.414 -3.53517 0
      vertex 20.8325 -7.07167 0
      vertex 20.3253 -8.41903 0
    endloop
  endfacet
  facet normal -0 0 -1
    outer loop
      vertex 21.9529 1.43887 0
      vertex 10.9741 0.719368 0
      vertex 21.8118 2.87158 0
    endloop
  endfacet
  facet normal 0 0 -1
    outer loop
      vertex 10.1605 -4.20862 0
      vertex 20.3253 -8.41903 0
      vertex 19.7312 -9.73035 0
    endloop
  endfacet
  facet normal 0 0 -1
    outer loop
      vertex 10.9036 1.43548 0
      vertex 21.8118 2.87158 0
      vertex 10.9741 0.719368 0
    endloop
  endfacet
  facet normal 0 0 -1
    outer loop
      vertex 9.86347 -4.86422 0
      vertex 19.7312 -9.73035 0
      vertex 19.0526 -11 0
    endloop
  endfacet
  facet normal -0 0 -1
    outer loop
      vertex 21.8118 2.87158 0
      vertex 10.9036 1.43548 0
      vertex 21.5773 4.29199 0
    endloop
  endfacet
  facet normal 0 0 -1
    outer loop
      vertex 9.52421 -5.49891 0
      vertex 19.0526 -11 0
      vertex 18.2923 -12.2225 0
    endloop
  endfacet
  facet normal 0 0 -1
    outer loop
      vertex 10.7864 2.14545 0
      vertex 21.5773 4.29199 0
      vertex 10.9036 1.43548 0
    endloop
  endfacet
  facet normal 0 0 -1
    outer loop
      vertex 9.14417 -6.11005 0
      vertex 18.2923 -12.2225 0
      vertex 17.4538 -13.3928 0
    endloop
  endfacet
  facet normal 0 0 -1
    outer loop
      vertex 10.7863 2.14554 0
      vertex 21.5773 4.29199 0
      vertex 10.7864 2.14545 0
    endloop
  endfacet
  facet normal 0 0 -1
    outer loop
      vertex 8.72503 -6.69495 0
      vertex 17.4538 -13.3928 0
      vertex 16.5405 -14.5056 0
    endloop
  endfacet
  facet normal -0 0 -1
    outer loop
      vertex 21.5773 4.29199 0
      vertex 10.7863 2.14554 0
      vertex 21.2504 5.69402 0
    endloop
  endfacet
  facet normal 0 0 -1
    outer loop
      vertex 8.26848 -7.25127 0
      vertex 16.5405 -14.5056 0
      vertex 15.5563 -15.5563 0
    endloop
  endfacet
  facet normal 0 0 -1
    outer loop
      vertex 10.623 2.84632 0
      vertex 21.2504 5.69402 0
      vertex 10.7863 2.14554 0
    endloop
  endfacet
  facet normal 0 0 -1
    outer loop
      vertex 7.77646 -7.77658 0
      vertex 15.5563 -15.5563 0
      vertex 14.5056 -16.5405 0
    endloop
  endfacet
  facet normal 0 0 -1
    outer loop
      vertex 10.6229 2.8464 0
      vertex 21.2504 5.69402 0
      vertex 10.623 2.84632 0
    endloop
  endfacet
  facet normal 0 0 -1
    outer loop
      vertex 7.2512 -8.26854 0
      vertex 14.5056 -16.5405 0
      vertex 13.3928 -17.4538 0
    endloop
  endfacet
  facet normal -0 0 -1
    outer loop
      vertex 21.2504 5.69402 0
      vertex 10.6229 2.8464 0
      vertex 20.8325 7.07167 0
    endloop
  endfacet
  facet normal 0 0 -1
    outer loop
      vertex 6.69495 -8.72503 0
      vertex 13.3928 -17.4538 0
      vertex 12.2225 -18.2923 0
    endloop
  endfacet
  facet normal 0 0 -1
    outer loop
      vertex 10.414 3.535 0
      vertex 20.8325 7.07167 0
      vertex 10.6229 2.8464 0
    endloop
  endfacet
  facet normal 0 0 -1
    outer loop
      vertex 6.10998 -9.14423 0
      vertex 12.2225 -18.2923 0
      vertex 11 -19.0526 0
    endloop
  endfacet
  facet normal 0 0 -1
    outer loop
      vertex 10.414 3.53508 0
      vertex 20.8325 7.07167 0
      vertex 10.414 3.535 0
    endloop
  endfacet
  facet normal 0 0 -1
    outer loop
      vertex 10.414 3.53517 0
      vertex 20.8325 7.07167 0
      vertex 10.414 3.53508 0
    endloop
  endfacet
  facet normal 0 0 -1
    outer loop
      vertex 21.9529 -1.43887 0
      vertex 10.9741 -0.719194 0
      vertex 10.9977 0 0
    endloop
  endfacet
  facet normal 0 0 -1
    outer loop
      vertex 21.9529 -1.43887 0
      vertex 10.9741 -0.719281 0
      vertex 10.9741 -0.719194 0
    endloop
  endfacet
  facet normal 0 0 -1
    outer loop
      vertex 21.9529 -1.43887 0
      vertex 10.9741 -0.719368 0
      vertex 10.9741 -0.719281 0
    endloop
  endfacet
  facet normal 0 0 -1
    outer loop
      vertex 21.8118 -2.87158 0
      vertex 10.9036 -1.43548 0
      vertex 10.9741 -0.719368 0
    endloop
  endfacet
  facet normal 0 0 -1
    outer loop
      vertex 21.5773 -4.29199 0
      vertex 10.7864 -2.14545 0
      vertex 10.9036 -1.43548 0
    endloop
  endfacet
  facet normal 0 0 -1
    outer loop
      vertex 21.5773 -4.29199 0
      vertex 10.7863 -2.14554 0
      vertex 10.7864 -2.14545 0
    endloop
  endfacet
  facet normal 0 0 -1
    outer loop
      vertex 21.2504 -5.69402 0
      vertex 10.623 -2.84632 0
      vertex 10.7863 -2.14554 0
    endloop
  endfacet
  facet normal 0 0 -1
    outer loop
      vertex 21.2504 -5.69402 0
      vertex 10.6229 -2.8464 0
      vertex 10.623 -2.84632 0
    endloop
  endfacet
  facet normal 0 0 -1
    outer loop
      vertex 20.8325 -7.07167 0
      vertex 10.414 -3.535 0
      vertex 10.6229 -2.8464 0
    endloop
  endfacet
  facet normal 0 0 -1
    outer loop
      vertex 20.8325 -7.07167 0
      vertex 10.414 -3.53508 0
      vertex 10.414 -3.535 0
    endloop
  endfacet
  facet normal 0 0 -1
    outer loop
      vertex 20.8325 -7.07167 0
      vertex 10.414 -3.53517 0
      vertex 10.414 -3.53508 0
    endloop
  endfacet
  facet normal 0 0 -1
    outer loop
      vertex 20.3253 -8.41903 0
      vertex 10.1605 -4.20862 0
      vertex 10.414 -3.53517 0
    endloop
  endfacet
  facet normal 0 0 -1
    outer loop
      vertex 19.7312 -9.73035 0
      vertex 9.86354 -4.86406 0
      vertex 10.1605 -4.20862 0
    endloop
  endfacet
  facet normal 0 0 -1
    outer loop
      vertex 19.7312 -9.73035 0
      vertex 9.86351 -4.86414 0
      vertex 9.86354 -4.86406 0
    endloop
  endfacet
  facet normal 0 0 -1
    outer loop
      vertex 19.7312 -9.73035 0
      vertex 9.86347 -4.86422 0
      vertex 9.86351 -4.86414 0
    endloop
  endfacet
  facet normal 0 0 -1
    outer loop
      vertex 5.49883 -9.52426 0
      vertex 11 -19.0526 0
      vertex 9.73035 -19.7312 0
    endloop
  endfacet
  facet normal 0 0 -1
    outer loop
      vertex 19.0526 -11 0
      vertex 9.52426 -5.49883 0
      vertex 9.86347 -4.86422 0
    endloop
  endfacet
  facet normal 0 0 -1
    outer loop
      vertex 19.0526 -11 0
      vertex 9.52421 -5.49891 0
      vertex 9.52426 -5.49883 0
    endloop
  endfacet
  facet normal 0 0 -1
    outer loop
      vertex 18.2923 -12.2225 0
      vertex 9.14423 -6.10998 0
      vertex 9.52421 -5.49891 0
    endloop
  endfacet
  facet normal 0 0 -1
    outer loop
      vertex 18.2923 -12.2225 0
      vertex 9.14417 -6.11005 0
      vertex 9.14423 -6.10998 0
    endloop
  endfacet
  facet normal 0 0 -1
    outer loop
      vertex 17.4538 -13.3928 0
      vertex 8.72503 -6.69495 0
      vertex 9.14417 -6.11005 0
    endloop
  endfacet
  facet normal 0 0 -1
    outer loop
      vertex 4.86406 -9.86354 0
      vertex 9.73035 -19.7312 0
      vertex 8.41903 -20.3253 0
    endloop
  endfacet
  facet normal 0 0 -1
    outer loop
      vertex 16.5405 -14.5056 0
      vertex 8.26854 -7.2512 0
      vertex 8.72503 -6.69495 0
    endloop
  endfacet
  facet normal 0 0 -1
    outer loop
      vertex 16.5405 -14.5056 0
      vertex 8.26848 -7.25127 0
      vertex 8.26854 -7.2512 0
    endloop
  endfacet
  facet normal 0 0 -1
    outer loop
      vertex 15.5563 -15.5563 0
      vertex 7.77658 -7.77646 0
      vertex 8.26848 -7.25127 0
    endloop
  endfacet
  facet normal 0 0 -1
    outer loop
      vertex 15.5563 -15.5563 0
      vertex 7.77652 -7.77652 0
      vertex 7.77658 -7.77646 0
    endloop
  endfacet
  facet normal 0 0 -1
    outer loop
      vertex 15.5563 -15.5563 0
      vertex 7.77646 -7.77658 0
      vertex 7.77652 -7.77652 0
    endloop
  endfacet
  facet normal 0 0 -1
    outer loop
      vertex 14.5056 -16.5405 0
      vertex 7.25127 -8.26848 0
      vertex 7.77646 -7.77658 0
    endloop
  endfacet
  facet normal 0 0 -1
    outer loop
      vertex 14.5056 -16.5405 0
      vertex 7.2512 -8.26854 0
      vertex 7.25127 -8.26848 0
    endloop
  endfacet
  facet normal 0 0 -1
    outer loop
      vertex 4.20862 -10.1605 0
      vertex 8.41903 -20.3253 0
      vertex 7.07167 -20.8325 0
    endloop
  endfacet
  facet normal 0 0 -1
    outer loop
      vertex 13.3928 -17.4538 0
      vertex 6.69495 -8.72503 0
      vertex 7.2512 -8.26854 0
    endloop
  endfacet
  facet normal 0 0 -1
    outer loop
      vertex 12.2225 -18.2923 0
      vertex 6.11005 -9.14417 0
      vertex 6.69495 -8.72503 0
    endloop
  endfacet
  facet normal 0 0 -1
    outer loop
      vertex 12.2225 -18.2923 0
      vertex 6.10998 -9.14423 0
      vertex 6.11005 -9.14417 0
    endloop
  endfacet
  facet normal 0 0 -1
    outer loop
      vertex 3.535 -10.414 0
      vertex 7.07167 -20.8325 0
      vertex 5.69402 -21.2504 0
    endloop
  endfacet
  facet normal 0 0 -1
    outer loop
      vertex 11 -19.0526 0
      vertex 5.49891 -9.52421 0
      vertex 6.10998 -9.14423 0
    endloop
  endfacet
  facet normal 0 0 -1
    outer loop
      vertex 11 -19.0526 0
      vertex 5.49883 -9.52426 0
      vertex 5.49891 -9.52421 0
    endloop
  endfacet
  facet normal 0 0 -1
    outer loop
      vertex 9.73035 -19.7312 0
      vertex 4.86422 -9.86347 0
      vertex 5.49883 -9.52426 0
    endloop
  endfacet
  facet normal 0 0 -1
    outer loop
      vertex 9.73035 -19.7312 0
      vertex 4.86414 -9.86351 0
      vertex 4.86422 -9.86347 0
    endloop
  endfacet
  facet normal 0 0 -1
    outer loop
      vertex 9.73035 -19.7312 0
      vertex 4.86406 -9.86354 0
      vertex 4.86414 -9.86351 0
    endloop
  endfacet
  facet normal 0 0 -1
    outer loop
      vertex 2.84632 -10.623 0
      vertex 5.69402 -21.2504 0
      vertex 4.29199 -21.5773 0
    endloop
  endfacet
  facet normal 0 0 -1
    outer loop
      vertex 8.41903 -20.3253 0
      vertex 4.20862 -10.1605 0
      vertex 4.86406 -9.86354 0
    endloop
  endfacet
  facet normal 0 0 -1
    outer loop
      vertex 7.07167 -20.8325 0
      vertex 3.53517 -10.414 0
      vertex 4.20862 -10.1605 0
    endloop
  endfacet
  facet normal 0 0 -1
    outer loop
      vertex 7.07167 -20.8325 0
      vertex 3.53508 -10.414 0
      vertex 3.53517 -10.414 0
    endloop
  endfacet
  facet normal 0 0 -1
    outer loop
      vertex 7.07167 -20.8325 0
      vertex 3.535 -10.414 0
      vertex 3.53508 -10.414 0
    endloop
  endfacet
  facet normal 0 0 -1
    outer loop
      vertex 2.14545 -10.7864 0
      vertex 4.29199 -21.5773 0
      vertex 2.87158 -21.8118 0
    endloop
  endfacet
  facet normal 0 0 -1
    outer loop
      vertex 5.69402 -21.2504 0
      vertex 2.8464 -10.6229 0
      vertex 3.535 -10.414 0
    endloop
  endfacet
  facet normal 0 0 -1
    outer loop
      vertex 5.69402 -21.2504 0
      vertex 2.84632 -10.623 0
      vertex 2.8464 -10.6229 0
    endloop
  endfacet
  facet normal 0 0 -1
    outer loop
      vertex 4.29199 -21.5773 0
      vertex 2.14554 -10.7863 0
      vertex 2.84632 -10.623 0
    endloop
  endfacet
  facet normal 0 0 -1
    outer loop
      vertex 4.29199 -21.5773 0
      vertex 2.14545 -10.7864 0
      vertex 2.14554 -10.7863 0
    endloop
  endfacet
  facet normal 0 0 -1
    outer loop
      vertex 1.43548 -10.9036 0
      vertex 2.87158 -21.8118 0
      vertex 1.43887 -21.9529 0
    endloop
  endfacet
  facet normal 0 0 -1
    outer loop
      vertex 2.87158 -21.8118 0
      vertex 1.43548 -10.9036 0
      vertex 2.14545 -10.7864 0
    endloop
  endfacet
  facet normal 0 0 -1
    outer loop
      vertex 1.43887 -21.9529 0
      vertex 0.719368 -10.9741 0
      vertex 1.43548 -10.9036 0
    endloop
  endfacet
  facet normal 0 0 -1
    outer loop
      vertex 1.43887 -21.9529 0
      vertex 0.719281 -10.9741 0
      vertex 0.719368 -10.9741 0
    endloop
  endfacet
  facet normal 0 0 -1
    outer loop
      vertex 1.43887 -21.9529 0
      vertex 0.719194 -10.9741 0
      vertex 0.719281 -10.9741 0
    endloop
  endfacet
  facet normal 0 0 -1
    outer loop
      vertex 0 -22 0
      vertex 0.719194 -10.9741 0
      vertex 1.43887 -21.9529 0
    endloop
  endfacet
  facet normal 0 0 -1
    outer loop
      vertex 0 -22 0
      vertex 0 -10.9977 0
      vertex 0.719194 -10.9741 0
    endloop
  endfacet
  facet normal 0 0 -1
    outer loop
      vertex 0 -22 0
      vertex -0.719194 -10.9741 0
      vertex 0 -10.9977 0
    endloop
  endfacet
  facet normal 0 0 -1
    outer loop
      vertex -1.43887 -21.9529 0
      vertex -0.719194 -10.9741 0
      vertex 0 -22 0
    endloop
  endfacet
  facet normal -0 0 -1
    outer loop
      vertex -0.719194 -10.9741 0
      vertex -1.43887 -21.9529 0
      vertex -0.719281 -10.9741 0
    endloop
  endfacet
  facet normal -0 0 -1
    outer loop
      vertex -0.719281 -10.9741 0
      vertex -1.43887 -21.9529 0
      vertex -0.719368 -10.9741 0
    endloop
  endfacet
  facet normal -0 0 -1
    outer loop
      vertex -0.719368 -10.9741 0
      vertex -1.43887 -21.9529 0
      vertex -1.43548 -10.9036 0
    endloop
  endfacet
  facet normal 0 0 -1
    outer loop
      vertex -2.87158 -21.8118 0
      vertex -1.43548 -10.9036 0
      vertex -1.43887 -21.9529 0
    endloop
  endfacet
  facet normal -0 0 -1
    outer loop
      vertex -1.43548 -10.9036 0
      vertex -2.87158 -21.8118 0
      vertex -2.14545 -10.7864 0
    endloop
  endfacet
  facet normal 0 0 -1
    outer loop
      vertex -4.29199 -21.5773 0
      vertex -2.14545 -10.7864 0
      vertex -2.87158 -21.8118 0
    endloop
  endfacet
  facet normal -0 0 -1
    outer loop
      vertex -2.14545 -10.7864 0
      vertex -4.29199 -21.5773 0
      vertex -2.14554 -10.7863 0
    endloop
  endfacet
  facet normal -0 0 -1
    outer loop
      vertex -2.14554 -10.7863 0
      vertex -4.29199 -21.5773 0
      vertex -2.84632 -10.623 0
    endloop
  endfacet
  facet normal 0 0 -1
    outer loop
      vertex -5.69402 -21.2504 0
      vertex -2.84632 -10.623 0
      vertex -4.29199 -21.5773 0
    endloop
  endfacet
  facet normal -0 0 -1
    outer loop
      vertex -2.84632 -10.623 0
      vertex -5.69402 -21.2504 0
      vertex -2.8464 -10.6229 0
    endloop
  endfacet
  facet normal -0 0 -1
    outer loop
      vertex -2.8464 -10.6229 0
      vertex -5.69402 -21.2504 0
      vertex -3.535 -10.414 0
    endloop
  endfacet
  facet normal 0 0 -1
    outer loop
      vertex -7.07167 -20.8325 0
      vertex -3.535 -10.414 0
      vertex -5.69402 -21.2504 0
    endloop
  endfacet
  facet normal -0 0 -1
    outer loop
      vertex -3.535 -10.414 0
      vertex -7.07167 -20.8325 0
      vertex -3.53508 -10.414 0
    endloop
  endfacet
  facet normal -0 0 -1
    outer loop
      vertex -3.53508 -10.414 0
      vertex -7.07167 -20.8325 0
      vertex -3.53517 -10.414 0
    endloop
  endfacet
  facet normal -0 0 -1
    outer loop
      vertex -3.53517 -10.414 0
      vertex -7.07167 -20.8325 0
      vertex -4.20862 -10.1605 0
    endloop
  endfacet
  facet normal 0 0 -1
    outer loop
      vertex -8.41903 -20.3253 0
      vertex -4.20862 -10.1605 0
      vertex -7.07167 -20.8325 0
    endloop
  endfacet
  facet normal -0 0 -1
    outer loop
      vertex -4.20862 -10.1605 0
      vertex -8.41903 -20.3253 0
      vertex -4.86406 -9.86354 0
    endloop
  endfacet
  facet normal 0 0 -1
    outer loop
      vertex -9.73035 -19.7312 0
      vertex -4.86406 -9.86354 0
      vertex -8.41903 -20.3253 0
    endloop
  endfacet
  facet normal -0 0 -1
    outer loop
      vertex -4.86406 -9.86354 0
      vertex -9.73035 -19.7312 0
      vertex -4.86414 -9.86351 0
    endloop
  endfacet
  facet normal -0 0 -1
    outer loop
      vertex -4.86414 -9.86351 0
      vertex -9.73035 -19.7312 0
      vertex -4.86422 -9.86347 0
    endloop
  endfacet
  facet normal -0 0 -1
    outer loop
      vertex -4.86422 -9.86347 0
      vertex -9.73035 -19.7312 0
      vertex -5.49883 -9.52426 0
    endloop
  endfacet
  facet normal 0 0 -1
    outer loop
      vertex -11 -19.0526 0
      vertex -5.49883 -9.52426 0
      vertex -9.73035 -19.7312 0
    endloop
  endfacet
  facet normal -0 0 -1
    outer loop
      vertex -5.49883 -9.52426 0
      vertex -11 -19.0526 0
      vertex -5.49891 -9.52421 0
    endloop
  endfacet
  facet normal -0 0 -1
    outer loop
      vertex -5.49891 -9.52421 0
      vertex -11 -19.0526 0
      vertex -6.10998 -9.14423 0
    endloop
  endfacet
  facet normal 0 0 -1
    outer loop
      vertex -12.2225 -18.2923 0
      vertex -6.10998 -9.14423 0
      vertex -11 -19.0526 0
    endloop
  endfacet
  facet normal -0 0 -1
    outer loop
      vertex -6.10998 -9.14423 0
      vertex -12.2225 -18.2923 0
      vertex -6.11005 -9.14417 0
    endloop
  endfacet
  facet normal -0 0 -1
    outer loop
      vertex -6.11005 -9.14417 0
      vertex -12.2225 -18.2923 0
      vertex -6.69495 -8.72503 0
    endloop
  endfacet
  facet normal 0 0 -1
    outer loop
      vertex -13.3928 -17.4538 0
      vertex -6.69495 -8.72503 0
      vertex -12.2225 -18.2923 0
    endloop
  endfacet
  facet normal -0 0 -1
    outer loop
      vertex -6.69495 -8.72503 0
      vertex -13.3928 -17.4538 0
      vertex -7.2512 -8.26854 0
    endloop
  endfacet
  facet normal 0 0 -1
    outer loop
      vertex -14.5056 -16.5405 0
      vertex -7.2512 -8.26854 0
      vertex -13.3928 -17.4538 0
    endloop
  endfacet
  facet normal -0 0 -1
    outer loop
      vertex -7.2512 -8.26854 0
      vertex -14.5056 -16.5405 0
      vertex -7.25127 -8.26848 0
    endloop
  endfacet
  facet normal -0 0 -1
    outer loop
      vertex -7.25127 -8.26848 0
      vertex -14.5056 -16.5405 0
      vertex -7.77646 -7.77658 0
    endloop
  endfacet
  facet normal 0 0 -1
    outer loop
      vertex -15.5563 -15.5563 0
      vertex -7.77646 -7.77658 0
      vertex -14.5056 -16.5405 0
    endloop
  endfacet
  facet normal -0 0 -1
    outer loop
      vertex -7.77646 -7.77658 0
      vertex -15.5563 -15.5563 0
      vertex -7.77652 -7.77652 0
    endloop
  endfacet
  facet normal -0 0 -1
    outer loop
      vertex -7.77652 -7.77652 0
      vertex -15.5563 -15.5563 0
      vertex -7.77658 -7.77646 0
    endloop
  endfacet
  facet normal -0 0 -1
    outer loop
      vertex -7.77658 -7.77646 0
      vertex -15.5563 -15.5563 0
      vertex -8.26848 -7.25127 0
    endloop
  endfacet
  facet normal 0 0 -1
    outer loop
      vertex -16.5405 -14.5056 0
      vertex -8.26848 -7.25127 0
      vertex -15.5563 -15.5563 0
    endloop
  endfacet
  facet normal -0 0 -1
    outer loop
      vertex -8.26848 -7.25127 0
      vertex -16.5405 -14.5056 0
      vertex -8.26854 -7.2512 0
    endloop
  endfacet
  facet normal -0 0 -1
    outer loop
      vertex -8.26854 -7.2512 0
      vertex -16.5405 -14.5056 0
      vertex -8.72503 -6.69495 0
    endloop
  endfacet
  facet normal 0 0 -1
    outer loop
      vertex -17.4538 -13.3928 0
      vertex -8.72503 -6.69495 0
      vertex -16.5405 -14.5056 0
    endloop
  endfacet
  facet normal -0 0 -1
    outer loop
      vertex -8.72503 -6.69495 0
      vertex -17.4538 -13.3928 0
      vertex -9.14417 -6.11005 0
    endloop
  endfacet
  facet normal 0 0 -1
    outer loop
      vertex -18.2923 -12.2225 0
      vertex -9.14417 -6.11005 0
      vertex -17.4538 -13.3928 0
    endloop
  endfacet
  facet normal -0 0 -1
    outer loop
      vertex -9.14417 -6.11005 0
      vertex -18.2923 -12.2225 0
      vertex -9.14423 -6.10998 0
    endloop
  endfacet
  facet normal -0 0 -1
    outer loop
      vertex -9.14423 -6.10998 0
      vertex -18.2923 -12.2225 0
      vertex -9.52421 -5.49891 0
    endloop
  endfacet
  facet normal 0 0 -1
    outer loop
      vertex -19.0526 -11 0
      vertex -9.52421 -5.49891 0
      vertex -18.2923 -12.2225 0
    endloop
  endfacet
  facet normal -0 0 -1
    outer loop
      vertex -9.52421 -5.49891 0
      vertex -19.0526 -11 0
      vertex -9.52426 -5.49883 0
    endloop
  endfacet
  facet normal -0 0 -1
    outer loop
      vertex -9.52426 -5.49883 0
      vertex -19.0526 -11 0
      vertex -9.86347 -4.86422 0
    endloop
  endfacet
  facet normal 0 0 -1
    outer loop
      vertex -19.7312 -9.73035 0
      vertex -9.86347 -4.86422 0
      vertex -19.0526 -11 0
    endloop
  endfacet
  facet normal -0 0 -1
    outer loop
      vertex -9.86347 -4.86422 0
      vertex -19.7312 -9.73035 0
      vertex -9.86351 -4.86414 0
    endloop
  endfacet
  facet normal -0 0 -1
    outer loop
      vertex -9.86351 -4.86414 0
      vertex -19.7312 -9.73035 0
      vertex -9.86354 -4.86406 0
    endloop
  endfacet
  facet normal -0 0 -1
    outer loop
      vertex -9.86354 -4.86406 0
      vertex -19.7312 -9.73035 0
      vertex -10.1605 -4.20862 0
    endloop
  endfacet
  facet normal 0 0 -1
    outer loop
      vertex -20.8325 -7.07167 0
      vertex -10.414 -3.53517 0
      vertex -20.3253 -8.41903 0
    endloop
  endfacet
  facet normal -0 0 -1
    outer loop
      vertex -10.1605 -4.20862 0
      vertex -20.3253 -8.41903 0
      vertex -10.414 -3.53517 0
    endloop
  endfacet
  facet normal 0 0 -1
    outer loop
      vertex -20.3253 -8.41903 0
      vertex -10.1605 -4.20862 0
      vertex -19.7312 -9.73035 0
    endloop
  endfacet
  facet normal -0 0 -1
    outer loop
      vertex 20.8325 7.07167 0
      vertex 10.414 3.53517 0
      vertex 20.3253 8.41903 0
    endloop
  endfacet
  facet normal 0 0 -1
    outer loop
      vertex 10.1605 4.20862 0
      vertex 20.3253 8.41903 0
      vertex 10.414 3.53517 0
    endloop
  endfacet
  facet normal -0 0 -1
    outer loop
      vertex 20.3253 8.41903 0
      vertex 10.1605 4.20862 0
      vertex 19.7312 9.73035 0
    endloop
  endfacet
  facet normal 0 0 -1
    outer loop
      vertex 9.86354 4.86406 0
      vertex 19.7312 9.73035 0
      vertex 10.1605 4.20862 0
    endloop
  endfacet
  facet normal 0 0 -1
    outer loop
      vertex 9.86351 4.86414 0
      vertex 19.7312 9.73035 0
      vertex 9.86354 4.86406 0
    endloop
  endfacet
  facet normal 0 0 -1
    outer loop
      vertex 9.86347 4.86422 0
      vertex 19.7312 9.73035 0
      vertex 9.86351 4.86414 0
    endloop
  endfacet
  facet normal -0 0 -1
    outer loop
      vertex 19.7312 9.73035 0
      vertex 9.86347 4.86422 0
      vertex 19.0526 11 0
    endloop
  endfacet
  facet normal 0 0 -1
    outer loop
      vertex 9.52426 5.49883 0
      vertex 19.0526 11 0
      vertex 9.86347 4.86422 0
    endloop
  endfacet
  facet normal 0 0 -1
    outer loop
      vertex 9.52421 5.49891 0
      vertex 19.0526 11 0
      vertex 9.52426 5.49883 0
    endloop
  endfacet
  facet normal -0 0 -1
    outer loop
      vertex 19.0526 11 0
      vertex 9.52421 5.49891 0
      vertex 18.2923 12.2225 0
    endloop
  endfacet
  facet normal 0 0 -1
    outer loop
      vertex 9.14423 6.10998 0
      vertex 18.2923 12.2225 0
      vertex 9.52421 5.49891 0
    endloop
  endfacet
  facet normal 0 0 -1
    outer loop
      vertex 9.14417 6.11005 0
      vertex 18.2923 12.2225 0
      vertex 9.14423 6.10998 0
    endloop
  endfacet
  facet normal -0 0 -1
    outer loop
      vertex 18.2923 12.2225 0
      vertex 9.14417 6.11005 0
      vertex 17.4538 13.3928 0
    endloop
  endfacet
  facet normal 0 0 -1
    outer loop
      vertex 8.72503 6.69495 0
      vertex 17.4538 13.3928 0
      vertex 9.14417 6.11005 0
    endloop
  endfacet
  facet normal -0 0 -1
    outer loop
      vertex 17.4538 13.3928 0
      vertex 8.72503 6.69495 0
      vertex 16.5405 14.5056 0
    endloop
  endfacet
  facet normal 0 0 -1
    outer loop
      vertex 8.26854 7.2512 0
      vertex 16.5405 14.5056 0
      vertex 8.72503 6.69495 0
    endloop
  endfacet
  facet normal 0 0 -1
    outer loop
      vertex 8.26848 7.25127 0
      vertex 16.5405 14.5056 0
      vertex 8.26854 7.2512 0
    endloop
  endfacet
  facet normal -0 0 -1
    outer loop
      vertex 16.5405 14.5056 0
      vertex 8.26848 7.25127 0
      vertex 15.5563 15.5563 0
    endloop
  endfacet
  facet normal 0 0 -1
    outer loop
      vertex 7.77658 7.77646 0
      vertex 15.5563 15.5563 0
      vertex 8.26848 7.25127 0
    endloop
  endfacet
  facet normal 0 0 -1
    outer loop
      vertex 7.77652 7.77652 0
      vertex 15.5563 15.5563 0
      vertex 7.77658 7.77646 0
    endloop
  endfacet
  facet normal 0 0 -1
    outer loop
      vertex 7.77646 7.77658 0
      vertex 15.5563 15.5563 0
      vertex 7.77652 7.77652 0
    endloop
  endfacet
  facet normal -0 0 -1
    outer loop
      vertex 15.5563 15.5563 0
      vertex 7.77646 7.77658 0
      vertex 14.5056 16.5405 0
    endloop
  endfacet
  facet normal 0 0 -1
    outer loop
      vertex 7.25127 8.26848 0
      vertex 14.5056 16.5405 0
      vertex 7.77646 7.77658 0
    endloop
  endfacet
  facet normal 0 0 -1
    outer loop
      vertex 7.2512 8.26854 0
      vertex 14.5056 16.5405 0
      vertex 7.25127 8.26848 0
    endloop
  endfacet
  facet normal -0 0 -1
    outer loop
      vertex 14.5056 16.5405 0
      vertex 7.2512 8.26854 0
      vertex 13.3928 17.4538 0
    endloop
  endfacet
  facet normal 0 0 -1
    outer loop
      vertex 6.69495 8.72503 0
      vertex 13.3928 17.4538 0
      vertex 7.2512 8.26854 0
    endloop
  endfacet
  facet normal -0 0 -1
    outer loop
      vertex 13.3928 17.4538 0
      vertex 6.69495 8.72503 0
      vertex 12.2225 18.2923 0
    endloop
  endfacet
  facet normal 0 0 -1
    outer loop
      vertex 6.11005 9.14417 0
      vertex 12.2225 18.2923 0
      vertex 6.69495 8.72503 0
    endloop
  endfacet
  facet normal 0 0 -1
    outer loop
      vertex 6.10998 9.14423 0
      vertex 12.2225 18.2923 0
      vertex 6.11005 9.14417 0
    endloop
  endfacet
  facet normal -0 0 -1
    outer loop
      vertex 12.2225 18.2923 0
      vertex 6.10998 9.14423 0
      vertex 11 19.0526 0
    endloop
  endfacet
  facet normal 0 0 -1
    outer loop
      vertex 5.49891 9.52421 0
      vertex 11 19.0526 0
      vertex 6.10998 9.14423 0
    endloop
  endfacet
  facet normal 0 0 -1
    outer loop
      vertex 5.49883 9.52426 0
      vertex 11 19.0526 0
      vertex 5.49891 9.52421 0
    endloop
  endfacet
  facet normal -0 0 -1
    outer loop
      vertex 11 19.0526 0
      vertex 5.49883 9.52426 0
      vertex 9.73035 19.7312 0
    endloop
  endfacet
  facet normal 0 0 -1
    outer loop
      vertex 4.86422 9.86347 0
      vertex 9.73035 19.7312 0
      vertex 5.49883 9.52426 0
    endloop
  endfacet
  facet normal 0 0 -1
    outer loop
      vertex 4.86414 9.86351 0
      vertex 9.73035 19.7312 0
      vertex 4.86422 9.86347 0
    endloop
  endfacet
  facet normal 0 0 -1
    outer loop
      vertex 4.86406 9.86354 0
      vertex 9.73035 19.7312 0
      vertex 4.86414 9.86351 0
    endloop
  endfacet
  facet normal -0 0 -1
    outer loop
      vertex 9.73035 19.7312 0
      vertex 4.86406 9.86354 0
      vertex 8.41903 20.3253 0
    endloop
  endfacet
  facet normal 0 0 -1
    outer loop
      vertex 4.20862 10.1605 0
      vertex 8.41903 20.3253 0
      vertex 4.86406 9.86354 0
    endloop
  endfacet
  facet normal -0 0 -1
    outer loop
      vertex 8.41903 20.3253 0
      vertex 4.20862 10.1605 0
      vertex 7.07167 20.8325 0
    endloop
  endfacet
  facet normal 0 0 -1
    outer loop
      vertex 3.53517 10.414 0
      vertex 7.07167 20.8325 0
      vertex 4.20862 10.1605 0
    endloop
  endfacet
  facet normal 0 0 -1
    outer loop
      vertex 3.53508 10.414 0
      vertex 7.07167 20.8325 0
      vertex 3.53517 10.414 0
    endloop
  endfacet
  facet normal 0 0 -1
    outer loop
      vertex 3.535 10.414 0
      vertex 7.07167 20.8325 0
      vertex 3.53508 10.414 0
    endloop
  endfacet
  facet normal -0 0 -1
    outer loop
      vertex 7.07167 20.8325 0
      vertex 3.535 10.414 0
      vertex 5.69402 21.2504 0
    endloop
  endfacet
  facet normal 0 0 -1
    outer loop
      vertex 2.8464 10.6229 0
      vertex 5.69402 21.2504 0
      vertex 3.535 10.414 0
    endloop
  endfacet
  facet normal 0 0 -1
    outer loop
      vertex 2.84632 10.623 0
      vertex 5.69402 21.2504 0
      vertex 2.8464 10.6229 0
    endloop
  endfacet
  facet normal -0 0 -1
    outer loop
      vertex 5.69402 21.2504 0
      vertex 2.84632 10.623 0
      vertex 4.29199 21.5773 0
    endloop
  endfacet
  facet normal 0 0 -1
    outer loop
      vertex 2.14554 10.7863 0
      vertex 4.29199 21.5773 0
      vertex 2.84632 10.623 0
    endloop
  endfacet
  facet normal 0 0 -1
    outer loop
      vertex 2.14545 10.7864 0
      vertex 4.29199 21.5773 0
      vertex 2.14554 10.7863 0
    endloop
  endfacet
  facet normal -0 0 -1
    outer loop
      vertex 4.29199 21.5773 0
      vertex 2.14545 10.7864 0
      vertex 2.87158 21.8118 0
    endloop
  endfacet
  facet normal 0 0 -1
    outer loop
      vertex 1.43548 10.9036 0
      vertex 2.87158 21.8118 0
      vertex 2.14545 10.7864 0
    endloop
  endfacet
  facet normal -0 0 -1
    outer loop
      vertex 2.87158 21.8118 0
      vertex 1.43548 10.9036 0
      vertex 1.43887 21.9529 0
    endloop
  endfacet
  facet normal 0 0 -1
    outer loop
      vertex 0.719368 10.9741 0
      vertex 1.43887 21.9529 0
      vertex 1.43548 10.9036 0
    endloop
  endfacet
  facet normal 0 0 -1
    outer loop
      vertex 0.719281 10.9741 0
      vertex 1.43887 21.9529 0
      vertex 0.719368 10.9741 0
    endloop
  endfacet
  facet normal 0 0 -1
    outer loop
      vertex 0.719194 10.9741 0
      vertex 1.43887 21.9529 0
      vertex 0.719281 10.9741 0
    endloop
  endfacet
  facet normal 0 0 -1
    outer loop
      vertex 0 10.9977 0
      vertex 1.43887 21.9529 0
      vertex 0.719194 10.9741 0
    endloop
  endfacet
  facet normal 0 0 -1
    outer loop
      vertex 0 10.9977 0
      vertex 0 22 0
      vertex 1.43887 21.9529 0
    endloop
  endfacet
  facet normal 0 0 -1
    outer loop
      vertex -0.719194 10.9741 0
      vertex 0 22 0
      vertex 0 10.9977 0
    endloop
  endfacet
  facet normal 0 0 -1
    outer loop
      vertex -1.43887 21.9529 0
      vertex -0.719194 10.9741 0
      vertex -0.719281 10.9741 0
    endloop
  endfacet
  facet normal 0 0 -1
    outer loop
      vertex -1.43887 21.9529 0
      vertex -0.719281 10.9741 0
      vertex -0.719368 10.9741 0
    endloop
  endfacet
  facet normal 0 0 -1
    outer loop
      vertex -1.43887 21.9529 0
      vertex -0.719368 10.9741 0
      vertex -1.43548 10.9036 0
    endloop
  endfacet
  facet normal 0 0 -1
    outer loop
      vertex -0.719194 10.9741 0
      vertex -1.43887 21.9529 0
      vertex 0 22 0
    endloop
  endfacet
  facet normal 0 0 -1
    outer loop
      vertex -2.87158 21.8118 0
      vertex -1.43548 10.9036 0
      vertex -2.14545 10.7864 0
    endloop
  endfacet
  facet normal 0 0 -1
    outer loop
      vertex -4.29199 21.5773 0
      vertex -2.14545 10.7864 0
      vertex -2.14554 10.7863 0
    endloop
  endfacet
  facet normal 0 0 -1
    outer loop
      vertex -4.29199 21.5773 0
      vertex -2.14554 10.7863 0
      vertex -2.84632 10.623 0
    endloop
  endfacet
  facet normal 0 0 -1
    outer loop
      vertex -5.69402 21.2504 0
      vertex -2.84632 10.623 0
      vertex -2.8464 10.6229 0
    endloop
  endfacet
  facet normal 0 0 -1
    outer loop
      vertex -1.43548 10.9036 0
      vertex -2.87158 21.8118 0
      vertex -1.43887 21.9529 0
    endloop
  endfacet
  facet normal 0 0 -1
    outer loop
      vertex -5.69402 21.2504 0
      vertex -2.8464 10.6229 0
      vertex -3.535 10.414 0
    endloop
  endfacet
  facet normal 0 0 -1
    outer loop
      vertex -7.07167 20.8325 0
      vertex -3.535 10.414 0
      vertex -3.53508 10.414 0
    endloop
  endfacet
  facet normal 0 0 -1
    outer loop
      vertex -7.07167 20.8325 0
      vertex -3.53508 10.414 0
      vertex -3.53517 10.414 0
    endloop
  endfacet
  facet normal 0 0 -1
    outer loop
      vertex -7.07167 20.8325 0
      vertex -3.53517 10.414 0
      vertex -4.20862 10.1605 0
    endloop
  endfacet
  facet normal 0 0 -1
    outer loop
      vertex -2.14545 10.7864 0
      vertex -4.29199 21.5773 0
      vertex -2.87158 21.8118 0
    endloop
  endfacet
  facet normal 0 0 -1
    outer loop
      vertex -8.41903 20.3253 0
      vertex -4.20862 10.1605 0
      vertex -4.86406 9.86354 0
    endloop
  endfacet
  facet normal 0 0 -1
    outer loop
      vertex -9.73035 19.7312 0
      vertex -4.86406 9.86354 0
      vertex -4.86414 9.86351 0
    endloop
  endfacet
  facet normal 0 0 -1
    outer loop
      vertex -9.73035 19.7312 0
      vertex -4.86414 9.86351 0
      vertex -4.86422 9.86347 0
    endloop
  endfacet
  facet normal 0 0 -1
    outer loop
      vertex -9.73035 19.7312 0
      vertex -4.86422 9.86347 0
      vertex -5.49883 9.52426 0
    endloop
  endfacet
  facet normal 0 0 -1
    outer loop
      vertex -11 19.0526 0
      vertex -5.49883 9.52426 0
      vertex -5.49891 9.52421 0
    endloop
  endfacet
  facet normal 0 0 -1
    outer loop
      vertex -2.84632 10.623 0
      vertex -5.69402 21.2504 0
      vertex -4.29199 21.5773 0
    endloop
  endfacet
  facet normal 0 0 -1
    outer loop
      vertex -11 19.0526 0
      vertex -5.49891 9.52421 0
      vertex -6.10998 9.14423 0
    endloop
  endfacet
  facet normal 0 0 -1
    outer loop
      vertex -12.2225 18.2923 0
      vertex -6.10998 9.14423 0
      vertex -6.11005 9.14417 0
    endloop
  endfacet
  facet normal 0 0 -1
    outer loop
      vertex -12.2225 18.2923 0
      vertex -6.11005 9.14417 0
      vertex -6.69495 8.72503 0
    endloop
  endfacet
  facet normal 0 0 -1
    outer loop
      vertex -3.535 10.414 0
      vertex -7.07167 20.8325 0
      vertex -5.69402 21.2504 0
    endloop
  endfacet
  facet normal 0 0 -1
    outer loop
      vertex -13.3928 17.4538 0
      vertex -6.69495 8.72503 0
      vertex -7.2512 8.26854 0
    endloop
  endfacet
  facet normal 0 0 -1
    outer loop
      vertex -14.5056 16.5405 0
      vertex -7.2512 8.26854 0
      vertex -7.25127 8.26848 0
    endloop
  endfacet
  facet normal 0 0 -1
    outer loop
      vertex -14.5056 16.5405 0
      vertex -7.25127 8.26848 0
      vertex -7.77646 7.77658 0
    endloop
  endfacet
  facet normal 0 0 -1
    outer loop
      vertex -15.5563 15.5563 0
      vertex -7.77646 7.77658 0
      vertex -7.77652 7.77652 0
    endloop
  endfacet
  facet normal 0 0 -1
    outer loop
      vertex -15.5563 15.5563 0
      vertex -7.77652 7.77652 0
      vertex -7.77658 7.77646 0
    endloop
  endfacet
  facet normal 0 0 -1
    outer loop
      vertex -15.5563 15.5563 0
      vertex -7.77658 7.77646 0
      vertex -8.26848 7.25127 0
    endloop
  endfacet
  facet normal 0 0 -1
    outer loop
      vertex -16.5405 14.5056 0
      vertex -8.26848 7.25127 0
      vertex -8.26854 7.2512 0
    endloop
  endfacet
  facet normal 0 0 -1
    outer loop
      vertex -4.20862 10.1605 0
      vertex -8.41903 20.3253 0
      vertex -7.07167 20.8325 0
    endloop
  endfacet
  facet normal 0 0 -1
    outer loop
      vertex -16.5405 14.5056 0
      vertex -8.26854 7.2512 0
      vertex -8.72503 6.69495 0
    endloop
  endfacet
  facet normal 0 0 -1
    outer loop
      vertex -17.4538 13.3928 0
      vertex -8.72503 6.69495 0
      vertex -9.14417 6.11005 0
    endloop
  endfacet
  facet normal 0 0 -1
    outer loop
      vertex -18.2923 12.2225 0
      vertex -9.14417 6.11005 0
      vertex -9.14423 6.10998 0
    endloop
  endfacet
  facet normal 0 0 -1
    outer loop
      vertex -18.2923 12.2225 0
      vertex -9.14423 6.10998 0
      vertex -9.52421 5.49891 0
    endloop
  endfacet
  facet normal 0 0 -1
    outer loop
      vertex -19.0526 11 0
      vertex -9.52421 5.49891 0
      vertex -9.52426 5.49883 0
    endloop
  endfacet
  facet normal 0 0 -1
    outer loop
      vertex -4.86406 9.86354 0
      vertex -9.73035 19.7312 0
      vertex -8.41903 20.3253 0
    endloop
  endfacet
  facet normal 0 0 -1
    outer loop
      vertex -19.0526 11 0
      vertex -9.52426 5.49883 0
      vertex -9.86347 4.86422 0
    endloop
  endfacet
  facet normal 0 0 -1
    outer loop
      vertex -19.7312 9.73035 0
      vertex -9.86347 4.86422 0
      vertex -9.86351 4.86414 0
    endloop
  endfacet
  facet normal 0 0 -1
    outer loop
      vertex -19.7312 9.73035 0
      vertex -9.86351 4.86414 0
      vertex -9.86354 4.86406 0
    endloop
  endfacet
  facet normal 0 0 -1
    outer loop
      vertex -19.7312 9.73035 0
      vertex -9.86354 4.86406 0
      vertex -10.1605 4.20862 0
    endloop
  endfacet
  facet normal 0 0 -1
    outer loop
      vertex -20.3253 8.41903 0
      vertex -10.1605 4.20862 0
      vertex -10.414 3.53517 0
    endloop
  endfacet
  facet normal 0 0 -1
    outer loop
      vertex -20.8325 7.07167 0
      vertex -10.414 3.53517 0
      vertex -10.414 3.53508 0
    endloop
  endfacet
  facet normal 0 0 -1
    outer loop
      vertex -20.8325 7.07167 0
      vertex -10.414 3.53508 0
      vertex -10.414 3.535 0
    endloop
  endfacet
  facet normal 0 0 -1
    outer loop
      vertex -20.8325 7.07167 0
      vertex -10.414 3.535 0
      vertex -10.6229 2.8464 0
    endloop
  endfacet
  facet normal 0 0 -1
    outer loop
      vertex -21.2504 5.69402 0
      vertex -10.6229 2.8464 0
      vertex -10.623 2.84632 0
    endloop
  endfacet
  facet normal 0 0 -1
    outer loop
      vertex -21.2504 5.69402 0
      vertex -10.623 2.84632 0
      vertex -10.7863 2.14554 0
    endloop
  endfacet
  facet normal 0 0 -1
    outer loop
      vertex -21.5773 4.29199 0
      vertex -10.7863 2.14554 0
      vertex -10.7864 2.14545 0
    endloop
  endfacet
  facet normal 0 0 -1
    outer loop
      vertex -21.5773 4.29199 0
      vertex -10.7864 2.14545 0
      vertex -10.9036 1.43548 0
    endloop
  endfacet
  facet normal 0 0 -1
    outer loop
      vertex -21.8118 2.87158 0
      vertex -10.9036 1.43548 0
      vertex -10.9741 0.719368 0
    endloop
  endfacet
  facet normal 0 0 -1
    outer loop
      vertex -21.9529 1.43887 0
      vertex -10.9741 0.719368 0
      vertex -10.9741 0.719281 0
    endloop
  endfacet
  facet normal 0 0 -1
    outer loop
      vertex -5.49883 9.52426 0
      vertex -11 19.0526 0
      vertex -9.73035 19.7312 0
    endloop
  endfacet
  facet normal 0 0 -1
    outer loop
      vertex -21.9529 1.43887 0
      vertex -10.9741 0.719281 0
      vertex -10.9741 0.719194 0
    endloop
  endfacet
  facet normal 0 0 -1
    outer loop
      vertex -21.9529 1.43887 0
      vertex -10.9741 0.719194 0
      vertex -10.9977 0 0
    endloop
  endfacet
  facet normal -0 0 -1
    outer loop
      vertex -10.414 -3.53517 0
      vertex -20.8325 -7.07167 0
      vertex -10.414 -3.53508 0
    endloop
  endfacet
  facet normal -0 0 -1
    outer loop
      vertex -10.414 -3.53508 0
      vertex -20.8325 -7.07167 0
      vertex -10.414 -3.535 0
    endloop
  endfacet
  facet normal 0 0 -1
    outer loop
      vertex -6.10998 9.14423 0
      vertex -12.2225 18.2923 0
      vertex -11 19.0526 0
    endloop
  endfacet
  facet normal -0 0 -1
    outer loop
      vertex -10.414 -3.535 0
      vertex -20.8325 -7.07167 0
      vertex -10.6229 -2.8464 0
    endloop
  endfacet
  facet normal 0 0 -1
    outer loop
      vertex -6.69495 8.72503 0
      vertex -13.3928 17.4538 0
      vertex -12.2225 18.2923 0
    endloop
  endfacet
  facet normal 0 0 -1
    outer loop
      vertex -21.2504 -5.69402 0
      vertex -10.6229 -2.8464 0
      vertex -20.8325 -7.07167 0
    endloop
  endfacet
  facet normal 0 0 -1
    outer loop
      vertex -7.2512 8.26854 0
      vertex -14.5056 16.5405 0
      vertex -13.3928 17.4538 0
    endloop
  endfacet
  facet normal -0 0 -1
    outer loop
      vertex -10.6229 -2.8464 0
      vertex -21.2504 -5.69402 0
      vertex -10.623 -2.84632 0
    endloop
  endfacet
  facet normal 0 0 -1
    outer loop
      vertex -7.77646 7.77658 0
      vertex -15.5563 15.5563 0
      vertex -14.5056 16.5405 0
    endloop
  endfacet
  facet normal -0 0 -1
    outer loop
      vertex -10.623 -2.84632 0
      vertex -21.2504 -5.69402 0
      vertex -10.7863 -2.14554 0
    endloop
  endfacet
  facet normal 0 0 -1
    outer loop
      vertex -8.26848 7.25127 0
      vertex -16.5405 14.5056 0
      vertex -15.5563 15.5563 0
    endloop
  endfacet
  facet normal 0 0 -1
    outer loop
      vertex -21.5773 -4.29199 0
      vertex -10.7863 -2.14554 0
      vertex -21.2504 -5.69402 0
    endloop
  endfacet
  facet normal 0 0 -1
    outer loop
      vertex -8.72503 6.69495 0
      vertex -17.4538 13.3928 0
      vertex -16.5405 14.5056 0
    endloop
  endfacet
  facet normal -0 0 -1
    outer loop
      vertex -10.7863 -2.14554 0
      vertex -21.5773 -4.29199 0
      vertex -10.7864 -2.14545 0
    endloop
  endfacet
  facet normal 0 0 -1
    outer loop
      vertex -9.14417 6.11005 0
      vertex -18.2923 12.2225 0
      vertex -17.4538 13.3928 0
    endloop
  endfacet
  facet normal -0 0 -1
    outer loop
      vertex -10.7864 -2.14545 0
      vertex -21.5773 -4.29199 0
      vertex -10.9036 -1.43548 0
    endloop
  endfacet
  facet normal 0 0 -1
    outer loop
      vertex -9.52421 5.49891 0
      vertex -19.0526 11 0
      vertex -18.2923 12.2225 0
    endloop
  endfacet
  facet normal 0 0 -1
    outer loop
      vertex -21.8118 -2.87158 0
      vertex -10.9036 -1.43548 0
      vertex -21.5773 -4.29199 0
    endloop
  endfacet
  facet normal 0 0 -1
    outer loop
      vertex -9.86347 4.86422 0
      vertex -19.7312 9.73035 0
      vertex -19.0526 11 0
    endloop
  endfacet
  facet normal -0 0 -1
    outer loop
      vertex -10.9036 -1.43548 0
      vertex -21.8118 -2.87158 0
      vertex -10.9741 -0.719368 0
    endloop
  endfacet
  facet normal 0 0 -1
    outer loop
      vertex -10.1605 4.20862 0
      vertex -20.3253 8.41903 0
      vertex -19.7312 9.73035 0
    endloop
  endfacet
  facet normal 0 0 -1
    outer loop
      vertex -21.9529 -1.43887 0
      vertex -10.9741 -0.719368 0
      vertex -21.8118 -2.87158 0
    endloop
  endfacet
  facet normal 0 0 -1
    outer loop
      vertex -10.414 3.53517 0
      vertex -20.8325 7.07167 0
      vertex -20.3253 8.41903 0
    endloop
  endfacet
  facet normal -0 0 -1
    outer loop
      vertex -10.9741 -0.719368 0
      vertex -21.9529 -1.43887 0
      vertex -10.9741 -0.719281 0
    endloop
  endfacet
  facet normal 0 0 -1
    outer loop
      vertex -10.6229 2.8464 0
      vertex -21.2504 5.69402 0
      vertex -20.8325 7.07167 0
    endloop
  endfacet
  facet normal -0 0 -1
    outer loop
      vertex -10.9741 -0.719281 0
      vertex -21.9529 -1.43887 0
      vertex -10.9741 -0.719194 0
    endloop
  endfacet
  facet normal 0 0 -1
    outer loop
      vertex -10.7863 2.14554 0
      vertex -21.5773 4.29199 0
      vertex -21.2504 5.69402 0
    endloop
  endfacet
  facet normal -0 0 -1
    outer loop
      vertex -10.9741 -0.719194 0
      vertex -21.9529 -1.43887 0
      vertex -10.9977 0 0
    endloop
  endfacet
  facet normal 0 0 -1
    outer loop
      vertex -10.9036 1.43548 0
      vertex -21.8118 2.87158 0
      vertex -21.5773 4.29199 0
    endloop
  endfacet
  facet normal 0 0 -1
    outer loop
      vertex -22 0 0
      vertex -10.9977 0 0
      vertex -21.9529 -1.43887 0
    endloop
  endfacet
  facet normal 0 0 -1
    outer loop
      vertex -10.9741 0.719368 0
      vertex -21.9529 1.43887 0
      vertex -21.8118 2.87158 0
    endloop
  endfacet
  facet normal 0 0 -1
    outer loop
      vertex -10.9977 0 0
      vertex -22 0 0
      vertex -21.9529 1.43887 0
    endloop
  endfacet
  facet normal -0.517873 -0.832698 0.196016
    outer loop
      vertex -6 -10.3923 50
      vertex -12.2225 -18.2923 0
      vertex -11 -19.0526 0
    endloop
  endfacet
  facet normal -0.2846 -0.938393 0.196016
    outer loop
      vertex -3.85727 -11.3632 50
      vertex -5.69402 -21.2504 0
      vertex -3.10583 -11.5911 50
    endloop
  endfacet
  facet normal -0.938393 -0.2846 0.196016
    outer loop
      vertex -11.5911 -3.10583 50
      vertex -21.2504 -5.69402 0
      vertex -11.3632 -3.85727 50
    endloop
  endfacet
  facet normal 0.222666 -0.954986 0.196016
    outer loop
      vertex 5.69402 -21.2504 0
      vertex 2.34108 -11.7694 50
      vertex 4.29199 -21.5773 0
    endloop
  endfacet
  facet normal 0.404672 -0.893207 0.196014
    outer loop
      vertex 9.73035 -19.7312 0
      vertex 4.5922 -11.0866 50
      vertex 8.41903 -20.3253 0
    endloop
  endfacet
  facet normal 0.622106 -0.757998 0.196016
    outer loop
      vertex 14.5056 -16.5405 0
      vertex 7.91215 -9.02208 50
      vertex 13.3928 -17.4538 0
    endloop
  endfacet
  facet normal 0.715667 -0.670372 0.196015
    outer loop
      vertex 16.5405 -14.5056 0
      vertex 9.02208 -7.91215 50
      vertex 15.5563 -15.5563 0
    endloop
  endfacet
  facet normal 0.832727 -0.517826 0.196014
    outer loop
      vertex 10.3923 -6 50
      vertex 9.97763 -6.66684 50
      vertex 18.2923 -12.2225 0
    endloop
  endfacet
  facet normal 0.954986 -0.222666 0.196016
    outer loop
      vertex 21.5773 -4.29199 0
      vertex 11.7694 -2.34108 50
      vertex 21.2504 -5.69402 0
    endloop
  endfacet
  facet normal 0.967504 -0.159728 0.196016
    outer loop
      vertex 21.8118 -2.87158 0
      vertex 11.8973 -1.56631 50
      vertex 21.5773 -4.29199 0
    endloop
  endfacet
  facet normal 0.975875 -0.0961548 0.196016
    outer loop
      vertex 11.9743 -0.784837 50
      vertex 11.8973 -1.56631 50
      vertex 21.8118 -2.87158 0
    endloop
  endfacet
  facet normal 0.97588 -0.0961092 0.196015
    outer loop
      vertex 21.9529 -1.43887 0
      vertex 11.9743 -0.784837 50
      vertex 21.8118 -2.87158 0
    endloop
  endfacet
  facet normal -0.975875 0.0961548 0.196016
    outer loop
      vertex -11.8973 1.56631 50
      vertex -21.8118 2.87158 0
      vertex -11.9743 0.784837 50
    endloop
  endfacet
  facet normal -0.967504 0.159728 0.196016
    outer loop
      vertex -21.5773 4.29199 0
      vertex -21.8118 2.87158 0
      vertex -11.8973 1.56631 50
    endloop
  endfacet
  facet normal -0.670335 0.715702 0.196014
    outer loop
      vertex -7.91215 9.02208 50
      vertex -15.5563 15.5563 0
      vertex -8.48528 8.48528 50
    endloop
  endfacet
  facet normal -0.670372 0.715667 0.196015
    outer loop
      vertex -14.5056 16.5405 0
      vertex -15.5563 15.5563 0
      vertex -7.91215 9.02208 50
    endloop
  endfacet
  facet normal -0.222666 0.954986 0.196016
    outer loop
      vertex -4.29199 21.5773 0
      vertex -5.69402 21.2504 0
      vertex -2.34108 11.7694 50
    endloop
  endfacet
  facet normal -0.758015 0.622086 0.196016
    outer loop
      vertex -9.02208 7.91215 50
      vertex -17.4538 13.3928 0
      vertex -9.52024 7.30514 50
    endloop
  endfacet
  facet normal -0.832698 0.517873 0.196016
    outer loop
      vertex -18.2923 12.2225 0
      vertex -19.0526 11 0
      vertex -10.3923 6 50
    endloop
  endfacet
  facet normal -0.797118 0.571122 0.196016
    outer loop
      vertex -17.4538 13.3928 0
      vertex -18.2923 12.2225 0
      vertex -9.52024 7.30514 50
    endloop
  endfacet
  facet normal 0.715667 0.670372 0.196015
    outer loop
      vertex 15.5563 15.5563 0
      vertex 9.02208 7.91215 50
      vertex 16.5405 14.5056 0
    endloop
  endfacet
  facet normal 0.832698 0.517873 0.196016
    outer loop
      vertex 18.2923 12.2225 0
      vertex 10.3923 6 50
      vertex 19.0526 11 0
    endloop
  endfacet
  facet normal 0.0320818 0.980076 0.196015
    outer loop
      vertex 1.43887 21.9529 0
      vertex 0 22 0
      vertex 0.784837 11.9743 50
    endloop
  endfacet
  facet normal 0.34547 0.91773 0.196015
    outer loop
      vertex 7.07167 20.8325 0
      vertex 3.85727 11.3632 50
      vertex 8.41903 20.3253 0
    endloop
  endfacet
  facet normal 0.404722 0.893185 0.196015
    outer loop
      vertex 9.73035 19.7312 0
      vertex 4.5922 11.0866 50
      vertex 5.30746 10.7625 50
    endloop
  endfacet
  facet normal 0.517873 0.832698 0.196016
    outer loop
      vertex 11 19.0526 0
      vertex 6 10.3923 50
      vertex 12.2225 18.2923 0
    endloop
  endfacet
  facet normal 0.571171 0.797084 0.196014
    outer loop
      vertex 12.2225 18.2923 0
      vertex 6.66684 9.97763 50
      vertex 7.30514 9.52024 50
    endloop
  endfacet
  facet normal 0.670372 0.715667 0.196015
    outer loop
      vertex 14.5056 16.5405 0
      vertex 7.91215 9.02208 50
      vertex 15.5563 15.5563 0
    endloop
  endfacet
  facet normal -0.97588 -0.0961092 0.196015
    outer loop
      vertex -11.9743 -0.784837 50
      vertex -21.9529 -1.43887 0
      vertex -21.8118 -2.87158 0
    endloop
  endfacet
  facet normal -0.980076 -0.0320818 0.196015
    outer loop
      vertex -11.9743 -0.784837 50
      vertex -22 0 0
      vertex -21.9529 -1.43887 0
    endloop
  endfacet
  facet normal -0.159728 -0.967504 0.196016
    outer loop
      vertex -1.56631 -11.8973 50
      vertex -4.29199 -21.5773 0
      vertex -2.87158 -21.8118 0
    endloop
  endfacet
  facet normal -0.28465 -0.938378 0.196015
    outer loop
      vertex -3.85727 -11.3632 50
      vertex -7.07167 -20.8325 0
      vertex -5.69402 -21.2504 0
    endloop
  endfacet
  facet normal -0.0961548 -0.975875 0.196016
    outer loop
      vertex -1.56631 -11.8973 50
      vertex -2.87158 -21.8118 0
      vertex -0.784837 -11.9743 50
    endloop
  endfacet
  facet normal -0.462281 -0.864797 0.196015
    outer loop
      vertex -6 -10.3923 50
      vertex -9.73035 -19.7312 0
      vertex -5.30746 -10.7625 50
    endloop
  endfacet
  facet normal -0.517826 -0.832727 0.196014
    outer loop
      vertex -6.66684 -9.97763 50
      vertex -12.2225 -18.2923 0
      vertex -6 -10.3923 50
    endloop
  endfacet
  facet normal -0.893185 -0.404722 0.196015
    outer loop
      vertex -11.0866 -4.5922 50
      vertex -19.7312 -9.73035 0
      vertex -10.7625 -5.30746 50
    endloop
  endfacet
  facet normal -0.715667 -0.670372 0.196015
    outer loop
      vertex -9.02208 -7.91215 50
      vertex -16.5405 -14.5056 0
      vertex -15.5563 -15.5563 0
    endloop
  endfacet
  facet normal -0.893207 -0.404672 0.196014
    outer loop
      vertex -11.0866 -4.5922 50
      vertex -20.3253 -8.41903 0
      vertex -19.7312 -9.73035 0
    endloop
  endfacet
  facet normal 0.0961092 -0.97588 0.196015
    outer loop
      vertex 2.87158 -21.8118 0
      vertex 0.784837 -11.9743 50
      vertex 1.43887 -21.9529 0
    endloop
  endfacet
  facet normal 0.159728 -0.967504 0.196016
    outer loop
      vertex 4.29199 -21.5773 0
      vertex 1.56631 -11.8973 50
      vertex 2.87158 -21.8118 0
    endloop
  endfacet
  facet normal 0.0320932 -0.980076 0.196015
    outer loop
      vertex 0 -12 50
      vertex 0 -22 0
      vertex 0.784837 -11.9743 50
    endloop
  endfacet
  facet normal 0.345408 -0.917754 0.196013
    outer loop
      vertex 4.5922 -11.0866 50
      vertex 3.85727 -11.3632 50
      vertex 8.41903 -20.3253 0
    endloop
  endfacet
  facet normal 0.222654 -0.954989 0.196016
    outer loop
      vertex 3.10583 -11.5911 50
      vertex 2.34108 -11.7694 50
      vertex 5.69402 -21.2504 0
    endloop
  endfacet
  facet normal 0.571171 -0.797084 0.196014
    outer loop
      vertex 7.30514 -9.52024 50
      vertex 6.66684 -9.97763 50
      vertex 12.2225 -18.2923 0
    endloop
  endfacet
  facet normal 0.670372 -0.715667 0.196015
    outer loop
      vertex 15.5563 -15.5563 0
      vertex 7.91215 -9.02208 50
      vertex 14.5056 -16.5405 0
    endloop
  endfacet
  facet normal 0.404722 -0.893185 0.196015
    outer loop
      vertex 5.30746 -10.7625 50
      vertex 4.5922 -11.0866 50
      vertex 9.73035 -19.7312 0
    endloop
  endfacet
  facet normal 0.715702 -0.670335 0.196014
    outer loop
      vertex 9.02208 -7.91215 50
      vertex 8.48528 -8.48528 50
      vertex 15.5563 -15.5563 0
    endloop
  endfacet
  facet normal 0.938393 -0.2846 0.196016
    outer loop
      vertex 11.5911 -3.10583 50
      vertex 11.3632 -3.85727 50
      vertex 21.2504 -5.69402 0
    endloop
  endfacet
  facet normal 0.91773 -0.34547 0.196015
    outer loop
      vertex 20.8325 -7.07167 0
      vertex 11.3632 -3.85727 50
      vertex 20.3253 -8.41903 0
    endloop
  endfacet
  facet normal 0.938378 -0.28465 0.196015
    outer loop
      vertex 21.2504 -5.69402 0
      vertex 11.3632 -3.85727 50
      vertex 20.8325 -7.07167 0
    endloop
  endfacet
  facet normal 0.980076 -0.0320818 0.196015
    outer loop
      vertex 22 0 0
      vertex 11.9743 -0.784837 50
      vertex 21.9529 -1.43887 0
    endloop
  endfacet
  facet normal 0.980076 -0.0320932 0.196015
    outer loop
      vertex 12 0 50
      vertex 11.9743 -0.784837 50
      vertex 22 0 0
    endloop
  endfacet
  facet normal 0 0 1
    outer loop
      vertex 5 0 50
      vertex 12 0 50
      vertex 11.9743 0.784837 50
    endloop
  endfacet
  facet normal 0 0 1
    outer loop
      vertex 4.98929 0.327015 50
      vertex 11.9743 0.784837 50
      vertex 11.8973 1.56631 50
    endloop
  endfacet
  facet normal 0 0 1
    outer loop
      vertex 12 0 50
      vertex 5 0 50
      vertex 11.9743 -0.784837 50
    endloop
  endfacet
  facet normal 0 0 1
    outer loop
      vertex 4.95722 0.652631 50
      vertex 11.8973 1.56631 50
      vertex 11.7694 2.34108 50
    endloop
  endfacet
  facet normal -0 0 1
    outer loop
      vertex 4.98929 -0.327015 50
      vertex 11.9743 -0.784837 50
      vertex 5 0 50
    endloop
  endfacet
  facet normal 0 0 1
    outer loop
      vertex 4.90393 0.975451 50
      vertex 11.7694 2.34108 50
      vertex 11.5911 3.10583 50
    endloop
  endfacet
  facet normal 0 0 1
    outer loop
      vertex 11.9743 -0.784837 50
      vertex 4.98929 -0.327015 50
      vertex 11.8973 -1.56631 50
    endloop
  endfacet
  facet normal 0 0 1
    outer loop
      vertex 4.82963 1.2941 50
      vertex 11.5911 3.10583 50
      vertex 11.3632 3.85727 50
    endloop
  endfacet
  facet normal -0 0 1
    outer loop
      vertex 4.95722 -0.652631 50
      vertex 11.8973 -1.56631 50
      vertex 4.98929 -0.327015 50
    endloop
  endfacet
  facet normal 0 0 1
    outer loop
      vertex 4.73465 1.6072 50
      vertex 11.3632 3.85727 50
      vertex 11.0866 4.5922 50
    endloop
  endfacet
  facet normal 0 0 1
    outer loop
      vertex 11.8973 -1.56631 50
      vertex 4.95722 -0.652631 50
      vertex 11.7694 -2.34108 50
    endloop
  endfacet
  facet normal 0 0 1
    outer loop
      vertex 4.6194 1.91342 50
      vertex 11.0866 4.5922 50
      vertex 10.7625 5.30746 50
    endloop
  endfacet
  facet normal -0 0 1
    outer loop
      vertex 4.90393 -0.975451 50
      vertex 11.7694 -2.34108 50
      vertex 4.95722 -0.652631 50
    endloop
  endfacet
  facet normal 0 0 1
    outer loop
      vertex 4.48436 2.21144 50
      vertex 10.7625 5.30746 50
      vertex 10.3923 6 50
    endloop
  endfacet
  facet normal 0 0 1
    outer loop
      vertex 11.7694 -2.34108 50
      vertex 4.90393 -0.975451 50
      vertex 11.5911 -3.10583 50
    endloop
  endfacet
  facet normal 0 0 1
    outer loop
      vertex 4.33013 2.5 50
      vertex 10.3923 6 50
      vertex 9.97763 6.66684 50
    endloop
  endfacet
  facet normal -0 0 1
    outer loop
      vertex 4.82963 -1.2941 50
      vertex 11.5911 -3.10583 50
      vertex 4.90393 -0.975451 50
    endloop
  endfacet
  facet normal 0 0 1
    outer loop
      vertex 4.15735 2.77785 50
      vertex 9.97763 6.66684 50
      vertex 9.52024 7.30514 50
    endloop
  endfacet
  facet normal 0 0 1
    outer loop
      vertex 11.5911 -3.10583 50
      vertex 4.82963 -1.2941 50
      vertex 11.3632 -3.85727 50
    endloop
  endfacet
  facet normal 0 0 1
    outer loop
      vertex 3.96677 3.04381 50
      vertex 9.52024 7.30514 50
      vertex 9.02208 7.91215 50
    endloop
  endfacet
  facet normal -0 0 1
    outer loop
      vertex 4.73465 -1.6072 50
      vertex 11.3632 -3.85727 50
      vertex 4.82963 -1.2941 50
    endloop
  endfacet
  facet normal 0 0 1
    outer loop
      vertex 3.7592 3.29673 50
      vertex 9.02208 7.91215 50
      vertex 8.48528 8.48528 50
    endloop
  endfacet
  facet normal 0 0 1
    outer loop
      vertex 11.3632 -3.85727 50
      vertex 4.73465 -1.6072 50
      vertex 11.0866 -4.5922 50
    endloop
  endfacet
  facet normal 0 0 1
    outer loop
      vertex 3.53553 3.53553 50
      vertex 8.48528 8.48528 50
      vertex 7.91215 9.02208 50
    endloop
  endfacet
  facet normal -0 0 1
    outer loop
      vertex 4.6194 -1.91342 50
      vertex 11.0866 -4.5922 50
      vertex 4.73465 -1.6072 50
    endloop
  endfacet
  facet normal 0 0 1
    outer loop
      vertex 3.29673 3.7592 50
      vertex 7.91215 9.02208 50
      vertex 7.30514 9.52024 50
    endloop
  endfacet
  facet normal 0 0 1
    outer loop
      vertex 11.0866 -4.5922 50
      vertex 4.6194 -1.91342 50
      vertex 10.7625 -5.30746 50
    endloop
  endfacet
  facet normal 0 0 1
    outer loop
      vertex 3.04381 3.96677 50
      vertex 7.30514 9.52024 50
      vertex 6.66684 9.97763 50
    endloop
  endfacet
  facet normal -0 0 1
    outer loop
      vertex 4.48436 -2.21144 50
      vertex 10.7625 -5.30746 50
      vertex 4.6194 -1.91342 50
    endloop
  endfacet
  facet normal 0 0 1
    outer loop
      vertex 2.77785 4.15735 50
      vertex 6.66684 9.97763 50
      vertex 6 10.3923 50
    endloop
  endfacet
  facet normal 0 0 1
    outer loop
      vertex 10.7625 -5.30746 50
      vertex 4.48436 -2.21144 50
      vertex 10.3923 -6 50
    endloop
  endfacet
  facet normal 0 0 1
    outer loop
      vertex 2.5 4.33013 50
      vertex 6 10.3923 50
      vertex 5.30746 10.7625 50
    endloop
  endfacet
  facet normal -0 0 1
    outer loop
      vertex 4.33013 -2.5 50
      vertex 10.3923 -6 50
      vertex 4.48436 -2.21144 50
    endloop
  endfacet
  facet normal 0 0 1
    outer loop
      vertex 10.3923 -6 50
      vertex 4.33013 -2.5 50
      vertex 9.97763 -6.66684 50
    endloop
  endfacet
  facet normal 0 0 1
    outer loop
      vertex 11.9743 0.784837 50
      vertex 4.98929 0.327015 50
      vertex 5 0 50
    endloop
  endfacet
  facet normal 0 0 1
    outer loop
      vertex 11.8973 1.56631 50
      vertex 4.95722 0.652631 50
      vertex 4.98929 0.327015 50
    endloop
  endfacet
  facet normal 0 0 1
    outer loop
      vertex 11.7694 2.34108 50
      vertex 4.90393 0.975451 50
      vertex 4.95722 0.652631 50
    endloop
  endfacet
  facet normal 0 0 1
    outer loop
      vertex 11.5911 3.10583 50
      vertex 4.82963 1.2941 50
      vertex 4.90393 0.975451 50
    endloop
  endfacet
  facet normal 0 0 1
    outer loop
      vertex 11.3632 3.85727 50
      vertex 4.73465 1.6072 50
      vertex 4.82963 1.2941 50
    endloop
  endfacet
  facet normal 0 0 1
    outer loop
      vertex 11.0866 4.5922 50
      vertex 4.6194 1.91342 50
      vertex 4.73465 1.6072 50
    endloop
  endfacet
  facet normal 0 0 1
    outer loop
      vertex 2.21144 4.48436 50
      vertex 5.30746 10.7625 50
      vertex 4.5922 11.0866 50
    endloop
  endfacet
  facet normal 0 0 1
    outer loop
      vertex 10.7625 5.30746 50
      vertex 4.48436 2.21144 50
      vertex 4.6194 1.91342 50
    endloop
  endfacet
  facet normal 0 0 1
    outer loop
      vertex 10.3923 6 50
      vertex 4.33013 2.5 50
      vertex 4.48436 2.21144 50
    endloop
  endfacet
  facet normal 0 0 1
    outer loop
      vertex 9.97763 6.66684 50
      vertex 4.15735 2.77785 50
      vertex 4.33013 2.5 50
    endloop
  endfacet
  facet normal 0 0 1
    outer loop
      vertex 9.52024 7.30514 50
      vertex 3.96677 3.04381 50
      vertex 4.15735 2.77785 50
    endloop
  endfacet
  facet normal 0 0 1
    outer loop
      vertex 1.91342 4.6194 50
      vertex 4.5922 11.0866 50
      vertex 3.85727 11.3632 50
    endloop
  endfacet
  facet normal 0 0 1
    outer loop
      vertex 9.02208 7.91215 50
      vertex 3.7592 3.29673 50
      vertex 3.96677 3.04381 50
    endloop
  endfacet
  facet normal 0 0 1
    outer loop
      vertex 8.48528 8.48528 50
      vertex 3.53553 3.53553 50
      vertex 3.7592 3.29673 50
    endloop
  endfacet
  facet normal 0 0 1
    outer loop
      vertex 7.91215 9.02208 50
      vertex 3.29673 3.7592 50
      vertex 3.53553 3.53553 50
    endloop
  endfacet
  facet normal 0 0 1
    outer loop
      vertex 1.6072 4.73465 50
      vertex 3.85727 11.3632 50
      vertex 3.10583 11.5911 50
    endloop
  endfacet
  facet normal 0 0 1
    outer loop
      vertex 7.30514 9.52024 50
      vertex 3.04381 3.96677 50
      vertex 3.29673 3.7592 50
    endloop
  endfacet
  facet normal 0 0 1
    outer loop
      vertex 6.66684 9.97763 50
      vertex 2.77785 4.15735 50
      vertex 3.04381 3.96677 50
    endloop
  endfacet
  facet normal 0 0 1
    outer loop
      vertex 6 10.3923 50
      vertex 2.5 4.33013 50
      vertex 2.77785 4.15735 50
    endloop
  endfacet
  facet normal 0 0 1
    outer loop
      vertex 1.2941 4.82963 50
      vertex 3.10583 11.5911 50
      vertex 2.34108 11.7694 50
    endloop
  endfacet
  facet normal 0 0 1
    outer loop
      vertex 5.30746 10.7625 50
      vertex 2.21144 4.48436 50
      vertex 2.5 4.33013 50
    endloop
  endfacet
  facet normal 0 0 1
    outer loop
      vertex 4.5922 11.0866 50
      vertex 1.91342 4.6194 50
      vertex 2.21144 4.48436 50
    endloop
  endfacet
  facet normal 0 0 1
    outer loop
      vertex 3.85727 11.3632 50
      vertex 1.6072 4.73465 50
      vertex 1.91342 4.6194 50
    endloop
  endfacet
  facet normal 0 0 1
    outer loop
      vertex 0.975451 4.90393 50
      vertex 2.34108 11.7694 50
      vertex 1.56631 11.8973 50
    endloop
  endfacet
  facet normal 0 0 1
    outer loop
      vertex 3.10583 11.5911 50
      vertex 1.2941 4.82963 50
      vertex 1.6072 4.73465 50
    endloop
  endfacet
  facet normal 0 0 1
    outer loop
      vertex 2.34108 11.7694 50
      vertex 0.975451 4.90393 50
      vertex 1.2941 4.82963 50
    endloop
  endfacet
  facet normal 0 0 1
    outer loop
      vertex 0.652631 4.95722 50
      vertex 1.56631 11.8973 50
      vertex 0.784837 11.9743 50
    endloop
  endfacet
  facet normal 0 0 1
    outer loop
      vertex 1.56631 11.8973 50
      vertex 0.652631 4.95722 50
      vertex 0.975451 4.90393 50
    endloop
  endfacet
  facet normal 0 0 1
    outer loop
      vertex 0.784837 11.9743 50
      vertex 0.327015 4.98929 50
      vertex 0.652631 4.95722 50
    endloop
  endfacet
  facet normal 0 0 1
    outer loop
      vertex 0 12 50
      vertex 0.327015 4.98929 50
      vertex 0.784837 11.9743 50
    endloop
  endfacet
  facet normal 0 0 1
    outer loop
      vertex 0 12 50
      vertex 0 5 50
      vertex 0.327015 4.98929 50
    endloop
  endfacet
  facet normal 0 0 1
    outer loop
      vertex 0 12 50
      vertex -0.327015 4.98929 50
      vertex 0 5 50
    endloop
  endfacet
  facet normal -0 0 1
    outer loop
      vertex -0.784837 11.9743 50
      vertex -0.327015 4.98929 50
      vertex 0 12 50
    endloop
  endfacet
  facet normal 0 0 1
    outer loop
      vertex -0.327015 4.98929 50
      vertex -0.784837 11.9743 50
      vertex -0.652631 4.95722 50
    endloop
  endfacet
  facet normal -0 0 1
    outer loop
      vertex -1.56631 11.8973 50
      vertex -0.652631 4.95722 50
      vertex -0.784837 11.9743 50
    endloop
  endfacet
  facet normal 0 0 1
    outer loop
      vertex -0.652631 4.95722 50
      vertex -1.56631 11.8973 50
      vertex -0.975451 4.90393 50
    endloop
  endfacet
  facet normal -0 0 1
    outer loop
      vertex -2.34108 11.7694 50
      vertex -0.975451 4.90393 50
      vertex -1.56631 11.8973 50
    endloop
  endfacet
  facet normal 0 0 1
    outer loop
      vertex -0.975451 4.90393 50
      vertex -2.34108 11.7694 50
      vertex -1.2941 4.82963 50
    endloop
  endfacet
  facet normal -0 0 1
    outer loop
      vertex -3.10583 11.5911 50
      vertex -1.2941 4.82963 50
      vertex -2.34108 11.7694 50
    endloop
  endfacet
  facet normal 0 0 1
    outer loop
      vertex -1.2941 4.82963 50
      vertex -3.10583 11.5911 50
      vertex -1.6072 4.73465 50
    endloop
  endfacet
  facet normal -0 0 1
    outer loop
      vertex -3.85727 11.3632 50
      vertex -1.6072 4.73465 50
      vertex -3.10583 11.5911 50
    endloop
  endfacet
  facet normal 0 0 1
    outer loop
      vertex -1.6072 4.73465 50
      vertex -3.85727 11.3632 50
      vertex -1.91342 4.6194 50
    endloop
  endfacet
  facet normal -0 0 1
    outer loop
      vertex -4.5922 11.0866 50
      vertex -1.91342 4.6194 50
      vertex -3.85727 11.3632 50
    endloop
  endfacet
  facet normal 0 0 1
    outer loop
      vertex -1.91342 4.6194 50
      vertex -4.5922 11.0866 50
      vertex -2.21144 4.48436 50
    endloop
  endfacet
  facet normal -0 0 1
    outer loop
      vertex -5.30746 10.7625 50
      vertex -2.21144 4.48436 50
      vertex -4.5922 11.0866 50
    endloop
  endfacet
  facet normal 0 0 1
    outer loop
      vertex -2.21144 4.48436 50
      vertex -5.30746 10.7625 50
      vertex -2.5 4.33013 50
    endloop
  endfacet
  facet normal -0 0 1
    outer loop
      vertex -6 10.3923 50
      vertex -2.5 4.33013 50
      vertex -5.30746 10.7625 50
    endloop
  endfacet
  facet normal 0 0 1
    outer loop
      vertex -2.5 4.33013 50
      vertex -6 10.3923 50
      vertex -2.77785 4.15735 50
    endloop
  endfacet
  facet normal -0 0 1
    outer loop
      vertex -6.66684 9.97763 50
      vertex -2.77785 4.15735 50
      vertex -6 10.3923 50
    endloop
  endfacet
  facet normal 0 0 1
    outer loop
      vertex -2.77785 4.15735 50
      vertex -6.66684 9.97763 50
      vertex -3.04381 3.96677 50
    endloop
  endfacet
  facet normal -0 0 1
    outer loop
      vertex -7.30514 9.52024 50
      vertex -3.04381 3.96677 50
      vertex -6.66684 9.97763 50
    endloop
  endfacet
  facet normal 0 0 1
    outer loop
      vertex -3.04381 3.96677 50
      vertex -7.30514 9.52024 50
      vertex -3.29673 3.7592 50
    endloop
  endfacet
  facet normal -0 0 1
    outer loop
      vertex -7.91215 9.02208 50
      vertex -3.29673 3.7592 50
      vertex -7.30514 9.52024 50
    endloop
  endfacet
  facet normal 0 0 1
    outer loop
      vertex -3.29673 3.7592 50
      vertex -7.91215 9.02208 50
      vertex -3.53553 3.53553 50
    endloop
  endfacet
  facet normal -0 0 1
    outer loop
      vertex -8.48528 8.48528 50
      vertex -3.53553 3.53553 50
      vertex -7.91215 9.02208 50
    endloop
  endfacet
  facet normal 0 0 1
    outer loop
      vertex -3.53553 3.53553 50
      vertex -8.48528 8.48528 50
      vertex -3.7592 3.29673 50
    endloop
  endfacet
  facet normal -0 0 1
    outer loop
      vertex -9.02208 7.91215 50
      vertex -3.7592 3.29673 50
      vertex -8.48528 8.48528 50
    endloop
  endfacet
  facet normal 0 0 1
    outer loop
      vertex -3.7592 3.29673 50
      vertex -9.02208 7.91215 50
      vertex -3.96677 3.04381 50
    endloop
  endfacet
  facet normal -0 0 1
    outer loop
      vertex -9.52024 7.30514 50
      vertex -3.96677 3.04381 50
      vertex -9.02208 7.91215 50
    endloop
  endfacet
  facet normal 0 0 1
    outer loop
      vertex -3.96677 3.04381 50
      vertex -9.52024 7.30514 50
      vertex -4.15735 2.77785 50
    endloop
  endfacet
  facet normal 0 0 1
    outer loop
      vertex -4.15735 2.77785 50
      vertex -9.97763 6.66684 50
      vertex -4.33013 2.5 50
    endloop
  endfacet
  facet normal -0 0 1
    outer loop
      vertex -9.97763 6.66684 50
      vertex -4.15735 2.77785 50
      vertex -9.52024 7.30514 50
    endloop
  endfacet
  facet normal -0 0 1
    outer loop
      vertex 4.15735 -2.77785 50
      vertex 9.97763 -6.66684 50
      vertex 4.33013 -2.5 50
    endloop
  endfacet
  facet normal 0 0 1
    outer loop
      vertex 9.97763 -6.66684 50
      vertex 4.15735 -2.77785 50
      vertex 9.52024 -7.30514 50
    endloop
  endfacet
  facet normal -0 0 1
    outer loop
      vertex 3.96677 -3.04381 50
      vertex 9.52024 -7.30514 50
      vertex 4.15735 -2.77785 50
    endloop
  endfacet
  facet normal 0 0 1
    outer loop
      vertex 9.52024 -7.30514 50
      vertex 3.96677 -3.04381 50
      vertex 9.02208 -7.91215 50
    endloop
  endfacet
  facet normal -0 0 1
    outer loop
      vertex 3.7592 -3.29673 50
      vertex 9.02208 -7.91215 50
      vertex 3.96677 -3.04381 50
    endloop
  endfacet
  facet normal 0 0 1
    outer loop
      vertex 9.02208 -7.91215 50
      vertex 3.7592 -3.29673 50
      vertex 8.48528 -8.48528 50
    endloop
  endfacet
  facet normal -0 0 1
    outer loop
      vertex 3.53553 -3.53553 50
      vertex 8.48528 -8.48528 50
      vertex 3.7592 -3.29673 50
    endloop
  endfacet
  facet normal 0 0 1
    outer loop
      vertex 8.48528 -8.48528 50
      vertex 3.53553 -3.53553 50
      vertex 7.91215 -9.02208 50
    endloop
  endfacet
  facet normal -0 0 1
    outer loop
      vertex 3.29673 -3.7592 50
      vertex 7.91215 -9.02208 50
      vertex 3.53553 -3.53553 50
    endloop
  endfacet
  facet normal 0 0 1
    outer loop
      vertex 7.91215 -9.02208 50
      vertex 3.29673 -3.7592 50
      vertex 7.30514 -9.52024 50
    endloop
  endfacet
  facet normal -0 0 1
    outer loop
      vertex 3.04381 -3.96677 50
      vertex 7.30514 -9.52024 50
      vertex 3.29673 -3.7592 50
    endloop
  endfacet
  facet normal 0 0 1
    outer loop
      vertex 7.30514 -9.52024 50
      vertex 3.04381 -3.96677 50
      vertex 6.66684 -9.97763 50
    endloop
  endfacet
  facet normal -0 0 1
    outer loop
      vertex 2.77785 -4.15735 50
      vertex 6.66684 -9.97763 50
      vertex 3.04381 -3.96677 50
    endloop
  endfacet
  facet normal 0 0 1
    outer loop
      vertex 6.66684 -9.97763 50
      vertex 2.77785 -4.15735 50
      vertex 6 -10.3923 50
    endloop
  endfacet
  facet normal -0 0 1
    outer loop
      vertex 2.5 -4.33013 50
      vertex 6 -10.3923 50
      vertex 2.77785 -4.15735 50
    endloop
  endfacet
  facet normal 0 0 1
    outer loop
      vertex 6 -10.3923 50
      vertex 2.5 -4.33013 50
      vertex 5.30746 -10.7625 50
    endloop
  endfacet
  facet normal -0 0 1
    outer loop
      vertex 2.21144 -4.48436 50
      vertex 5.30746 -10.7625 50
      vertex 2.5 -4.33013 50
    endloop
  endfacet
  facet normal 0 0 1
    outer loop
      vertex 5.30746 -10.7625 50
      vertex 2.21144 -4.48436 50
      vertex 4.5922 -11.0866 50
    endloop
  endfacet
  facet normal -0 0 1
    outer loop
      vertex 1.91342 -4.6194 50
      vertex 4.5922 -11.0866 50
      vertex 2.21144 -4.48436 50
    endloop
  endfacet
  facet normal 0 0 1
    outer loop
      vertex 4.5922 -11.0866 50
      vertex 1.91342 -4.6194 50
      vertex 3.85727 -11.3632 50
    endloop
  endfacet
  facet normal -0 0 1
    outer loop
      vertex 1.6072 -4.73465 50
      vertex 3.85727 -11.3632 50
      vertex 1.91342 -4.6194 50
    endloop
  endfacet
  facet normal 0 0 1
    outer loop
      vertex 3.85727 -11.3632 50
      vertex 1.6072 -4.73465 50
      vertex 3.10583 -11.5911 50
    endloop
  endfacet
  facet normal -0 0 1
    outer loop
      vertex 1.2941 -4.82963 50
      vertex 3.10583 -11.5911 50
      vertex 1.6072 -4.73465 50
    endloop
  endfacet
  facet normal 0 0 1
    outer loop
      vertex 3.10583 -11.5911 50
      vertex 1.2941 -4.82963 50
      vertex 2.34108 -11.7694 50
    endloop
  endfacet
  facet normal -0 0 1
    outer loop
      vertex 0.975451 -4.90393 50
      vertex 2.34108 -11.7694 50
      vertex 1.2941 -4.82963 50
    endloop
  endfacet
  facet normal 0 0 1
    outer loop
      vertex 2.34108 -11.7694 50
      vertex 0.975451 -4.90393 50
      vertex 1.56631 -11.8973 50
    endloop
  endfacet
  facet normal -0 0 1
    outer loop
      vertex 0.652631 -4.95722 50
      vertex 1.56631 -11.8973 50
      vertex 0.975451 -4.90393 50
    endloop
  endfacet
  facet normal 0 0 1
    outer loop
      vertex 1.56631 -11.8973 50
      vertex 0.652631 -4.95722 50
      vertex 0.784837 -11.9743 50
    endloop
  endfacet
  facet normal -0 0 1
    outer loop
      vertex 0.327015 -4.98929 50
      vertex 0.784837 -11.9743 50
      vertex 0.652631 -4.95722 50
    endloop
  endfacet
  facet normal -0 0 1
    outer loop
      vertex 0 -5 50
      vertex 0.784837 -11.9743 50
      vertex 0.327015 -4.98929 50
    endloop
  endfacet
  facet normal 0 0 1
    outer loop
      vertex 0 -5 50
      vertex 0 -12 50
      vertex 0.784837 -11.9743 50
    endloop
  endfacet
  facet normal 0 0 1
    outer loop
      vertex -0.327015 -4.98929 50
      vertex 0 -12 50
      vertex 0 -5 50
    endloop
  endfacet
  facet normal 0 0 1
    outer loop
      vertex -0.784837 -11.9743 50
      vertex -0.327015 -4.98929 50
      vertex -0.652631 -4.95722 50
    endloop
  endfacet
  facet normal 0 0 1
    outer loop
      vertex -0.327015 -4.98929 50
      vertex -0.784837 -11.9743 50
      vertex 0 -12 50
    endloop
  endfacet
  facet normal 0 0 1
    outer loop
      vertex -1.56631 -11.8973 50
      vertex -0.652631 -4.95722 50
      vertex -0.975451 -4.90393 50
    endloop
  endfacet
  facet normal 0 0 1
    outer loop
      vertex -2.34108 -11.7694 50
      vertex -0.975451 -4.90393 50
      vertex -1.2941 -4.82963 50
    endloop
  endfacet
  facet normal 0 0 1
    outer loop
      vertex -0.652631 -4.95722 50
      vertex -1.56631 -11.8973 50
      vertex -0.784837 -11.9743 50
    endloop
  endfacet
  facet normal 0 0 1
    outer loop
      vertex -3.10583 -11.5911 50
      vertex -1.2941 -4.82963 50
      vertex -1.6072 -4.73465 50
    endloop
  endfacet
  facet normal 0 0 1
    outer loop
      vertex -3.85727 -11.3632 50
      vertex -1.6072 -4.73465 50
      vertex -1.91342 -4.6194 50
    endloop
  endfacet
  facet normal 0 0 1
    outer loop
      vertex -4.5922 -11.0866 50
      vertex -1.91342 -4.6194 50
      vertex -2.21144 -4.48436 50
    endloop
  endfacet
  facet normal 0 0 1
    outer loop
      vertex -0.975451 -4.90393 50
      vertex -2.34108 -11.7694 50
      vertex -1.56631 -11.8973 50
    endloop
  endfacet
  facet normal 0 0 1
    outer loop
      vertex -5.30746 -10.7625 50
      vertex -2.21144 -4.48436 50
      vertex -2.5 -4.33013 50
    endloop
  endfacet
  facet normal 0 0 1
    outer loop
      vertex -6 -10.3923 50
      vertex -2.5 -4.33013 50
      vertex -2.77785 -4.15735 50
    endloop
  endfacet
  facet normal 0 0 1
    outer loop
      vertex -6.66684 -9.97763 50
      vertex -2.77785 -4.15735 50
      vertex -3.04381 -3.96677 50
    endloop
  endfacet
  facet normal 0 0 1
    outer loop
      vertex -1.2941 -4.82963 50
      vertex -3.10583 -11.5911 50
      vertex -2.34108 -11.7694 50
    endloop
  endfacet
  facet normal 0 0 1
    outer loop
      vertex -7.30514 -9.52024 50
      vertex -3.04381 -3.96677 50
      vertex -3.29673 -3.7592 50
    endloop
  endfacet
  facet normal 0 0 1
    outer loop
      vertex -7.91215 -9.02208 50
      vertex -3.29673 -3.7592 50
      vertex -3.53553 -3.53553 50
    endloop
  endfacet
  facet normal 0 0 1
    outer loop
      vertex -8.48528 -8.48528 50
      vertex -3.53553 -3.53553 50
      vertex -3.7592 -3.29673 50
    endloop
  endfacet
  facet normal 0 0 1
    outer loop
      vertex -1.6072 -4.73465 50
      vertex -3.85727 -11.3632 50
      vertex -3.10583 -11.5911 50
    endloop
  endfacet
  facet normal 0 0 1
    outer loop
      vertex -9.02208 -7.91215 50
      vertex -3.7592 -3.29673 50
      vertex -3.96677 -3.04381 50
    endloop
  endfacet
  facet normal 0 0 1
    outer loop
      vertex -9.52024 -7.30514 50
      vertex -3.96677 -3.04381 50
      vertex -4.15735 -2.77785 50
    endloop
  endfacet
  facet normal 0 0 1
    outer loop
      vertex -9.97763 -6.66684 50
      vertex -4.15735 -2.77785 50
      vertex -4.33013 -2.5 50
    endloop
  endfacet
  facet normal 0 0 1
    outer loop
      vertex -10.3923 -6 50
      vertex -4.33013 -2.5 50
      vertex -4.48436 -2.21144 50
    endloop
  endfacet
  facet normal 0 0 1
    outer loop
      vertex -1.91342 -4.6194 50
      vertex -4.5922 -11.0866 50
      vertex -3.85727 -11.3632 50
    endloop
  endfacet
  facet normal 0 0 1
    outer loop
      vertex -10.7625 -5.30746 50
      vertex -4.48436 -2.21144 50
      vertex -4.6194 -1.91342 50
    endloop
  endfacet
  facet normal 0 0 1
    outer loop
      vertex -11.0866 -4.5922 50
      vertex -4.6194 -1.91342 50
      vertex -4.73465 -1.6072 50
    endloop
  endfacet
  facet normal 0 0 1
    outer loop
      vertex -11.3632 -3.85727 50
      vertex -4.73465 -1.6072 50
      vertex -4.82963 -1.2941 50
    endloop
  endfacet
  facet normal 0 0 1
    outer loop
      vertex -11.5911 -3.10583 50
      vertex -4.82963 -1.2941 50
      vertex -4.90393 -0.975451 50
    endloop
  endfacet
  facet normal 0 0 1
    outer loop
      vertex -11.7694 -2.34108 50
      vertex -4.90393 -0.975451 50
      vertex -4.95722 -0.652631 50
    endloop
  endfacet
  facet normal 0 0 1
    outer loop
      vertex -11.8973 -1.56631 50
      vertex -4.95722 -0.652631 50
      vertex -4.98929 -0.327015 50
    endloop
  endfacet
  facet normal 0 0 1
    outer loop
      vertex -2.21144 -4.48436 50
      vertex -5.30746 -10.7625 50
      vertex -4.5922 -11.0866 50
    endloop
  endfacet
  facet normal 0 0 1
    outer loop
      vertex -11.9743 -0.784837 50
      vertex -4.98929 -0.327015 50
      vertex -5 0 50
    endloop
  endfacet
  facet normal -0 0 1
    outer loop
      vertex -10.3923 6 50
      vertex -4.33013 2.5 50
      vertex -9.97763 6.66684 50
    endloop
  endfacet
  facet normal 0 0 1
    outer loop
      vertex -4.33013 2.5 50
      vertex -10.3923 6 50
      vertex -4.48436 2.21144 50
    endloop
  endfacet
  facet normal 0 0 1
    outer loop
      vertex -2.5 -4.33013 50
      vertex -6 -10.3923 50
      vertex -5.30746 -10.7625 50
    endloop
  endfacet
  facet normal -0 0 1
    outer loop
      vertex -10.7625 5.30746 50
      vertex -4.48436 2.21144 50
      vertex -10.3923 6 50
    endloop
  endfacet
  facet normal 0 0 1
    outer loop
      vertex -2.77785 -4.15735 50
      vertex -6.66684 -9.97763 50
      vertex -6 -10.3923 50
    endloop
  endfacet
  facet normal 0 0 1
    outer loop
      vertex -4.48436 2.21144 50
      vertex -10.7625 5.30746 50
      vertex -4.6194 1.91342 50
    endloop
  endfacet
  facet normal 0 0 1
    outer loop
      vertex -3.04381 -3.96677 50
      vertex -7.30514 -9.52024 50
      vertex -6.66684 -9.97763 50
    endloop
  endfacet
  facet normal -0 0 1
    outer loop
      vertex -11.0866 4.5922 50
      vertex -4.6194 1.91342 50
      vertex -10.7625 5.30746 50
    endloop
  endfacet
  facet normal 0 0 1
    outer loop
      vertex -3.29673 -3.7592 50
      vertex -7.91215 -9.02208 50
      vertex -7.30514 -9.52024 50
    endloop
  endfacet
  facet normal 0 0 1
    outer loop
      vertex -4.6194 1.91342 50
      vertex -11.0866 4.5922 50
      vertex -4.73465 1.6072 50
    endloop
  endfacet
  facet normal 0 0 1
    outer loop
      vertex -3.53553 -3.53553 50
      vertex -8.48528 -8.48528 50
      vertex -7.91215 -9.02208 50
    endloop
  endfacet
  facet normal -0 0 1
    outer loop
      vertex -11.3632 3.85727 50
      vertex -4.73465 1.6072 50
      vertex -11.0866 4.5922 50
    endloop
  endfacet
  facet normal 0 0 1
    outer loop
      vertex -3.7592 -3.29673 50
      vertex -9.02208 -7.91215 50
      vertex -8.48528 -8.48528 50
    endloop
  endfacet
  facet normal 0 0 1
    outer loop
      vertex -4.73465 1.6072 50
      vertex -11.3632 3.85727 50
      vertex -4.82963 1.2941 50
    endloop
  endfacet
  facet normal 0 0 1
    outer loop
      vertex -3.96677 -3.04381 50
      vertex -9.52024 -7.30514 50
      vertex -9.02208 -7.91215 50
    endloop
  endfacet
  facet normal -0 0 1
    outer loop
      vertex -11.5911 3.10583 50
      vertex -4.82963 1.2941 50
      vertex -11.3632 3.85727 50
    endloop
  endfacet
  facet normal 0 0 1
    outer loop
      vertex -4.15735 -2.77785 50
      vertex -9.97763 -6.66684 50
      vertex -9.52024 -7.30514 50
    endloop
  endfacet
  facet normal 0 0 1
    outer loop
      vertex -4.82963 1.2941 50
      vertex -11.5911 3.10583 50
      vertex -4.90393 0.975451 50
    endloop
  endfacet
  facet normal 0 0 1
    outer loop
      vertex -4.33013 -2.5 50
      vertex -10.3923 -6 50
      vertex -9.97763 -6.66684 50
    endloop
  endfacet
  facet normal -0 0 1
    outer loop
      vertex -11.7694 2.34108 50
      vertex -4.90393 0.975451 50
      vertex -11.5911 3.10583 50
    endloop
  endfacet
  facet normal 0 0 1
    outer loop
      vertex -4.48436 -2.21144 50
      vertex -10.7625 -5.30746 50
      vertex -10.3923 -6 50
    endloop
  endfacet
  facet normal 0 0 1
    outer loop
      vertex -4.90393 0.975451 50
      vertex -11.7694 2.34108 50
      vertex -4.95722 0.652631 50
    endloop
  endfacet
  facet normal 0 0 1
    outer loop
      vertex -4.6194 -1.91342 50
      vertex -11.0866 -4.5922 50
      vertex -10.7625 -5.30746 50
    endloop
  endfacet
  facet normal -0 0 1
    outer loop
      vertex -11.8973 1.56631 50
      vertex -4.95722 0.652631 50
      vertex -11.7694 2.34108 50
    endloop
  endfacet
  facet normal 0 0 1
    outer loop
      vertex -4.73465 -1.6072 50
      vertex -11.3632 -3.85727 50
      vertex -11.0866 -4.5922 50
    endloop
  endfacet
  facet normal 0 0 1
    outer loop
      vertex -4.95722 0.652631 50
      vertex -11.8973 1.56631 50
      vertex -4.98929 0.327015 50
    endloop
  endfacet
  facet normal 0 0 1
    outer loop
      vertex -4.82963 -1.2941 50
      vertex -11.5911 -3.10583 50
      vertex -11.3632 -3.85727 50
    endloop
  endfacet
  facet normal -0 0 1
    outer loop
      vertex -11.9743 0.784837 50
      vertex -4.98929 0.327015 50
      vertex -11.8973 1.56631 50
    endloop
  endfacet
  facet normal 0 0 1
    outer loop
      vertex -4.90393 -0.975451 50
      vertex -11.7694 -2.34108 50
      vertex -11.5911 -3.10583 50
    endloop
  endfacet
  facet normal 0 0 1
    outer loop
      vertex -4.98929 0.327015 50
      vertex -11.9743 0.784837 50
      vertex -5 0 50
    endloop
  endfacet
  facet normal 0 0 1
    outer loop
      vertex -4.95722 -0.652631 50
      vertex -11.8973 -1.56631 50
      vertex -11.7694 -2.34108 50
    endloop
  endfacet
  facet normal 0 0 1
    outer loop
      vertex -12 0 50
      vertex -5 0 50
      vertex -11.9743 0.784837 50
    endloop
  endfacet
  facet normal 0 0 1
    outer loop
      vertex -4.98929 -0.327015 50
      vertex -11.9743 -0.784837 50
      vertex -11.8973 -1.56631 50
    endloop
  endfacet
  facet normal 0 0 1
    outer loop
      vertex -5 0 50
      vertex -12 0 50
      vertex -11.9743 -0.784837 50
    endloop
  endfacet
  facet normal -0.980076 0.0320932 0.196015
    outer loop
      vertex -11.9743 0.784837 50
      vertex -22 0 0
      vertex -12 0 50
    endloop
  endfacet
  facet normal -0.97588 0.0961092 0.196015
    outer loop
      vertex -21.8118 2.87158 0
      vertex -21.9529 1.43887 0
      vertex -11.9743 0.784837 50
    endloop
  endfacet
  facet normal -0.462281 0.864797 0.196015
    outer loop
      vertex -5.30746 10.7625 50
      vertex -9.73035 19.7312 0
      vertex -6 10.3923 50
    endloop
  endfacet
  facet normal -0.28465 0.938378 0.196015
    outer loop
      vertex -5.69402 21.2504 0
      vertex -7.07167 20.8325 0
      vertex -3.85727 11.3632 50
    endloop
  endfacet
  facet normal -0.2846 0.938393 0.196016
    outer loop
      vertex -3.10583 11.5911 50
      vertex -5.69402 21.2504 0
      vertex -3.85727 11.3632 50
    endloop
  endfacet
  facet normal -0.0961548 0.975875 0.196016
    outer loop
      vertex -0.784837 11.9743 50
      vertex -2.87158 21.8118 0
      vertex -1.56631 11.8973 50
    endloop
  endfacet
  facet normal -0.938378 0.28465 0.196015
    outer loop
      vertex -20.8325 7.07167 0
      vertex -21.2504 5.69402 0
      vertex -11.3632 3.85727 50
    endloop
  endfacet
  facet normal -0.832727 0.517826 0.196014
    outer loop
      vertex -9.97763 6.66684 50
      vertex -18.2923 12.2225 0
      vertex -10.3923 6 50
    endloop
  endfacet
  facet normal 0.967506 0.159717 0.196016
    outer loop
      vertex 21.5773 4.29199 0
      vertex 11.7694 2.34108 50
      vertex 11.8973 1.56631 50
    endloop
  endfacet
  facet normal 0.954986 0.222666 0.196016
    outer loop
      vertex 21.2504 5.69402 0
      vertex 11.7694 2.34108 50
      vertex 21.5773 4.29199 0
    endloop
  endfacet
  facet normal 0.91773 0.34547 0.196015
    outer loop
      vertex 20.3253 8.41903 0
      vertex 11.3632 3.85727 50
      vertex 20.8325 7.07167 0
    endloop
  endfacet
  facet normal 0.893207 0.404672 0.196014
    outer loop
      vertex 19.7312 9.73035 0
      vertex 11.0866 4.5922 50
      vertex 20.3253 8.41903 0
    endloop
  endfacet
  facet normal 0.715702 0.670335 0.196014
    outer loop
      vertex 15.5563 15.5563 0
      vertex 8.48528 8.48528 50
      vertex 9.02208 7.91215 50
    endloop
  endfacet
  facet normal 0.832727 0.517826 0.196014
    outer loop
      vertex 18.2923 12.2225 0
      vertex 9.97763 6.66684 50
      vertex 10.3923 6 50
    endloop
  endfacet
  facet normal 0.797084 0.571171 0.196014
    outer loop
      vertex 18.2923 12.2225 0
      vertex 9.52024 7.30514 50
      vertex 9.97763 6.66684 50
    endloop
  endfacet
  facet normal 0.0320932 0.980076 0.196015
    outer loop
      vertex 0 22 0
      vertex 0 12 50
      vertex 0.784837 11.9743 50
    endloop
  endfacet
  facet normal 0.222666 0.954986 0.196016
    outer loop
      vertex 4.29199 21.5773 0
      vertex 2.34108 11.7694 50
      vertex 5.69402 21.2504 0
    endloop
  endfacet
  facet normal 0.404672 0.893207 0.196014
    outer loop
      vertex 8.41903 20.3253 0
      vertex 4.5922 11.0866 50
      vertex 9.73035 19.7312 0
    endloop
  endfacet
  facet normal 0.345408 0.917754 0.196013
    outer loop
      vertex 8.41903 20.3253 0
      vertex 3.85727 11.3632 50
      vertex 4.5922 11.0866 50
    endloop
  endfacet
  facet normal 0.2846 0.938393 0.196016
    outer loop
      vertex 5.69402 21.2504 0
      vertex 3.10583 11.5911 50
      vertex 3.85727 11.3632 50
    endloop
  endfacet
  facet normal 0.159717 0.967506 0.196016
    outer loop
      vertex 4.29199 21.5773 0
      vertex 1.56631 11.8973 50
      vertex 2.34108 11.7694 50
    endloop
  endfacet
  facet normal 0.46223 0.864825 0.196016
    outer loop
      vertex 9.73035 19.7312 0
      vertex 6 10.3923 50
      vertex 11 19.0526 0
    endloop
  endfacet
  facet normal 0.462281 0.864797 0.196015
    outer loop
      vertex 9.73035 19.7312 0
      vertex 5.30746 10.7625 50
      vertex 6 10.3923 50
    endloop
  endfacet
  facet normal 0.571122 0.797118 0.196016
    outer loop
      vertex 12.2225 18.2923 0
      vertex 7.30514 9.52024 50
      vertex 13.3928 17.4538 0
    endloop
  endfacet
  facet normal 0.622086 0.758015 0.196016
    outer loop
      vertex 13.3928 17.4538 0
      vertex 7.30514 9.52024 50
      vertex 7.91215 9.02208 50
    endloop
  endfacet
  facet normal -0.0961092 -0.97588 0.196015
    outer loop
      vertex -0.784837 -11.9743 50
      vertex -2.87158 -21.8118 0
      vertex -1.43887 -21.9529 0
    endloop
  endfacet
  facet normal -0.0320818 -0.980076 0.196015
    outer loop
      vertex -0.784837 -11.9743 50
      vertex -1.43887 -21.9529 0
      vertex 0 -22 0
    endloop
  endfacet
  facet normal -0.222666 -0.954986 0.196016
    outer loop
      vertex -2.34108 -11.7694 50
      vertex -5.69402 -21.2504 0
      vertex -4.29199 -21.5773 0
    endloop
  endfacet
  facet normal -0.159717 -0.967506 0.196016
    outer loop
      vertex -2.34108 -11.7694 50
      vertex -4.29199 -21.5773 0
      vertex -1.56631 -11.8973 50
    endloop
  endfacet
  facet normal -0.34547 -0.91773 0.196015
    outer loop
      vertex -3.85727 -11.3632 50
      vertex -8.41903 -20.3253 0
      vertex -7.07167 -20.8325 0
    endloop
  endfacet
  facet normal -0.46223 -0.864825 0.196016
    outer loop
      vertex -6 -10.3923 50
      vertex -11 -19.0526 0
      vertex -9.73035 -19.7312 0
    endloop
  endfacet
  facet normal -0.622086 -0.758015 0.196016
    outer loop
      vertex -7.91215 -9.02208 50
      vertex -13.3928 -17.4538 0
      vertex -7.30514 -9.52024 50
    endloop
  endfacet
  facet normal -0.571122 -0.797118 0.196016
    outer loop
      vertex -7.30514 -9.52024 50
      vertex -13.3928 -17.4538 0
      vertex -12.2225 -18.2923 0
    endloop
  endfacet
  facet normal -0.571171 -0.797084 0.196014
    outer loop
      vertex -7.30514 -9.52024 50
      vertex -12.2225 -18.2923 0
      vertex -6.66684 -9.97763 50
    endloop
  endfacet
  facet normal -0.622106 -0.757998 0.196016
    outer loop
      vertex -7.91215 -9.02208 50
      vertex -14.5056 -16.5405 0
      vertex -13.3928 -17.4538 0
    endloop
  endfacet
  facet normal -0.670372 -0.715667 0.196015
    outer loop
      vertex -7.91215 -9.02208 50
      vertex -15.5563 -15.5563 0
      vertex -14.5056 -16.5405 0
    endloop
  endfacet
  facet normal -0.954986 -0.222666 0.196016
    outer loop
      vertex -11.7694 -2.34108 50
      vertex -21.5773 -4.29199 0
      vertex -21.2504 -5.69402 0
    endloop
  endfacet
  facet normal -0.954989 -0.222654 0.196016
    outer loop
      vertex -11.7694 -2.34108 50
      vertex -21.2504 -5.69402 0
      vertex -11.5911 -3.10583 50
    endloop
  endfacet
  facet normal -0.91773 -0.34547 0.196015
    outer loop
      vertex -11.3632 -3.85727 50
      vertex -20.8325 -7.07167 0
      vertex -20.3253 -8.41903 0
    endloop
  endfacet
  facet normal -0.938378 -0.28465 0.196015
    outer loop
      vertex -11.3632 -3.85727 50
      vertex -21.2504 -5.69402 0
      vertex -20.8325 -7.07167 0
    endloop
  endfacet
  facet normal -0.715702 -0.670335 0.196014
    outer loop
      vertex -9.02208 -7.91215 50
      vertex -15.5563 -15.5563 0
      vertex -8.48528 -8.48528 50
    endloop
  endfacet
  facet normal -0.832727 -0.517826 0.196014
    outer loop
      vertex -10.3923 -6 50
      vertex -18.2923 -12.2225 0
      vertex -9.97763 -6.66684 50
    endloop
  endfacet
  facet normal -0.757998 -0.622106 0.196016
    outer loop
      vertex -9.02208 -7.91215 50
      vertex -17.4538 -13.3928 0
      vertex -16.5405 -14.5056 0
    endloop
  endfacet
  facet normal 0.0961548 -0.975875 0.196016
    outer loop
      vertex 1.56631 -11.8973 50
      vertex 0.784837 -11.9743 50
      vertex 2.87158 -21.8118 0
    endloop
  endfacet
  facet normal 0.2846 -0.938393 0.196016
    outer loop
      vertex 3.85727 -11.3632 50
      vertex 3.10583 -11.5911 50
      vertex 5.69402 -21.2504 0
    endloop
  endfacet
  facet normal 0.571122 -0.797118 0.196016
    outer loop
      vertex 13.3928 -17.4538 0
      vertex 7.30514 -9.52024 50
      vertex 12.2225 -18.2923 0
    endloop
  endfacet
  facet normal 0.517873 -0.832698 0.196016
    outer loop
      vertex 12.2225 -18.2923 0
      vertex 6 -10.3923 50
      vertex 11 -19.0526 0
    endloop
  endfacet
  facet normal 0.517826 -0.832727 0.196014
    outer loop
      vertex 6.66684 -9.97763 50
      vertex 6 -10.3923 50
      vertex 12.2225 -18.2923 0
    endloop
  endfacet
  facet normal 0.758015 -0.622086 0.196016
    outer loop
      vertex 9.52024 -7.30514 50
      vertex 9.02208 -7.91215 50
      vertex 17.4538 -13.3928 0
    endloop
  endfacet
  facet normal 0.757998 -0.622106 0.196016
    outer loop
      vertex 17.4538 -13.3928 0
      vertex 9.02208 -7.91215 50
      vertex 16.5405 -14.5056 0
    endloop
  endfacet
  facet normal 0.954989 -0.222654 0.196016
    outer loop
      vertex 11.7694 -2.34108 50
      vertex 11.5911 -3.10583 50
      vertex 21.2504 -5.69402 0
    endloop
  endfacet
  facet normal 0.917754 -0.345408 0.196013
    outer loop
      vertex 11.3632 -3.85727 50
      vertex 11.0866 -4.5922 50
      vertex 20.3253 -8.41903 0
    endloop
  endfacet
  facet normal -0.622106 0.757998 0.196016
    outer loop
      vertex -13.3928 17.4538 0
      vertex -14.5056 16.5405 0
      vertex -7.91215 9.02208 50
    endloop
  endfacet
  facet normal -0.571122 0.797118 0.196016
    outer loop
      vertex -12.2225 18.2923 0
      vertex -13.3928 17.4538 0
      vertex -7.30514 9.52024 50
    endloop
  endfacet
  facet normal -0.517873 0.832698 0.196016
    outer loop
      vertex -11 19.0526 0
      vertex -12.2225 18.2923 0
      vertex -6 10.3923 50
    endloop
  endfacet
  facet normal -0.46223 0.864825 0.196016
    outer loop
      vertex -9.73035 19.7312 0
      vertex -11 19.0526 0
      vertex -6 10.3923 50
    endloop
  endfacet
  facet normal -0.345408 0.917754 0.196013
    outer loop
      vertex -3.85727 11.3632 50
      vertex -8.41903 20.3253 0
      vertex -4.5922 11.0866 50
    endloop
  endfacet
  facet normal -0.34547 0.91773 0.196015
    outer loop
      vertex -7.07167 20.8325 0
      vertex -8.41903 20.3253 0
      vertex -3.85727 11.3632 50
    endloop
  endfacet
  facet normal -0.159728 0.967504 0.196016
    outer loop
      vertex -2.87158 21.8118 0
      vertex -4.29199 21.5773 0
      vertex -1.56631 11.8973 50
    endloop
  endfacet
  facet normal -0.159717 0.967506 0.196016
    outer loop
      vertex -1.56631 11.8973 50
      vertex -4.29199 21.5773 0
      vertex -2.34108 11.7694 50
    endloop
  endfacet
  facet normal -0.0961092 0.97588 0.196015
    outer loop
      vertex -1.43887 21.9529 0
      vertex -2.87158 21.8118 0
      vertex -0.784837 11.9743 50
    endloop
  endfacet
  facet normal -0.0320818 0.980076 0.196015
    outer loop
      vertex 0 22 0
      vertex -1.43887 21.9529 0
      vertex -0.784837 11.9743 50
    endloop
  endfacet
  facet normal -0.715702 0.670335 0.196014
    outer loop
      vertex -8.48528 8.48528 50
      vertex -15.5563 15.5563 0
      vertex -9.02208 7.91215 50
    endloop
  endfacet
  facet normal -0.715667 0.670372 0.196015
    outer loop
      vertex -15.5563 15.5563 0
      vertex -16.5405 14.5056 0
      vertex -9.02208 7.91215 50
    endloop
  endfacet
  facet normal -0.757998 0.622106 0.196016
    outer loop
      vertex -16.5405 14.5056 0
      vertex -17.4538 13.3928 0
      vertex -9.02208 7.91215 50
    endloop
  endfacet
  facet normal -0.864825 0.46223 0.196016
    outer loop
      vertex -19.0526 11 0
      vertex -19.7312 9.73035 0
      vertex -10.3923 6 50
    endloop
  endfacet
  facet normal -0.864797 0.462281 0.196015
    outer loop
      vertex -10.3923 6 50
      vertex -19.7312 9.73035 0
      vertex -10.7625 5.30746 50
    endloop
  endfacet
  facet normal 0.954989 0.222654 0.196016
    outer loop
      vertex 21.2504 5.69402 0
      vertex 11.5911 3.10583 50
      vertex 11.7694 2.34108 50
    endloop
  endfacet
  facet normal 0.917754 0.345408 0.196013
    outer loop
      vertex 20.3253 8.41903 0
      vertex 11.0866 4.5922 50
      vertex 11.3632 3.85727 50
    endloop
  endfacet
  facet normal 0.864797 0.462281 0.196015
    outer loop
      vertex 19.7312 9.73035 0
      vertex 10.3923 6 50
      vertex 10.7625 5.30746 50
    endloop
  endfacet
  facet normal 0.864825 0.46223 0.196016
    outer loop
      vertex 19.0526 11 0
      vertex 10.3923 6 50
      vertex 19.7312 9.73035 0
    endloop
  endfacet
  facet normal 0.758015 0.622086 0.196016
    outer loop
      vertex 17.4538 13.3928 0
      vertex 9.02208 7.91215 50
      vertex 9.52024 7.30514 50
    endloop
  endfacet
  facet normal 0.797118 0.571122 0.196016
    outer loop
      vertex 17.4538 13.3928 0
      vertex 9.52024 7.30514 50
      vertex 18.2923 12.2225 0
    endloop
  endfacet
  facet normal 0.0961092 0.97588 0.196015
    outer loop
      vertex 1.43887 21.9529 0
      vertex 0.784837 11.9743 50
      vertex 2.87158 21.8118 0
    endloop
  endfacet
  facet normal 0.28465 0.938378 0.196015
    outer loop
      vertex 5.69402 21.2504 0
      vertex 3.85727 11.3632 50
      vertex 7.07167 20.8325 0
    endloop
  endfacet
  facet normal 0.222654 0.954989 0.196016
    outer loop
      vertex 5.69402 21.2504 0
      vertex 2.34108 11.7694 50
      vertex 3.10583 11.5911 50
    endloop
  endfacet
  facet normal 0.159728 0.967504 0.196016
    outer loop
      vertex 2.87158 21.8118 0
      vertex 1.56631 11.8973 50
      vertex 4.29199 21.5773 0
    endloop
  endfacet
  facet normal 0.0961548 0.975875 0.196016
    outer loop
      vertex 2.87158 21.8118 0
      vertex 0.784837 11.9743 50
      vertex 1.56631 11.8973 50
    endloop
  endfacet
  facet normal 0.517826 0.832727 0.196014
    outer loop
      vertex 12.2225 18.2923 0
      vertex 6 10.3923 50
      vertex 6.66684 9.97763 50
    endloop
  endfacet
  facet normal 0.622106 0.757998 0.196016
    outer loop
      vertex 13.3928 17.4538 0
      vertex 7.91215 9.02208 50
      vertex 14.5056 16.5405 0
    endloop
  endfacet
  facet normal -0.222654 -0.954989 0.196016
    outer loop
      vertex -3.10583 -11.5911 50
      vertex -5.69402 -21.2504 0
      vertex -2.34108 -11.7694 50
    endloop
  endfacet
  facet normal -0.404722 -0.893185 0.196015
    outer loop
      vertex -5.30746 -10.7625 50
      vertex -9.73035 -19.7312 0
      vertex -4.5922 -11.0866 50
    endloop
  endfacet
  facet normal -0.917754 -0.345408 0.196013
    outer loop
      vertex -11.3632 -3.85727 50
      vertex -20.3253 -8.41903 0
      vertex -11.0866 -4.5922 50
    endloop
  endfacet
  facet normal -0.797084 -0.571171 0.196014
    outer loop
      vertex -9.97763 -6.66684 50
      vertex -18.2923 -12.2225 0
      vertex -9.52024 -7.30514 50
    endloop
  endfacet
  facet normal -0.864797 -0.462281 0.196015
    outer loop
      vertex -10.7625 -5.30746 50
      vertex -19.7312 -9.73035 0
      vertex -10.3923 -6 50
    endloop
  endfacet
  facet normal 0.28465 -0.938378 0.196015
    outer loop
      vertex 7.07167 -20.8325 0
      vertex 3.85727 -11.3632 50
      vertex 5.69402 -21.2504 0
    endloop
  endfacet
  facet normal 0.34547 -0.91773 0.196015
    outer loop
      vertex 8.41903 -20.3253 0
      vertex 3.85727 -11.3632 50
      vertex 7.07167 -20.8325 0
    endloop
  endfacet
  facet normal 0.622086 -0.758015 0.196016
    outer loop
      vertex 7.91215 -9.02208 50
      vertex 7.30514 -9.52024 50
      vertex 13.3928 -17.4538 0
    endloop
  endfacet
  facet normal 0.462281 -0.864797 0.196015
    outer loop
      vertex 6 -10.3923 50
      vertex 5.30746 -10.7625 50
      vertex 9.73035 -19.7312 0
    endloop
  endfacet
  facet normal 0.46223 -0.864825 0.196016
    outer loop
      vertex 11 -19.0526 0
      vertex 6 -10.3923 50
      vertex 9.73035 -19.7312 0
    endloop
  endfacet
  facet normal 0.864825 -0.46223 0.196016
    outer loop
      vertex 19.7312 -9.73035 0
      vertex 10.3923 -6 50
      vertex 19.0526 -11 0
    endloop
  endfacet
  facet normal 0.832698 -0.517873 0.196016
    outer loop
      vertex 19.0526 -11 0
      vertex 10.3923 -6 50
      vertex 18.2923 -12.2225 0
    endloop
  endfacet
  facet normal 0.864797 -0.462281 0.196015
    outer loop
      vertex 10.7625 -5.30746 50
      vertex 10.3923 -6 50
      vertex 19.7312 -9.73035 0
    endloop
  endfacet
  facet normal 0.893185 -0.404722 0.196015
    outer loop
      vertex 11.0866 -4.5922 50
      vertex 10.7625 -5.30746 50
      vertex 19.7312 -9.73035 0
    endloop
  endfacet
  facet normal 0.797118 -0.571122 0.196016
    outer loop
      vertex 18.2923 -12.2225 0
      vertex 9.52024 -7.30514 50
      vertex 17.4538 -13.3928 0
    endloop
  endfacet
  facet normal 0.797084 -0.571171 0.196014
    outer loop
      vertex 9.97763 -6.66684 50
      vertex 9.52024 -7.30514 50
      vertex 18.2923 -12.2225 0
    endloop
  endfacet
  facet normal -0.954986 0.222666 0.196016
    outer loop
      vertex -21.2504 5.69402 0
      vertex -21.5773 4.29199 0
      vertex -11.7694 2.34108 50
    endloop
  endfacet
  facet normal -0.967506 0.159717 0.196016
    outer loop
      vertex -11.7694 2.34108 50
      vertex -21.5773 4.29199 0
      vertex -11.8973 1.56631 50
    endloop
  endfacet
  facet normal -0.91773 0.34547 0.196015
    outer loop
      vertex -20.3253 8.41903 0
      vertex -20.8325 7.07167 0
      vertex -11.3632 3.85727 50
    endloop
  endfacet
  facet normal -0.893207 0.404672 0.196014
    outer loop
      vertex -19.7312 9.73035 0
      vertex -20.3253 8.41903 0
      vertex -11.0866 4.5922 50
    endloop
  endfacet
  facet normal -0.622086 0.758015 0.196016
    outer loop
      vertex -7.30514 9.52024 50
      vertex -13.3928 17.4538 0
      vertex -7.91215 9.02208 50
    endloop
  endfacet
  facet normal -0.517826 0.832727 0.196014
    outer loop
      vertex -6 10.3923 50
      vertex -12.2225 18.2923 0
      vertex -6.66684 9.97763 50
    endloop
  endfacet
  facet normal -0.222654 0.954989 0.196016
    outer loop
      vertex -2.34108 11.7694 50
      vertex -5.69402 21.2504 0
      vertex -3.10583 11.5911 50
    endloop
  endfacet
  facet normal -0.404672 0.893207 0.196014
    outer loop
      vertex -8.41903 20.3253 0
      vertex -9.73035 19.7312 0
      vertex -4.5922 11.0866 50
    endloop
  endfacet
  facet normal -0.404722 0.893185 0.196015
    outer loop
      vertex -4.5922 11.0866 50
      vertex -9.73035 19.7312 0
      vertex -5.30746 10.7625 50
    endloop
  endfacet
  facet normal -0.797084 0.571171 0.196014
    outer loop
      vertex -9.52024 7.30514 50
      vertex -18.2923 12.2225 0
      vertex -9.97763 6.66684 50
    endloop
  endfacet
  facet normal 0.938393 0.2846 0.196016
    outer loop
      vertex 21.2504 5.69402 0
      vertex 11.3632 3.85727 50
      vertex 11.5911 3.10583 50
    endloop
  endfacet
  facet normal 0.938378 0.28465 0.196015
    outer loop
      vertex 20.8325 7.07167 0
      vertex 11.3632 3.85727 50
      vertex 21.2504 5.69402 0
    endloop
  endfacet
  facet normal 0.757998 0.622106 0.196016
    outer loop
      vertex 16.5405 14.5056 0
      vertex 9.02208 7.91215 50
      vertex 17.4538 13.3928 0
    endloop
  endfacet
  facet normal -0.404672 -0.893207 0.196014
    outer loop
      vertex -4.5922 -11.0866 50
      vertex -9.73035 -19.7312 0
      vertex -8.41903 -20.3253 0
    endloop
  endfacet
  facet normal -0.345408 -0.917754 0.196013
    outer loop
      vertex -4.5922 -11.0866 50
      vertex -8.41903 -20.3253 0
      vertex -3.85727 -11.3632 50
    endloop
  endfacet
  facet normal -0.758015 -0.622086 0.196016
    outer loop
      vertex -9.52024 -7.30514 50
      vertex -17.4538 -13.3928 0
      vertex -9.02208 -7.91215 50
    endloop
  endfacet
  facet normal -0.797118 -0.571122 0.196016
    outer loop
      vertex -9.52024 -7.30514 50
      vertex -18.2923 -12.2225 0
      vertex -17.4538 -13.3928 0
    endloop
  endfacet
  facet normal -0.864825 -0.46223 0.196016
    outer loop
      vertex -10.3923 -6 50
      vertex -19.7312 -9.73035 0
      vertex -19.0526 -11 0
    endloop
  endfacet
  facet normal -0.832698 -0.517873 0.196016
    outer loop
      vertex -10.3923 -6 50
      vertex -19.0526 -11 0
      vertex -18.2923 -12.2225 0
    endloop
  endfacet
  facet normal -0.938393 0.2846 0.196016
    outer loop
      vertex -11.3632 3.85727 50
      vertex -21.2504 5.69402 0
      vertex -11.5911 3.10583 50
    endloop
  endfacet
  facet normal -0.954989 0.222654 0.196016
    outer loop
      vertex -11.5911 3.10583 50
      vertex -21.2504 5.69402 0
      vertex -11.7694 2.34108 50
    endloop
  endfacet
  facet normal -0.917754 0.345408 0.196013
    outer loop
      vertex -11.0866 4.5922 50
      vertex -20.3253 8.41903 0
      vertex -11.3632 3.85727 50
    endloop
  endfacet
  facet normal -0.571171 0.797084 0.196014
    outer loop
      vertex -6.66684 9.97763 50
      vertex -12.2225 18.2923 0
      vertex -7.30514 9.52024 50
    endloop
  endfacet
  facet normal -0.973344 -0.0319398 -0.227115
    outer loop
      vertex 10.9741 0.719194 0
      vertex 10.9977 0 0
      vertex 4 0 29.99
    endloop
  endfacet
  facet normal -0.976449 0 -0.215746
    outer loop
      vertex 10.414 3.535 0
      vertex 3.78772 1.28576 29.99
      vertex 10.414 3.53508 0
    endloop
  endfacet
  facet normal -0.931936 -0.282691 -0.227113
    outer loop
      vertex 3.78772 1.28576 29.99
      vertex 10.414 3.535 0
      vertex 3.8637 1.03528 29.99
    endloop
  endfacet
  facet normal 0.710787 0.665733 -0.227114
    outer loop
      vertex -3.00736 -2.63738 29.99
      vertex -7.77658 -7.77646 0
      vertex -8.26848 -7.25127 0
    endloop
  endfacet
  facet normal -0.73979 -0.634106 -0.22499
    outer loop
      vertex 9.14423 6.10998 0
      vertex 3.17341 2.43505 29.99
      vertex 9.14417 6.11005 0
    endloop
  endfacet
  facet normal -0.791603 -0.567259 -0.227114
    outer loop
      vertex 3.17341 2.43505 29.99
      vertex 9.14423 6.10998 0
      vertex 3.32588 2.22228 29.99
    endloop
  endfacet
  facet normal -0.401904 -0.887069 -0.227114
    outer loop
      vertex 4.20862 10.1605 0
      vertex 4.86406 9.86354 0
      vertex 1.53073 3.69552 29.99
    endloop
  endfacet
  facet normal -0.401904 0.887069 -0.227114
    outer loop
      vertex 4.86406 -9.86354 0
      vertex 4.20862 -10.1605 0
      vertex 1.53073 -3.69552 29.99
    endloop
  endfacet
  facet normal -0.948457 0.221015 -0.227114
    outer loop
      vertex 10.7863 -2.14554 0
      vertex 10.623 -2.84632 0
      vertex 3.92314 -0.780361 29.99
    endloop
  endfacet
  facet normal -0.158644 -0.960859 -0.227115
    outer loop
      vertex 2.14545 10.7864 0
      vertex 0.780361 3.92314 29.99
      vertex 0.522104 3.96578 29.99
    endloop
  endfacet
  facet normal -0.730639 -0.657575 -0.183744
    outer loop
      vertex 0.780361 3.92314 29.99
      vertex 2.14545 10.7864 0
      vertex 2.14554 10.7863 0
    endloop
  endfacet
  facet normal 0.730639 -0.657575 -0.183744
    outer loop
      vertex -2.14545 10.7864 0
      vertex -0.780361 3.92314 29.99
      vertex -2.14554 10.7863 0
    endloop
  endfacet
  facet normal 0.158644 -0.960859 -0.227115
    outer loop
      vertex -0.780361 3.92314 29.99
      vertex -2.14545 10.7864 0
      vertex -0.522104 3.96578 29.99
    endloop
  endfacet
  facet normal 0.973344 -0.0319398 -0.227115
    outer loop
      vertex -10.9741 0.719194 0
      vertex -4 0 29.99
      vertex -10.9977 0 0
    endloop
  endfacet
  facet normal 0.827016 -0.514261 -0.227114
    outer loop
      vertex -9.14423 6.10998 0
      vertex -3.32588 2.22228 29.99
      vertex -9.52421 5.49891 0
    endloop
  endfacet
  facet normal 0.791601 0.567262 -0.227114
    outer loop
      vertex -3.17341 -2.43505 29.99
      vertex -8.72503 -6.69495 0
      vertex -9.14417 -6.11005 0
    endloop
  endfacet
  facet normal -0.752819 -0.617805 -0.227114
    outer loop
      vertex 8.26854 7.2512 0
      vertex 8.72503 6.69495 0
      vertex 3.17341 2.43505 29.99
    endloop
  endfacet
  facet normal -0.827016 -0.514261 -0.227114
    outer loop
      vertex 9.14423 6.10998 0
      vertex 9.52421 5.49891 0
      vertex 3.32588 2.22228 29.99
    endloop
  endfacet
  facet normal -0.730639 0.657575 -0.183744
    outer loop
      vertex 2.14545 -10.7864 0
      vertex 0.780361 -3.92314 29.99
      vertex 2.14554 -10.7863 0
    endloop
  endfacet
  facet normal -0.158644 0.960859 -0.227115
    outer loop
      vertex 0.780361 -3.92314 29.99
      vertex 2.14545 -10.7864 0
      vertex 0.522104 -3.96578 29.99
    endloop
  endfacet
  facet normal -0.459082 0.858873 -0.227114
    outer loop
      vertex 5.49883 -9.52426 0
      vertex 4.86422 -9.86347 0
      vertex 2 -3.4641 29.99
    endloop
  endfacet
  facet normal -0.665733 0.710787 -0.227114
    outer loop
      vertex 7.77646 -7.77658 0
      vertex 7.25127 -8.26848 0
      vertex 2.63738 -3.00736 29.99
    endloop
  endfacet
  facet normal -0.960864 0.158617 -0.227115
    outer loop
      vertex 10.9036 -1.43548 0
      vertex 10.7864 -2.14545 0
      vertex 3.96578 -0.522104 29.99
    endloop
  endfacet
  facet normal -0.567259 -0.791603 -0.227114
    outer loop
      vertex 6.10998 9.14423 0
      vertex 2.43505 3.17341 29.99
      vertex 2.22228 3.32588 29.99
    endloop
  endfacet
  facet normal -0.634106 -0.73979 -0.22499
    outer loop
      vertex 2.43505 3.17341 29.99
      vertex 6.10998 9.14423 0
      vertex 6.11005 9.14417 0
    endloop
  endfacet
  facet normal -0.514261 -0.827016 -0.227114
    outer loop
      vertex 5.49891 9.52421 0
      vertex 6.10998 9.14423 0
      vertex 2.22228 3.32588 29.99
    endloop
  endfacet
  facet normal -0.158617 -0.960864 -0.227115
    outer loop
      vertex 1.43548 10.9036 0
      vertex 2.14545 10.7864 0
      vertex 0.522104 3.96578 29.99
    endloop
  endfacet
  facet normal -0.0319398 -0.973344 -0.227115
    outer loop
      vertex 0 10.9977 0
      vertex 0.719194 10.9741 0
      vertex 0 4 29.99
    endloop
  endfacet
  facet normal 0.613945 -0.767431 -0.184718
    outer loop
      vertex -3.8637 1.03528 29.99
      vertex -10.623 2.84632 0
      vertex -10.6229 2.8464 0
    endloop
  endfacet
  facet normal 0.948426 -0.221147 -0.227116
    outer loop
      vertex -10.623 2.84632 0
      vertex -3.8637 1.03528 29.99
      vertex -3.92314 0.780361 29.99
    endloop
  endfacet
  facet normal 0.73979 -0.634106 -0.22499
    outer loop
      vertex -3.17341 2.43505 29.99
      vertex -9.14423 6.10998 0
      vertex -9.14417 6.11005 0
    endloop
  endfacet
  facet normal 0.791603 -0.567259 -0.227114
    outer loop
      vertex -9.14423 6.10998 0
      vertex -3.17341 2.43505 29.99
      vertex -3.32588 2.22228 29.99
    endloop
  endfacet
  facet normal 0.221147 0.948426 -0.227116
    outer loop
      vertex -2.84632 -10.623 0
      vertex -1.03528 -3.8637 29.99
      vertex -0.780361 -3.92314 29.99
    endloop
  endfacet
  facet normal 0.767431 0.613945 -0.184718
    outer loop
      vertex -1.03528 -3.8637 29.99
      vertex -2.84632 -10.623 0
      vertex -2.8464 -10.6229 0
    endloop
  endfacet
  facet normal -0.710787 -0.665733 -0.227114
    outer loop
      vertex 7.77658 7.77646 0
      vertex 8.26848 7.25127 0
      vertex 3.00736 2.63738 29.99
    endloop
  endfacet
  facet normal -0.887069 -0.401904 -0.227114
    outer loop
      vertex 9.86354 4.86406 0
      vertex 10.1605 4.20862 0
      vertex 3.69552 1.53073 29.99
    endloop
  endfacet
  facet normal -0.858873 -0.459082 -0.227114
    outer loop
      vertex 9.52426 5.49883 0
      vertex 9.86347 4.86422 0
      vertex 3.4641 2 29.99
    endloop
  endfacet
  facet normal -0.960864 -0.158617 -0.227115
    outer loop
      vertex 10.7864 2.14545 0
      vertex 10.9036 1.43548 0
      vertex 3.96578 0.522104 29.99
    endloop
  endfacet
  facet normal 0.221015 0.948457 -0.227114
    outer loop
      vertex -0.780361 -3.92314 29.99
      vertex -2.14554 -10.7863 0
      vertex -2.84632 -10.623 0
    endloop
  endfacet
  facet normal -0.0319398 0.973344 -0.227115
    outer loop
      vertex 0 -4 29.99
      vertex 0.719194 -10.9741 0
      vertex 0 -10.9977 0
    endloop
  endfacet
  facet normal -0.221015 0.948457 -0.227114
    outer loop
      vertex 2.84632 -10.623 0
      vertex 2.14554 -10.7863 0
      vertex 0.780361 -3.92314 29.99
    endloop
  endfacet
  facet normal -0.617805 0.752819 -0.227114
    outer loop
      vertex 7.2512 -8.26854 0
      vertex 6.69495 -8.72503 0
      vertex 2.43505 -3.17341 29.99
    endloop
  endfacet
  facet normal -0.516153 0.825845 -0.227079
    outer loop
      vertex 5.49883 -9.52426 0
      vertex 2.22228 -3.32588 29.99
      vertex 5.49891 -9.52421 0
    endloop
  endfacet
  facet normal -0.514261 0.827015 -0.227114
    outer loop
      vertex 2.22228 -3.32588 29.99
      vertex 5.49883 -9.52426 0
      vertex 2 -3.4641 29.99
    endloop
  endfacet
  facet normal -0.931928 0.282718 -0.227113
    outer loop
      vertex 10.6229 -2.8464 0
      vertex 10.414 -3.535 0
      vertex 3.8637 -1.03528 29.99
    endloop
  endfacet
  facet normal -0.752806 0.61782 -0.227114
    outer loop
      vertex 8.26854 -7.2512 0
      vertex 3.00736 -2.63738 29.99
      vertex 3.17341 -2.43505 29.99
    endloop
  endfacet
  facet normal -0.739398 0.63377 -0.227216
    outer loop
      vertex 3.00736 -2.63738 29.99
      vertex 8.26854 -7.2512 0
      vertex 8.26848 -7.25127 0
    endloop
  endfacet
  facet normal -0.710787 0.665733 -0.227114
    outer loop
      vertex 8.26848 -7.25127 0
      vertex 7.77658 -7.77646 0
      vertex 3.00736 -2.63738 29.99
    endloop
  endfacet
  facet normal -0.858873 0.459082 -0.227114
    outer loop
      vertex 9.86347 -4.86422 0
      vertex 9.52426 -5.49883 0
      vertex 3.4641 -2 29.99
    endloop
  endfacet
  facet normal -0.973344 0.0319398 -0.227115
    outer loop
      vertex 10.9977 0 0
      vertex 10.9741 -0.719194 0
      vertex 4 0 29.99
    endloop
  endfacet
  facet normal -0.969183 0.0954144 -0.227115
    outer loop
      vertex 10.9741 -0.719368 0
      vertex 10.9036 -1.43548 0
      vertex 3.96578 -0.522104 29.99
    endloop
  endfacet
  facet normal -0.221015 -0.948457 -0.227114
    outer loop
      vertex 2.14554 10.7863 0
      vertex 2.84632 10.623 0
      vertex 0.780361 3.92314 29.99
    endloop
  endfacet
  facet normal -0.343082 -0.911435 -0.227114
    outer loop
      vertex 3.53517 10.414 0
      vertex 4.20862 10.1605 0
      vertex 1.53073 3.69552 29.99
    endloop
  endfacet
  facet normal -0.68861 -0.68861 -0.227229
    outer loop
      vertex 7.77658 7.77646 0
      vertex 2.82843 2.82843 29.99
      vertex 7.77652 7.77652 0
    endloop
  endfacet
  facet normal -0.710806 -0.665713 -0.227114
    outer loop
      vertex 2.82843 2.82843 29.99
      vertex 7.77658 7.77646 0
      vertex 3.00736 2.63738 29.99
    endloop
  endfacet
  facet normal -0.665713 -0.710806 -0.227114
    outer loop
      vertex 7.77646 7.77658 0
      vertex 2.82843 2.82843 29.99
      vertex 2.63738 3.00736 29.99
    endloop
  endfacet
  facet normal -0.68861 -0.68861 -0.227229
    outer loop
      vertex 2.82843 2.82843 29.99
      vertex 7.77646 7.77658 0
      vertex 7.77652 7.77652 0
    endloop
  endfacet
  facet normal -0.617805 -0.752819 -0.227114
    outer loop
      vertex 6.69495 8.72503 0
      vertex 7.2512 8.26854 0
      vertex 2.43505 3.17341 29.99
    endloop
  endfacet
  facet normal -0.459073 -0.858878 -0.227114
    outer loop
      vertex 4.86414 9.86351 0
      vertex 2 3.4641 29.99
      vertex 1.76915 3.58749 29.99
    endloop
  endfacet
  facet normal -0.435492 -0.870985 -0.227446
    outer loop
      vertex 2 3.4641 29.99
      vertex 4.86414 9.86351 0
      vertex 4.86422 9.86347 0
    endloop
  endfacet
  facet normal 0.221015 -0.948457 -0.227114
    outer loop
      vertex -2.14554 10.7863 0
      vertex -0.780361 3.92314 29.99
      vertex -2.84632 10.623 0
    endloop
  endfacet
  facet normal 0.343082 -0.911435 -0.227114
    outer loop
      vertex -3.53517 10.414 0
      vertex -1.53073 3.69552 29.99
      vertex -4.20862 10.1605 0
    endloop
  endfacet
  facet normal 0.665733 -0.710787 -0.227114
    outer loop
      vertex -7.25127 8.26848 0
      vertex -2.63738 3.00736 29.99
      vertex -7.77646 7.77658 0
    endloop
  endfacet
  facet normal 0.68861 -0.68861 -0.227229
    outer loop
      vertex -7.77646 7.77658 0
      vertex -2.82843 2.82843 29.99
      vertex -7.77652 7.77652 0
    endloop
  endfacet
  facet normal 0.665713 -0.710806 -0.227114
    outer loop
      vertex -2.82843 2.82843 29.99
      vertex -7.77646 7.77658 0
      vertex -2.63738 3.00736 29.99
    endloop
  endfacet
  facet normal -0.0954144 -0.969183 -0.227115
    outer loop
      vertex 0.719368 10.9741 0
      vertex 1.43548 10.9036 0
      vertex 0.522104 3.96578 29.99
    endloop
  endfacet
  facet normal 0.948457 -0.221015 -0.227114
    outer loop
      vertex -10.623 2.84632 0
      vertex -3.92314 0.780361 29.99
      vertex -10.7863 2.14554 0
    endloop
  endfacet
  facet normal 0.960864 -0.158617 -0.227115
    outer loop
      vertex -10.7864 2.14545 0
      vertex -3.96578 0.522104 29.99
      vertex -10.9036 1.43548 0
    endloop
  endfacet
  facet normal 0.973765 0 -0.227558
    outer loop
      vertex -3.96578 0.522104 29.99
      vertex -10.9741 0.719281 0
      vertex -10.9741 0.719368 0
    endloop
  endfacet
  facet normal 0.969178 -0.0954697 -0.227113
    outer loop
      vertex -10.9741 0.719281 0
      vertex -3.96578 0.522104 29.99
      vertex -3.99144 0.261612 29.99
    endloop
  endfacet
  facet normal 0.969183 -0.0954144 -0.227115
    outer loop
      vertex -10.9036 1.43548 0
      vertex -3.96578 0.522104 29.99
      vertex -10.9741 0.719368 0
    endloop
  endfacet
  facet normal 0.911435 -0.343082 -0.227114
    outer loop
      vertex -10.1605 4.20862 0
      vertex -3.69552 1.53073 29.99
      vertex -10.414 3.53517 0
    endloop
  endfacet
  facet normal 0.752819 -0.617805 -0.227114
    outer loop
      vertex -8.26854 7.2512 0
      vertex -3.17341 2.43505 29.99
      vertex -8.72503 6.69495 0
    endloop
  endfacet
  facet normal 0.791601 -0.567262 -0.227114
    outer loop
      vertex -8.72503 6.69495 0
      vertex -3.17341 2.43505 29.99
      vertex -9.14417 6.11005 0
    endloop
  endfacet
  facet normal 0.887069 -0.401904 -0.227114
    outer loop
      vertex -9.86354 4.86406 0
      vertex -3.69552 1.53073 29.99
      vertex -10.1605 4.20862 0
    endloop
  endfacet
  facet normal 0.858873 -0.459082 -0.227114
    outer loop
      vertex -9.52426 5.49883 0
      vertex -3.4641 2 29.99
      vertex -9.86347 4.86422 0
    endloop
  endfacet
  facet normal 0.68861 -0.68861 -0.227229
    outer loop
      vertex -2.82843 2.82843 29.99
      vertex -7.77658 7.77646 0
      vertex -7.77652 7.77652 0
    endloop
  endfacet
  facet normal 0.710806 -0.665713 -0.227114
    outer loop
      vertex -7.77658 7.77646 0
      vertex -2.82843 2.82843 29.99
      vertex -3.00736 2.63738 29.99
    endloop
  endfacet
  facet normal 0.710787 -0.665733 -0.227114
    outer loop
      vertex -7.77658 7.77646 0
      vertex -3.00736 2.63738 29.99
      vertex -8.26848 7.25127 0
    endloop
  endfacet
  facet normal 0.948426 0.221147 -0.227116
    outer loop
      vertex -3.8637 -1.03528 29.99
      vertex -10.623 -2.84632 0
      vertex -3.92314 -0.780361 29.99
    endloop
  endfacet
  facet normal 0.613945 0.767431 -0.184718
    outer loop
      vertex -10.623 -2.84632 0
      vertex -3.8637 -1.03528 29.99
      vertex -10.6229 -2.8464 0
    endloop
  endfacet
  facet normal 0.969183 0.0954144 -0.227115
    outer loop
      vertex -3.96578 -0.522104 29.99
      vertex -10.9036 -1.43548 0
      vertex -10.9741 -0.719368 0
    endloop
  endfacet
  facet normal 0.960864 0.158617 -0.227115
    outer loop
      vertex -3.96578 -0.522104 29.99
      vertex -10.7864 -2.14545 0
      vertex -10.9036 -1.43548 0
    endloop
  endfacet
  facet normal 0.827015 0.514261 -0.227114
    outer loop
      vertex -3.32588 -2.22228 29.99
      vertex -9.52426 -5.49883 0
      vertex -3.4641 -2 29.99
    endloop
  endfacet
  facet normal 0.825845 0.516153 -0.227079
    outer loop
      vertex -9.52426 -5.49883 0
      vertex -3.32588 -2.22228 29.99
      vertex -9.52421 -5.49891 0
    endloop
  endfacet
  facet normal 0.567259 0.791603 -0.227114
    outer loop
      vertex -6.10998 -9.14423 0
      vertex -2.43505 -3.17341 29.99
      vertex -2.22228 -3.32588 29.99
    endloop
  endfacet
  facet normal 0.634106 0.73979 -0.22499
    outer loop
      vertex -2.43505 -3.17341 29.99
      vertex -6.10998 -9.14423 0
      vertex -6.11005 -9.14417 0
    endloop
  endfacet
  facet normal -0.791601 -0.567262 -0.227114
    outer loop
      vertex 8.72503 6.69495 0
      vertex 9.14417 6.11005 0
      vertex 3.17341 2.43505 29.99
    endloop
  endfacet
  facet normal -0.870985 -0.435492 -0.227446
    outer loop
      vertex 9.86351 4.86414 0
      vertex 3.4641 2 29.99
      vertex 9.86347 4.86422 0
    endloop
  endfacet
  facet normal -0.858878 -0.459073 -0.227114
    outer loop
      vertex 3.4641 2 29.99
      vertex 9.86351 4.86414 0
      vertex 3.58749 1.76915 29.99
    endloop
  endfacet
  facet normal -0.825845 -0.516153 -0.227079
    outer loop
      vertex 9.52426 5.49883 0
      vertex 3.32588 2.22228 29.99
      vertex 9.52421 5.49891 0
    endloop
  endfacet
  facet normal -0.827015 -0.514261 -0.227114
    outer loop
      vertex 3.32588 2.22228 29.99
      vertex 9.52426 5.49883 0
      vertex 3.4641 2 29.99
    endloop
  endfacet
  facet normal -0.912068 -0.342025 -0.226166
    outer loop
      vertex 9.86354 4.86406 0
      vertex 3.58749 1.76915 29.99
      vertex 9.86351 4.86414 0
    endloop
  endfacet
  facet normal -0.887057 -0.401932 -0.227114
    outer loop
      vertex 3.58749 1.76915 29.99
      vertex 9.86354 4.86406 0
      vertex 3.69552 1.53073 29.99
    endloop
  endfacet
  facet normal -0.613945 -0.767431 -0.184718
    outer loop
      vertex 10.623 2.84632 0
      vertex 3.8637 1.03528 29.99
      vertex 10.6229 2.8464 0
    endloop
  endfacet
  facet normal -0.948426 -0.221147 -0.227116
    outer loop
      vertex 3.8637 1.03528 29.99
      vertex 10.623 2.84632 0
      vertex 3.92314 0.780361 29.99
    endloop
  endfacet
  facet normal -0.931928 -0.282718 -0.227113
    outer loop
      vertex 10.414 3.535 0
      vertex 10.6229 2.8464 0
      vertex 3.8637 1.03528 29.99
    endloop
  endfacet
  facet normal -0.969183 -0.0954144 -0.227115
    outer loop
      vertex 10.9036 1.43548 0
      vertex 10.9741 0.719368 0
      vertex 3.96578 0.522104 29.99
    endloop
  endfacet
  facet normal -0.948457 -0.221015 -0.227114
    outer loop
      vertex 10.623 2.84632 0
      vertex 10.7863 2.14554 0
      vertex 3.92314 0.780361 29.99
    endloop
  endfacet
  facet normal -0.657575 -0.730639 -0.183744
    outer loop
      vertex 10.7864 2.14545 0
      vertex 3.92314 0.780361 29.99
      vertex 10.7863 2.14554 0
    endloop
  endfacet
  facet normal -0.960859 -0.158644 -0.227115
    outer loop
      vertex 3.92314 0.780361 29.99
      vertex 10.7864 2.14545 0
      vertex 3.96578 0.522104 29.99
    endloop
  endfacet
  facet normal 0.401932 0.887057 -0.227114
    outer loop
      vertex -4.86406 -9.86354 0
      vertex -1.76915 -3.58749 29.99
      vertex -1.53073 -3.69552 29.99
    endloop
  endfacet
  facet normal 0.342025 0.912068 -0.226166
    outer loop
      vertex -1.76915 -3.58749 29.99
      vertex -4.86406 -9.86354 0
      vertex -4.86414 -9.86351 0
    endloop
  endfacet
  facet normal 0.0954144 0.969183 -0.227115
    outer loop
      vertex -0.522104 -3.96578 29.99
      vertex -0.719368 -10.9741 0
      vertex -1.43548 -10.9036 0
    endloop
  endfacet
  facet normal -0.158617 0.960864 -0.227115
    outer loop
      vertex 2.14545 -10.7864 0
      vertex 1.43548 -10.9036 0
      vertex 0.522104 -3.96578 29.99
    endloop
  endfacet
  facet normal -0.767431 0.613945 -0.184718
    outer loop
      vertex 2.84632 -10.623 0
      vertex 1.03528 -3.8637 29.99
      vertex 2.8464 -10.6229 0
    endloop
  endfacet
  facet normal -0.221147 0.948426 -0.227116
    outer loop
      vertex 1.03528 -3.8637 29.99
      vertex 2.84632 -10.623 0
      vertex 0.780361 -3.92314 29.99
    endloop
  endfacet
  facet normal -0.343082 0.911435 -0.227114
    outer loop
      vertex 4.20862 -10.1605 0
      vertex 3.53517 -10.414 0
      vertex 1.53073 -3.69552 29.99
    endloop
  endfacet
  facet normal -0.282718 0.931928 -0.227113
    outer loop
      vertex 3.535 -10.414 0
      vertex 2.8464 -10.6229 0
      vertex 1.03528 -3.8637 29.99
    endloop
  endfacet
  facet normal -0.710806 0.665713 -0.227114
    outer loop
      vertex 7.77658 -7.77646 0
      vertex 2.82843 -2.82843 29.99
      vertex 3.00736 -2.63738 29.99
    endloop
  endfacet
  facet normal -0.68861 0.68861 -0.227229
    outer loop
      vertex 2.82843 -2.82843 29.99
      vertex 7.77658 -7.77646 0
      vertex 7.77652 -7.77652 0
    endloop
  endfacet
  facet normal -0.960859 0.158644 -0.227115
    outer loop
      vertex 10.7864 -2.14545 0
      vertex 3.92314 -0.780361 29.99
      vertex 3.96578 -0.522104 29.99
    endloop
  endfacet
  facet normal -0.657575 0.730639 -0.183744
    outer loop
      vertex 3.92314 -0.780361 29.99
      vertex 10.7864 -2.14545 0
      vertex 10.7863 -2.14554 0
    endloop
  endfacet
  facet normal -0.969178 0.0954697 -0.227113
    outer loop
      vertex 10.9741 -0.719281 0
      vertex 3.96578 -0.522104 29.99
      vertex 3.99144 -0.261612 29.99
    endloop
  endfacet
  facet normal -0.973765 0 -0.227558
    outer loop
      vertex 3.96578 -0.522104 29.99
      vertex 10.9741 -0.719281 0
      vertex 10.9741 -0.719368 0
    endloop
  endfacet
  facet normal -0.887069 0.401904 -0.227114
    outer loop
      vertex 10.1605 -4.20862 0
      vertex 9.86354 -4.86406 0
      vertex 3.69552 -1.53073 29.99
    endloop
  endfacet
  facet normal -0.911449 0.343045 -0.227114
    outer loop
      vertex 10.414 -3.53508 0
      vertex 3.69552 -1.53073 29.99
      vertex 3.78772 -1.28576 29.99
    endloop
  endfacet
  facet normal -0.975813 0 -0.218606
    outer loop
      vertex 3.69552 -1.53073 29.99
      vertex 10.414 -3.53508 0
      vertex 10.414 -3.53517 0
    endloop
  endfacet
  facet normal -0.282718 -0.931928 -0.227113
    outer loop
      vertex 2.8464 10.6229 0
      vertex 3.535 10.414 0
      vertex 1.03528 3.8637 29.99
    endloop
  endfacet
  facet normal -0.221147 -0.948426 -0.227116
    outer loop
      vertex 2.84632 10.623 0
      vertex 1.03528 3.8637 29.99
      vertex 0.780361 3.92314 29.99
    endloop
  endfacet
  facet normal -0.767431 -0.613945 -0.184718
    outer loop
      vertex 1.03528 3.8637 29.99
      vertex 2.84632 10.623 0
      vertex 2.8464 10.6229 0
    endloop
  endfacet
  facet normal -0.739398 -0.63377 -0.227216
    outer loop
      vertex 8.26854 7.2512 0
      vertex 3.00736 2.63738 29.99
      vertex 8.26848 7.25127 0
    endloop
  endfacet
  facet normal -0.752806 -0.61782 -0.227114
    outer loop
      vertex 3.00736 2.63738 29.99
      vertex 8.26854 7.2512 0
      vertex 3.17341 2.43505 29.99
    endloop
  endfacet
  facet normal -0.665733 -0.710787 -0.227114
    outer loop
      vertex 7.25127 8.26848 0
      vertex 7.77646 7.77658 0
      vertex 2.63738 3.00736 29.99
    endloop
  endfacet
  facet normal -0.61782 -0.752806 -0.227114
    outer loop
      vertex 7.2512 8.26854 0
      vertex 2.63738 3.00736 29.99
      vertex 2.43505 3.17341 29.99
    endloop
  endfacet
  facet normal -0.63377 -0.739398 -0.227216
    outer loop
      vertex 2.63738 3.00736 29.99
      vertex 7.2512 8.26854 0
      vertex 7.25127 8.26848 0
    endloop
  endfacet
  facet normal -0.567262 -0.791601 -0.227114
    outer loop
      vertex 6.11005 9.14417 0
      vertex 6.69495 8.72503 0
      vertex 2.43505 3.17341 29.99
    endloop
  endfacet
  facet normal -0.459082 -0.858873 -0.227114
    outer loop
      vertex 4.86422 9.86347 0
      vertex 5.49883 9.52426 0
      vertex 2 3.4641 29.99
    endloop
  endfacet
  facet normal -0.514261 -0.827015 -0.227114
    outer loop
      vertex 5.49883 9.52426 0
      vertex 2.22228 3.32588 29.99
      vertex 2 3.4641 29.99
    endloop
  endfacet
  facet normal -0.516153 -0.825845 -0.227079
    outer loop
      vertex 2.22228 3.32588 29.99
      vertex 5.49883 9.52426 0
      vertex 5.49891 9.52421 0
    endloop
  endfacet
  facet normal -0.401932 -0.887057 -0.227114
    outer loop
      vertex 4.86406 9.86354 0
      vertex 1.76915 3.58749 29.99
      vertex 1.53073 3.69552 29.99
    endloop
  endfacet
  facet normal -0.342025 -0.912068 -0.226166
    outer loop
      vertex 1.76915 3.58749 29.99
      vertex 4.86406 9.86354 0
      vertex 4.86414 9.86351 0
    endloop
  endfacet
  facet normal 0.401904 -0.887069 -0.227114
    outer loop
      vertex -4.20862 10.1605 0
      vertex -1.53073 3.69552 29.99
      vertex -4.86406 9.86354 0
    endloop
  endfacet
  facet normal 0.435492 -0.870985 -0.227446
    outer loop
      vertex -4.86414 9.86351 0
      vertex -2 3.4641 29.99
      vertex -4.86422 9.86347 0
    endloop
  endfacet
  facet normal 0.459073 -0.858878 -0.227114
    outer loop
      vertex -2 3.4641 29.99
      vertex -4.86414 9.86351 0
      vertex -1.76915 3.58749 29.99
    endloop
  endfacet
  facet normal 0.514261 -0.827016 -0.227114
    outer loop
      vertex -5.49891 9.52421 0
      vertex -2.22228 3.32588 29.99
      vertex -6.10998 9.14423 0
    endloop
  endfacet
  facet normal 0.0319398 -0.973344 -0.227115
    outer loop
      vertex 0 10.9977 0
      vertex 0 4 29.99
      vertex -0.719194 10.9741 0
    endloop
  endfacet
  facet normal 0.158617 -0.960864 -0.227115
    outer loop
      vertex -1.43548 10.9036 0
      vertex -0.522104 3.96578 29.99
      vertex -2.14545 10.7864 0
    endloop
  endfacet
  facet normal 0.0954144 -0.969183 -0.227115
    outer loop
      vertex -0.719368 10.9741 0
      vertex -0.522104 3.96578 29.99
      vertex -1.43548 10.9036 0
    endloop
  endfacet
  facet normal -0.0954697 -0.969178 -0.227113
    outer loop
      vertex 0.719281 10.9741 0
      vertex 0.522104 3.96578 29.99
      vertex 0.261612 3.99144 29.99
    endloop
  endfacet
  facet normal 0 -0.973765 -0.227558
    outer loop
      vertex 0.522104 3.96578 29.99
      vertex 0.719281 10.9741 0
      vertex 0.719368 10.9741 0
    endloop
  endfacet
  facet normal -0.0318481 -0.973347 -0.227113
    outer loop
      vertex 0.719194 10.9741 0
      vertex 0.261612 3.99144 29.99
      vertex 0 4 29.99
    endloop
  endfacet
  facet normal 0 -0.973949 -0.226767
    outer loop
      vertex 0.261612 3.99144 29.99
      vertex 0.719194 10.9741 0
      vertex 0.719281 10.9741 0
    endloop
  endfacet
  facet normal 0.931928 -0.282718 -0.227113
    outer loop
      vertex -10.414 3.535 0
      vertex -3.8637 1.03528 29.99
      vertex -10.6229 2.8464 0
    endloop
  endfacet
  facet normal 0.973949 0 -0.226767
    outer loop
      vertex -3.99144 0.261612 29.99
      vertex -10.9741 0.719194 0
      vertex -10.9741 0.719281 0
    endloop
  endfacet
  facet normal 0.973347 -0.0318481 -0.227113
    outer loop
      vertex -10.9741 0.719194 0
      vertex -3.99144 0.261612 29.99
      vertex -4 0 29.99
    endloop
  endfacet
  facet normal 0 0 -1
    outer loop
      vertex 3.99144 -0.261612 29.99
      vertex 3.99144 0.261612 29.99
      vertex 4 0 29.99
    endloop
  endfacet
  facet normal 0 0 -1
    outer loop
      vertex 3.96578 -0.522104 29.99
      vertex 3.99144 0.261612 29.99
      vertex 3.99144 -0.261612 29.99
    endloop
  endfacet
  facet normal 0 0 -1
    outer loop
      vertex 3.96578 -0.522104 29.99
      vertex 3.96578 0.522104 29.99
      vertex 3.99144 0.261612 29.99
    endloop
  endfacet
  facet normal 0 0 -1
    outer loop
      vertex 3.92314 -0.780361 29.99
      vertex 3.96578 0.522104 29.99
      vertex 3.96578 -0.522104 29.99
    endloop
  endfacet
  facet normal 0 0 -1
    outer loop
      vertex 3.92314 -0.780361 29.99
      vertex 3.92314 0.780361 29.99
      vertex 3.96578 0.522104 29.99
    endloop
  endfacet
  facet normal 0 0 -1
    outer loop
      vertex 3.8637 -1.03528 29.99
      vertex 3.92314 0.780361 29.99
      vertex 3.92314 -0.780361 29.99
    endloop
  endfacet
  facet normal 0 0 -1
    outer loop
      vertex 3.8637 -1.03528 29.99
      vertex 3.8637 1.03528 29.99
      vertex 3.92314 0.780361 29.99
    endloop
  endfacet
  facet normal 0 0 -1
    outer loop
      vertex 3.78772 -1.28576 29.99
      vertex 3.8637 1.03528 29.99
      vertex 3.8637 -1.03528 29.99
    endloop
  endfacet
  facet normal 0 0 -1
    outer loop
      vertex 3.78772 -1.28576 29.99
      vertex 3.78772 1.28576 29.99
      vertex 3.8637 1.03528 29.99
    endloop
  endfacet
  facet normal 0 0 -1
    outer loop
      vertex 3.69552 -1.53073 29.99
      vertex 3.78772 1.28576 29.99
      vertex 3.78772 -1.28576 29.99
    endloop
  endfacet
  facet normal 0 0 -1
    outer loop
      vertex 3.69552 -1.53073 29.99
      vertex 3.69552 1.53073 29.99
      vertex 3.78772 1.28576 29.99
    endloop
  endfacet
  facet normal 0 0 -1
    outer loop
      vertex 3.58749 -1.76915 29.99
      vertex 3.69552 1.53073 29.99
      vertex 3.69552 -1.53073 29.99
    endloop
  endfacet
  facet normal 0 0 -1
    outer loop
      vertex 3.58749 -1.76915 29.99
      vertex 3.58749 1.76915 29.99
      vertex 3.69552 1.53073 29.99
    endloop
  endfacet
  facet normal 0 0 -1
    outer loop
      vertex 3.4641 -2 29.99
      vertex 3.58749 1.76915 29.99
      vertex 3.58749 -1.76915 29.99
    endloop
  endfacet
  facet normal 0 0 -1
    outer loop
      vertex 3.4641 -2 29.99
      vertex 3.4641 2 29.99
      vertex 3.58749 1.76915 29.99
    endloop
  endfacet
  facet normal 0 0 -1
    outer loop
      vertex 3.32588 -2.22228 29.99
      vertex 3.4641 2 29.99
      vertex 3.4641 -2 29.99
    endloop
  endfacet
  facet normal 0 0 -1
    outer loop
      vertex 3.32588 -2.22228 29.99
      vertex 3.32588 2.22228 29.99
      vertex 3.4641 2 29.99
    endloop
  endfacet
  facet normal 0 0 -1
    outer loop
      vertex 3.17341 -2.43505 29.99
      vertex 3.32588 2.22228 29.99
      vertex 3.32588 -2.22228 29.99
    endloop
  endfacet
  facet normal 0 0 -1
    outer loop
      vertex 3.17341 -2.43505 29.99
      vertex 3.17341 2.43505 29.99
      vertex 3.32588 2.22228 29.99
    endloop
  endfacet
  facet normal 0 0 -1
    outer loop
      vertex 3.00736 -2.63738 29.99
      vertex 3.17341 2.43505 29.99
      vertex 3.17341 -2.43505 29.99
    endloop
  endfacet
  facet normal 0 0 -1
    outer loop
      vertex 3.00736 -2.63738 29.99
      vertex 3.00736 2.63738 29.99
      vertex 3.17341 2.43505 29.99
    endloop
  endfacet
  facet normal 0 0 -1
    outer loop
      vertex 2.82843 -2.82843 29.99
      vertex 3.00736 2.63738 29.99
      vertex 3.00736 -2.63738 29.99
    endloop
  endfacet
  facet normal 0 0 -1
    outer loop
      vertex 2.82843 -2.82843 29.99
      vertex 2.82843 2.82843 29.99
      vertex 3.00736 2.63738 29.99
    endloop
  endfacet
  facet normal 0 0 -1
    outer loop
      vertex 2.63738 -3.00736 29.99
      vertex 2.82843 2.82843 29.99
      vertex 2.82843 -2.82843 29.99
    endloop
  endfacet
  facet normal 0 0 -1
    outer loop
      vertex 2.63738 -3.00736 29.99
      vertex 2.63738 3.00736 29.99
      vertex 2.82843 2.82843 29.99
    endloop
  endfacet
  facet normal 0 0 -1
    outer loop
      vertex 2.43505 -3.17341 29.99
      vertex 2.63738 3.00736 29.99
      vertex 2.63738 -3.00736 29.99
    endloop
  endfacet
  facet normal 0 0 -1
    outer loop
      vertex 2.43505 -3.17341 29.99
      vertex 2.43505 3.17341 29.99
      vertex 2.63738 3.00736 29.99
    endloop
  endfacet
  facet normal 0 0 -1
    outer loop
      vertex 2.22228 -3.32588 29.99
      vertex 2.43505 3.17341 29.99
      vertex 2.43505 -3.17341 29.99
    endloop
  endfacet
  facet normal 0 0 -1
    outer loop
      vertex 2.22228 -3.32588 29.99
      vertex 2.22228 3.32588 29.99
      vertex 2.43505 3.17341 29.99
    endloop
  endfacet
  facet normal 0 0 -1
    outer loop
      vertex 2 -3.4641 29.99
      vertex 2.22228 3.32588 29.99
      vertex 2.22228 -3.32588 29.99
    endloop
  endfacet
  facet normal 0 0 -1
    outer loop
      vertex 2 -3.4641 29.99
      vertex 2 3.4641 29.99
      vertex 2.22228 3.32588 29.99
    endloop
  endfacet
  facet normal 0 0 -1
    outer loop
      vertex 1.76915 -3.58749 29.99
      vertex 2 3.4641 29.99
      vertex 2 -3.4641 29.99
    endloop
  endfacet
  facet normal 0 0 -1
    outer loop
      vertex 1.76915 -3.58749 29.99
      vertex 1.76915 3.58749 29.99
      vertex 2 3.4641 29.99
    endloop
  endfacet
  facet normal 0 0 -1
    outer loop
      vertex 1.53073 -3.69552 29.99
      vertex 1.76915 3.58749 29.99
      vertex 1.76915 -3.58749 29.99
    endloop
  endfacet
  facet normal 0 0 -1
    outer loop
      vertex 1.53073 -3.69552 29.99
      vertex 1.53073 3.69552 29.99
      vertex 1.76915 3.58749 29.99
    endloop
  endfacet
  facet normal 0 0 -1
    outer loop
      vertex 1.28576 -3.78772 29.99
      vertex 1.53073 3.69552 29.99
      vertex 1.53073 -3.69552 29.99
    endloop
  endfacet
  facet normal 0 0 -1
    outer loop
      vertex 1.28576 -3.78772 29.99
      vertex 1.28576 3.78772 29.99
      vertex 1.53073 3.69552 29.99
    endloop
  endfacet
  facet normal 0 0 -1
    outer loop
      vertex 1.03528 -3.8637 29.99
      vertex 1.28576 3.78772 29.99
      vertex 1.28576 -3.78772 29.99
    endloop
  endfacet
  facet normal 0 0 -1
    outer loop
      vertex 1.03528 -3.8637 29.99
      vertex 1.03528 3.8637 29.99
      vertex 1.28576 3.78772 29.99
    endloop
  endfacet
  facet normal 0 0 -1
    outer loop
      vertex 0.780361 -3.92314 29.99
      vertex 1.03528 3.8637 29.99
      vertex 1.03528 -3.8637 29.99
    endloop
  endfacet
  facet normal 0 0 -1
    outer loop
      vertex 0.780361 -3.92314 29.99
      vertex 0.780361 3.92314 29.99
      vertex 1.03528 3.8637 29.99
    endloop
  endfacet
  facet normal 0 0 -1
    outer loop
      vertex 0.522104 -3.96578 29.99
      vertex 0.780361 3.92314 29.99
      vertex 0.780361 -3.92314 29.99
    endloop
  endfacet
  facet normal 0 0 -1
    outer loop
      vertex 0.522104 -3.96578 29.99
      vertex 0.522104 3.96578 29.99
      vertex 0.780361 3.92314 29.99
    endloop
  endfacet
  facet normal 0 0 -1
    outer loop
      vertex 0.261612 -3.99144 29.99
      vertex 0.522104 3.96578 29.99
      vertex 0.522104 -3.96578 29.99
    endloop
  endfacet
  facet normal 0 0 -1
    outer loop
      vertex 0.261612 -3.99144 29.99
      vertex 0.261612 3.99144 29.99
      vertex 0.522104 3.96578 29.99
    endloop
  endfacet
  facet normal 0 0 -1
    outer loop
      vertex 0 -4 29.99
      vertex 0.261612 3.99144 29.99
      vertex 0.261612 -3.99144 29.99
    endloop
  endfacet
  facet normal 0 0 -1
    outer loop
      vertex 0 -4 29.99
      vertex 0 4 29.99
      vertex 0.261612 3.99144 29.99
    endloop
  endfacet
  facet normal 0 0 -1
    outer loop
      vertex -0.261612 -3.99144 29.99
      vertex 0 4 29.99
      vertex 0 -4 29.99
    endloop
  endfacet
  facet normal 0 0 -1
    outer loop
      vertex -0.261612 -3.99144 29.99
      vertex -0.261612 3.99144 29.99
      vertex 0 4 29.99
    endloop
  endfacet
  facet normal 0 0 -1
    outer loop
      vertex -0.522104 -3.96578 29.99
      vertex -0.261612 3.99144 29.99
      vertex -0.261612 -3.99144 29.99
    endloop
  endfacet
  facet normal 0 0 -1
    outer loop
      vertex -0.522104 -3.96578 29.99
      vertex -0.522104 3.96578 29.99
      vertex -0.261612 3.99144 29.99
    endloop
  endfacet
  facet normal 0 0 -1
    outer loop
      vertex -0.780361 -3.92314 29.99
      vertex -0.522104 3.96578 29.99
      vertex -0.522104 -3.96578 29.99
    endloop
  endfacet
  facet normal 0 0 -1
    outer loop
      vertex -0.780361 -3.92314 29.99
      vertex -0.780361 3.92314 29.99
      vertex -0.522104 3.96578 29.99
    endloop
  endfacet
  facet normal 0 0 -1
    outer loop
      vertex -1.03528 -3.8637 29.99
      vertex -0.780361 3.92314 29.99
      vertex -0.780361 -3.92314 29.99
    endloop
  endfacet
  facet normal 0 0 -1
    outer loop
      vertex -1.03528 -3.8637 29.99
      vertex -1.03528 3.8637 29.99
      vertex -0.780361 3.92314 29.99
    endloop
  endfacet
  facet normal 0 0 -1
    outer loop
      vertex -1.28576 -3.78772 29.99
      vertex -1.03528 3.8637 29.99
      vertex -1.03528 -3.8637 29.99
    endloop
  endfacet
  facet normal 0 0 -1
    outer loop
      vertex -1.28576 -3.78772 29.99
      vertex -1.28576 3.78772 29.99
      vertex -1.03528 3.8637 29.99
    endloop
  endfacet
  facet normal 0 0 -1
    outer loop
      vertex -1.53073 -3.69552 29.99
      vertex -1.28576 3.78772 29.99
      vertex -1.28576 -3.78772 29.99
    endloop
  endfacet
  facet normal 0 0 -1
    outer loop
      vertex -1.53073 -3.69552 29.99
      vertex -1.53073 3.69552 29.99
      vertex -1.28576 3.78772 29.99
    endloop
  endfacet
  facet normal 0 0 -1
    outer loop
      vertex -1.76915 -3.58749 29.99
      vertex -1.53073 3.69552 29.99
      vertex -1.53073 -3.69552 29.99
    endloop
  endfacet
  facet normal 0 0 -1
    outer loop
      vertex -1.76915 -3.58749 29.99
      vertex -1.76915 3.58749 29.99
      vertex -1.53073 3.69552 29.99
    endloop
  endfacet
  facet normal 0 0 -1
    outer loop
      vertex -2 -3.4641 29.99
      vertex -1.76915 3.58749 29.99
      vertex -1.76915 -3.58749 29.99
    endloop
  endfacet
  facet normal 0 0 -1
    outer loop
      vertex -2 -3.4641 29.99
      vertex -2 3.4641 29.99
      vertex -1.76915 3.58749 29.99
    endloop
  endfacet
  facet normal 0 0 -1
    outer loop
      vertex -2.22228 -3.32588 29.99
      vertex -2 3.4641 29.99
      vertex -2 -3.4641 29.99
    endloop
  endfacet
  facet normal 0 0 -1
    outer loop
      vertex -2.22228 -3.32588 29.99
      vertex -2.22228 3.32588 29.99
      vertex -2 3.4641 29.99
    endloop
  endfacet
  facet normal 0 0 -1
    outer loop
      vertex -2.43505 -3.17341 29.99
      vertex -2.22228 3.32588 29.99
      vertex -2.22228 -3.32588 29.99
    endloop
  endfacet
  facet normal 0 0 -1
    outer loop
      vertex -2.43505 -3.17341 29.99
      vertex -2.43505 3.17341 29.99
      vertex -2.22228 3.32588 29.99
    endloop
  endfacet
  facet normal 0 0 -1
    outer loop
      vertex -2.63738 -3.00736 29.99
      vertex -2.43505 3.17341 29.99
      vertex -2.43505 -3.17341 29.99
    endloop
  endfacet
  facet normal 0 0 -1
    outer loop
      vertex -2.63738 -3.00736 29.99
      vertex -2.63738 3.00736 29.99
      vertex -2.43505 3.17341 29.99
    endloop
  endfacet
  facet normal 0 0 -1
    outer loop
      vertex -2.82843 -2.82843 29.99
      vertex -2.63738 3.00736 29.99
      vertex -2.63738 -3.00736 29.99
    endloop
  endfacet
  facet normal 0 0 -1
    outer loop
      vertex -2.82843 -2.82843 29.99
      vertex -2.82843 2.82843 29.99
      vertex -2.63738 3.00736 29.99
    endloop
  endfacet
  facet normal 0 0 -1
    outer loop
      vertex -3.00736 -2.63738 29.99
      vertex -2.82843 2.82843 29.99
      vertex -2.82843 -2.82843 29.99
    endloop
  endfacet
  facet normal 0 0 -1
    outer loop
      vertex -3.00736 -2.63738 29.99
      vertex -3.00736 2.63738 29.99
      vertex -2.82843 2.82843 29.99
    endloop
  endfacet
  facet normal 0 0 -1
    outer loop
      vertex -3.17341 -2.43505 29.99
      vertex -3.00736 2.63738 29.99
      vertex -3.00736 -2.63738 29.99
    endloop
  endfacet
  facet normal 0 0 -1
    outer loop
      vertex -3.17341 -2.43505 29.99
      vertex -3.17341 2.43505 29.99
      vertex -3.00736 2.63738 29.99
    endloop
  endfacet
  facet normal 0 0 -1
    outer loop
      vertex -3.32588 -2.22228 29.99
      vertex -3.17341 2.43505 29.99
      vertex -3.17341 -2.43505 29.99
    endloop
  endfacet
  facet normal 0 0 -1
    outer loop
      vertex -3.32588 -2.22228 29.99
      vertex -3.32588 2.22228 29.99
      vertex -3.17341 2.43505 29.99
    endloop
  endfacet
  facet normal 0 0 -1
    outer loop
      vertex -3.4641 -2 29.99
      vertex -3.32588 2.22228 29.99
      vertex -3.32588 -2.22228 29.99
    endloop
  endfacet
  facet normal 0 0 -1
    outer loop
      vertex -3.4641 -2 29.99
      vertex -3.4641 2 29.99
      vertex -3.32588 2.22228 29.99
    endloop
  endfacet
  facet normal 0 0 -1
    outer loop
      vertex -3.58749 -1.76915 29.99
      vertex -3.4641 2 29.99
      vertex -3.4641 -2 29.99
    endloop
  endfacet
  facet normal 0 0 -1
    outer loop
      vertex -3.58749 -1.76915 29.99
      vertex -3.58749 1.76915 29.99
      vertex -3.4641 2 29.99
    endloop
  endfacet
  facet normal 0 0 -1
    outer loop
      vertex -3.69552 -1.53073 29.99
      vertex -3.58749 1.76915 29.99
      vertex -3.58749 -1.76915 29.99
    endloop
  endfacet
  facet normal 0 0 -1
    outer loop
      vertex -3.69552 -1.53073 29.99
      vertex -3.69552 1.53073 29.99
      vertex -3.58749 1.76915 29.99
    endloop
  endfacet
  facet normal 0 0 -1
    outer loop
      vertex -3.78772 -1.28576 29.99
      vertex -3.69552 1.53073 29.99
      vertex -3.69552 -1.53073 29.99
    endloop
  endfacet
  facet normal 0 0 -1
    outer loop
      vertex -3.78772 -1.28576 29.99
      vertex -3.78772 1.28576 29.99
      vertex -3.69552 1.53073 29.99
    endloop
  endfacet
  facet normal 0 0 -1
    outer loop
      vertex -3.8637 -1.03528 29.99
      vertex -3.78772 1.28576 29.99
      vertex -3.78772 -1.28576 29.99
    endloop
  endfacet
  facet normal 0 0 -1
    outer loop
      vertex -3.8637 -1.03528 29.99
      vertex -3.8637 1.03528 29.99
      vertex -3.78772 1.28576 29.99
    endloop
  endfacet
  facet normal 0 0 -1
    outer loop
      vertex -3.92314 -0.780361 29.99
      vertex -3.8637 1.03528 29.99
      vertex -3.8637 -1.03528 29.99
    endloop
  endfacet
  facet normal 0 0 -1
    outer loop
      vertex -3.92314 -0.780361 29.99
      vertex -3.92314 0.780361 29.99
      vertex -3.8637 1.03528 29.99
    endloop
  endfacet
  facet normal 0 0 -1
    outer loop
      vertex -3.96578 -0.522104 29.99
      vertex -3.92314 0.780361 29.99
      vertex -3.92314 -0.780361 29.99
    endloop
  endfacet
  facet normal 0 0 -1
    outer loop
      vertex -3.96578 -0.522104 29.99
      vertex -3.96578 0.522104 29.99
      vertex -3.92314 0.780361 29.99
    endloop
  endfacet
  facet normal 0 0 -1
    outer loop
      vertex -3.99144 -0.261612 29.99
      vertex -3.96578 0.522104 29.99
      vertex -3.96578 -0.522104 29.99
    endloop
  endfacet
  facet normal 0 0 -1
    outer loop
      vertex -3.99144 -0.261612 29.99
      vertex -3.99144 0.261612 29.99
      vertex -3.96578 0.522104 29.99
    endloop
  endfacet
  facet normal 0 -0 -1
    outer loop
      vertex -3.99144 0.261612 29.99
      vertex -3.99144 -0.261612 29.99
      vertex -4 0 29.99
    endloop
  endfacet
  facet normal 0.739398 -0.63377 -0.227216
    outer loop
      vertex -3.00736 2.63738 29.99
      vertex -8.26854 7.2512 0
      vertex -8.26848 7.25127 0
    endloop
  endfacet
  facet normal 0.752806 -0.61782 -0.227114
    outer loop
      vertex -8.26854 7.2512 0
      vertex -3.00736 2.63738 29.99
      vertex -3.17341 2.43505 29.99
    endloop
  endfacet
  facet normal 0.912068 -0.342025 -0.226166
    outer loop
      vertex -3.58749 1.76915 29.99
      vertex -9.86354 4.86406 0
      vertex -9.86351 4.86414 0
    endloop
  endfacet
  facet normal 0.887057 -0.401932 -0.227114
    outer loop
      vertex -9.86354 4.86406 0
      vertex -3.58749 1.76915 29.99
      vertex -3.69552 1.53073 29.99
    endloop
  endfacet
  facet normal 0.870985 -0.435492 -0.227446
    outer loop
      vertex -3.4641 2 29.99
      vertex -9.86351 4.86414 0
      vertex -9.86347 4.86422 0
    endloop
  endfacet
  facet normal 0.858878 -0.459073 -0.227114
    outer loop
      vertex -9.86351 4.86414 0
      vertex -3.4641 2 29.99
      vertex -3.58749 1.76915 29.99
    endloop
  endfacet
  facet normal 0.973344 0.0319398 -0.227115
    outer loop
      vertex -4 0 29.99
      vertex -10.9741 -0.719194 0
      vertex -10.9977 0 0
    endloop
  endfacet
  facet normal 0.969178 0.0954697 -0.227113
    outer loop
      vertex -3.96578 -0.522104 29.99
      vertex -10.9741 -0.719281 0
      vertex -3.99144 -0.261612 29.99
    endloop
  endfacet
  facet normal 0.973765 0 -0.227558
    outer loop
      vertex -10.9741 -0.719281 0
      vertex -3.96578 -0.522104 29.99
      vertex -10.9741 -0.719368 0
    endloop
  endfacet
  facet normal 0.710806 0.665713 -0.227114
    outer loop
      vertex -2.82843 -2.82843 29.99
      vertex -7.77658 -7.77646 0
      vertex -3.00736 -2.63738 29.99
    endloop
  endfacet
  facet normal 0.68861 0.68861 -0.227229
    outer loop
      vertex -7.77658 -7.77646 0
      vertex -2.82843 -2.82843 29.99
      vertex -7.77652 -7.77652 0
    endloop
  endfacet
  facet normal 0.459082 0.858873 -0.227114
    outer loop
      vertex -2 -3.4641 29.99
      vertex -4.86422 -9.86347 0
      vertex -5.49883 -9.52426 0
    endloop
  endfacet
  facet normal 0.401904 0.887069 -0.227114
    outer loop
      vertex -1.53073 -3.69552 29.99
      vertex -4.20862 -10.1605 0
      vertex -4.86406 -9.86354 0
    endloop
  endfacet
  facet normal 0.282718 0.931928 -0.227113
    outer loop
      vertex -1.03528 -3.8637 29.99
      vertex -2.8464 -10.6229 0
      vertex -3.535 -10.414 0
    endloop
  endfacet
  facet normal 0.61782 0.752806 -0.227114
    outer loop
      vertex -7.2512 -8.26854 0
      vertex -2.63738 -3.00736 29.99
      vertex -2.43505 -3.17341 29.99
    endloop
  endfacet
  facet normal 0.63377 0.739398 -0.227216
    outer loop
      vertex -2.63738 -3.00736 29.99
      vertex -7.2512 -8.26854 0
      vertex -7.25127 -8.26848 0
    endloop
  endfacet
  facet normal -0.975813 0 -0.218606
    outer loop
      vertex 10.414 3.53508 0
      vertex 3.69552 1.53073 29.99
      vertex 10.414 3.53517 0
    endloop
  endfacet
  facet normal -0.911449 -0.343045 -0.227114
    outer loop
      vertex 3.69552 1.53073 29.99
      vertex 10.414 3.53508 0
      vertex 3.78772 1.28576 29.99
    endloop
  endfacet
  facet normal -0.911435 -0.343082 -0.227114
    outer loop
      vertex 10.1605 4.20862 0
      vertex 10.414 3.53517 0
      vertex 3.69552 1.53073 29.99
    endloop
  endfacet
  facet normal -0.973949 0 -0.226767
    outer loop
      vertex 10.9741 0.719194 0
      vertex 3.99144 0.261612 29.99
      vertex 10.9741 0.719281 0
    endloop
  endfacet
  facet normal -0.973347 -0.0318481 -0.227113
    outer loop
      vertex 3.99144 0.261612 29.99
      vertex 10.9741 0.719194 0
      vertex 4 0 29.99
    endloop
  endfacet
  facet normal -0.973765 0 -0.227558
    outer loop
      vertex 10.9741 0.719281 0
      vertex 3.96578 0.522104 29.99
      vertex 10.9741 0.719368 0
    endloop
  endfacet
  facet normal -0.969178 -0.0954697 -0.227113
    outer loop
      vertex 3.96578 0.522104 29.99
      vertex 10.9741 0.719281 0
      vertex 3.99144 0.261612 29.99
    endloop
  endfacet
  facet normal 0.0319398 0.973344 -0.227115
    outer loop
      vertex 0 -4 29.99
      vertex 0 -10.9977 0
      vertex -0.719194 -10.9741 0
    endloop
  endfacet
  facet normal 0.158644 0.960859 -0.227115
    outer loop
      vertex -2.14545 -10.7864 0
      vertex -0.780361 -3.92314 29.99
      vertex -0.522104 -3.96578 29.99
    endloop
  endfacet
  facet normal 0.730639 0.657575 -0.183744
    outer loop
      vertex -0.780361 -3.92314 29.99
      vertex -2.14545 -10.7864 0
      vertex -2.14554 -10.7863 0
    endloop
  endfacet
  facet normal 0.158617 0.960864 -0.227115
    outer loop
      vertex -0.522104 -3.96578 29.99
      vertex -1.43548 -10.9036 0
      vertex -2.14545 -10.7864 0
    endloop
  endfacet
  facet normal -0.0954144 0.969183 -0.227115
    outer loop
      vertex 1.43548 -10.9036 0
      vertex 0.719368 -10.9741 0
      vertex 0.522104 -3.96578 29.99
    endloop
  endfacet
  facet normal 0 0.973949 -0.226767
    outer loop
      vertex 0.719194 -10.9741 0
      vertex 0.261612 -3.99144 29.99
      vertex 0.719281 -10.9741 0
    endloop
  endfacet
  facet normal -0.0318481 0.973347 -0.227113
    outer loop
      vertex 0.261612 -3.99144 29.99
      vertex 0.719194 -10.9741 0
      vertex 0 -4 29.99
    endloop
  endfacet
  facet normal 0 0.975813 -0.218606
    outer loop
      vertex 3.53508 -10.414 0
      vertex 1.53073 -3.69552 29.99
      vertex 3.53517 -10.414 0
    endloop
  endfacet
  facet normal -0.343045 0.911449 -0.227114
    outer loop
      vertex 1.53073 -3.69552 29.99
      vertex 3.53508 -10.414 0
      vertex 1.28576 -3.78772 29.99
    endloop
  endfacet
  facet normal -0.514261 0.827016 -0.227114
    outer loop
      vertex 6.10998 -9.14423 0
      vertex 5.49891 -9.52421 0
      vertex 2.22228 -3.32588 29.99
    endloop
  endfacet
  facet normal -0.634106 0.73979 -0.22499
    outer loop
      vertex 6.10998 -9.14423 0
      vertex 2.43505 -3.17341 29.99
      vertex 6.11005 -9.14417 0
    endloop
  endfacet
  facet normal -0.567259 0.791603 -0.227114
    outer loop
      vertex 2.43505 -3.17341 29.99
      vertex 6.10998 -9.14423 0
      vertex 2.22228 -3.32588 29.99
    endloop
  endfacet
  facet normal -0.342025 0.912068 -0.226166
    outer loop
      vertex 4.86406 -9.86354 0
      vertex 1.76915 -3.58749 29.99
      vertex 4.86414 -9.86351 0
    endloop
  endfacet
  facet normal -0.401932 0.887057 -0.227114
    outer loop
      vertex 1.76915 -3.58749 29.99
      vertex 4.86406 -9.86354 0
      vertex 1.53073 -3.69552 29.99
    endloop
  endfacet
  facet normal -0.435492 0.870985 -0.227446
    outer loop
      vertex 4.86414 -9.86351 0
      vertex 2 -3.4641 29.99
      vertex 4.86422 -9.86347 0
    endloop
  endfacet
  facet normal -0.459073 0.858878 -0.227114
    outer loop
      vertex 2 -3.4641 29.99
      vertex 4.86414 -9.86351 0
      vertex 1.76915 -3.58749 29.99
    endloop
  endfacet
  facet normal -0.567262 0.791601 -0.227114
    outer loop
      vertex 6.69495 -8.72503 0
      vertex 6.11005 -9.14417 0
      vertex 2.43505 -3.17341 29.99
    endloop
  endfacet
  facet normal -0.948426 0.221147 -0.227116
    outer loop
      vertex 10.623 -2.84632 0
      vertex 3.8637 -1.03528 29.99
      vertex 3.92314 -0.780361 29.99
    endloop
  endfacet
  facet normal -0.613945 0.767431 -0.184718
    outer loop
      vertex 3.8637 -1.03528 29.99
      vertex 10.623 -2.84632 0
      vertex 10.6229 -2.8464 0
    endloop
  endfacet
  facet normal -0.973347 0.0318481 -0.227113
    outer loop
      vertex 10.9741 -0.719194 0
      vertex 3.99144 -0.261612 29.99
      vertex 4 0 29.99
    endloop
  endfacet
  facet normal -0.973949 0 -0.226767
    outer loop
      vertex 3.99144 -0.261612 29.99
      vertex 10.9741 -0.719194 0
      vertex 10.9741 -0.719281 0
    endloop
  endfacet
  facet normal -0.911435 0.343082 -0.227114
    outer loop
      vertex 10.414 -3.53517 0
      vertex 10.1605 -4.20862 0
      vertex 3.69552 -1.53073 29.99
    endloop
  endfacet
  facet normal -0.858878 0.459073 -0.227114
    outer loop
      vertex 9.86351 -4.86414 0
      vertex 3.4641 -2 29.99
      vertex 3.58749 -1.76915 29.99
    endloop
  endfacet
  facet normal -0.870985 0.435492 -0.227446
    outer loop
      vertex 3.4641 -2 29.99
      vertex 9.86351 -4.86414 0
      vertex 9.86347 -4.86422 0
    endloop
  endfacet
  facet normal -0.887057 0.401932 -0.227114
    outer loop
      vertex 9.86354 -4.86406 0
      vertex 3.58749 -1.76915 29.99
      vertex 3.69552 -1.53073 29.99
    endloop
  endfacet
  facet normal -0.912068 0.342025 -0.226166
    outer loop
      vertex 3.58749 -1.76915 29.99
      vertex 9.86354 -4.86406 0
      vertex 9.86351 -4.86414 0
    endloop
  endfacet
  facet normal -0.68861 0.68861 -0.227229
    outer loop
      vertex 7.77646 -7.77658 0
      vertex 2.82843 -2.82843 29.99
      vertex 7.77652 -7.77652 0
    endloop
  endfacet
  facet normal -0.665713 0.710806 -0.227114
    outer loop
      vertex 2.82843 -2.82843 29.99
      vertex 7.77646 -7.77658 0
      vertex 2.63738 -3.00736 29.99
    endloop
  endfacet
  facet normal -0.791601 0.567262 -0.227114
    outer loop
      vertex 9.14417 -6.11005 0
      vertex 8.72503 -6.69495 0
      vertex 3.17341 -2.43505 29.99
    endloop
  endfacet
  facet normal -0.752819 0.617805 -0.227114
    outer loop
      vertex 8.72503 -6.69495 0
      vertex 8.26854 -7.2512 0
      vertex 3.17341 -2.43505 29.99
    endloop
  endfacet
  facet normal -0.343045 -0.911449 -0.227114
    outer loop
      vertex 3.53508 10.414 0
      vertex 1.53073 3.69552 29.99
      vertex 1.28576 3.78772 29.99
    endloop
  endfacet
  facet normal 0 -0.975813 -0.218606
    outer loop
      vertex 1.53073 3.69552 29.99
      vertex 3.53508 10.414 0
      vertex 3.53517 10.414 0
    endloop
  endfacet
  facet normal -0.282691 -0.931936 -0.227113
    outer loop
      vertex 3.535 10.414 0
      vertex 1.28576 3.78772 29.99
      vertex 1.03528 3.8637 29.99
    endloop
  endfacet
  facet normal 0 -0.976449 -0.215746
    outer loop
      vertex 1.28576 3.78772 29.99
      vertex 3.535 10.414 0
      vertex 3.53508 10.414 0
    endloop
  endfacet
  facet normal -0 -0.975813 -0.218606
    outer loop
      vertex -3.53508 10.414 0
      vertex -1.53073 3.69552 29.99
      vertex -3.53517 10.414 0
    endloop
  endfacet
  facet normal 0.343045 -0.911449 -0.227114
    outer loop
      vertex -1.53073 3.69552 29.99
      vertex -3.53508 10.414 0
      vertex -1.28576 3.78772 29.99
    endloop
  endfacet
  facet normal 0.634106 -0.73979 -0.22499
    outer loop
      vertex -6.10998 9.14423 0
      vertex -2.43505 3.17341 29.99
      vertex -6.11005 9.14417 0
    endloop
  endfacet
  facet normal 0.567259 -0.791603 -0.227114
    outer loop
      vertex -2.43505 3.17341 29.99
      vertex -6.10998 9.14423 0
      vertex -2.22228 3.32588 29.99
    endloop
  endfacet
  facet normal 0.459082 -0.858873 -0.227114
    outer loop
      vertex -4.86422 9.86347 0
      vertex -2 3.4641 29.99
      vertex -5.49883 9.52426 0
    endloop
  endfacet
  facet normal 0.567262 -0.791601 -0.227114
    outer loop
      vertex -6.11005 9.14417 0
      vertex -2.43505 3.17341 29.99
      vertex -6.69495 8.72503 0
    endloop
  endfacet
  facet normal -0 -0.973949 -0.226767
    outer loop
      vertex -0.719194 10.9741 0
      vertex -0.261612 3.99144 29.99
      vertex -0.719281 10.9741 0
    endloop
  endfacet
  facet normal 0.0318481 -0.973347 -0.227113
    outer loop
      vertex -0.261612 3.99144 29.99
      vertex -0.719194 10.9741 0
      vertex 0 4 29.99
    endloop
  endfacet
  facet normal -0 -0.973765 -0.227558
    outer loop
      vertex -0.719281 10.9741 0
      vertex -0.522104 3.96578 29.99
      vertex -0.719368 10.9741 0
    endloop
  endfacet
  facet normal 0.0954697 -0.969178 -0.227113
    outer loop
      vertex -0.522104 3.96578 29.99
      vertex -0.719281 10.9741 0
      vertex -0.261612 3.99144 29.99
    endloop
  endfacet
  facet normal 0.657575 -0.730639 -0.183744
    outer loop
      vertex -3.92314 0.780361 29.99
      vertex -10.7864 2.14545 0
      vertex -10.7863 2.14554 0
    endloop
  endfacet
  facet normal 0.960859 -0.158644 -0.227115
    outer loop
      vertex -10.7864 2.14545 0
      vertex -3.92314 0.780361 29.99
      vertex -3.96578 0.522104 29.99
    endloop
  endfacet
  facet normal 0.975813 0 -0.218606
    outer loop
      vertex -3.69552 1.53073 29.99
      vertex -10.414 3.53508 0
      vertex -10.414 3.53517 0
    endloop
  endfacet
  facet normal 0.911449 -0.343045 -0.227114
    outer loop
      vertex -10.414 3.53508 0
      vertex -3.69552 1.53073 29.99
      vertex -3.78772 1.28576 29.99
    endloop
  endfacet
  facet normal 0.976449 0 -0.215746
    outer loop
      vertex -3.78772 1.28576 29.99
      vertex -10.414 3.535 0
      vertex -10.414 3.53508 0
    endloop
  endfacet
  facet normal 0.931936 -0.282691 -0.227113
    outer loop
      vertex -10.414 3.535 0
      vertex -3.78772 1.28576 29.99
      vertex -3.8637 1.03528 29.99
    endloop
  endfacet
  facet normal 0.825845 -0.516153 -0.227079
    outer loop
      vertex -3.32588 2.22228 29.99
      vertex -9.52426 5.49883 0
      vertex -9.52421 5.49891 0
    endloop
  endfacet
  facet normal 0.827015 -0.514261 -0.227114
    outer loop
      vertex -9.52426 5.49883 0
      vertex -3.32588 2.22228 29.99
      vertex -3.4641 2 29.99
    endloop
  endfacet
  facet normal 0.911449 0.343045 -0.227114
    outer loop
      vertex -3.69552 -1.53073 29.99
      vertex -10.414 -3.53508 0
      vertex -3.78772 -1.28576 29.99
    endloop
  endfacet
  facet normal 0.975813 0 -0.218606
    outer loop
      vertex -10.414 -3.53508 0
      vertex -3.69552 -1.53073 29.99
      vertex -10.414 -3.53517 0
    endloop
  endfacet
  facet normal 0.931928 0.282718 -0.227113
    outer loop
      vertex -3.8637 -1.03528 29.99
      vertex -10.414 -3.535 0
      vertex -10.6229 -2.8464 0
    endloop
  endfacet
  facet normal 0.911435 0.343082 -0.227114
    outer loop
      vertex -3.69552 -1.53073 29.99
      vertex -10.1605 -4.20862 0
      vertex -10.414 -3.53517 0
    endloop
  endfacet
  facet normal 0.887069 0.401904 -0.227114
    outer loop
      vertex -3.69552 -1.53073 29.99
      vertex -9.86354 -4.86406 0
      vertex -10.1605 -4.20862 0
    endloop
  endfacet
  facet normal 0.858873 0.459082 -0.227114
    outer loop
      vertex -3.4641 -2 29.99
      vertex -9.52426 -5.49883 0
      vertex -9.86347 -4.86422 0
    endloop
  endfacet
  facet normal 0.960859 0.158644 -0.227115
    outer loop
      vertex -3.92314 -0.780361 29.99
      vertex -10.7864 -2.14545 0
      vertex -3.96578 -0.522104 29.99
    endloop
  endfacet
  facet normal 0.657575 0.730639 -0.183744
    outer loop
      vertex -10.7864 -2.14545 0
      vertex -3.92314 -0.780361 29.99
      vertex -10.7863 -2.14554 0
    endloop
  endfacet
  facet normal 0.948457 0.221015 -0.227114
    outer loop
      vertex -3.92314 -0.780361 29.99
      vertex -10.623 -2.84632 0
      vertex -10.7863 -2.14554 0
    endloop
  endfacet
  facet normal 0.973347 0.0318481 -0.227113
    outer loop
      vertex -3.99144 -0.261612 29.99
      vertex -10.9741 -0.719194 0
      vertex -4 0 29.99
    endloop
  endfacet
  facet normal 0.973949 0 -0.226767
    outer loop
      vertex -10.9741 -0.719194 0
      vertex -3.99144 -0.261612 29.99
      vertex -10.9741 -0.719281 0
    endloop
  endfacet
  facet normal 0.752806 0.61782 -0.227114
    outer loop
      vertex -3.00736 -2.63738 29.99
      vertex -8.26854 -7.2512 0
      vertex -3.17341 -2.43505 29.99
    endloop
  endfacet
  facet normal 0.739398 0.63377 -0.227216
    outer loop
      vertex -8.26854 -7.2512 0
      vertex -3.00736 -2.63738 29.99
      vertex -8.26848 -7.25127 0
    endloop
  endfacet
  facet normal 0.514261 0.827016 -0.227114
    outer loop
      vertex -2.22228 -3.32588 29.99
      vertex -5.49891 -9.52421 0
      vertex -6.10998 -9.14423 0
    endloop
  endfacet
  facet normal 0.343045 0.911449 -0.227114
    outer loop
      vertex -3.53508 -10.414 0
      vertex -1.53073 -3.69552 29.99
      vertex -1.28576 -3.78772 29.99
    endloop
  endfacet
  facet normal 0 0.975813 -0.218606
    outer loop
      vertex -1.53073 -3.69552 29.99
      vertex -3.53508 -10.414 0
      vertex -3.53517 -10.414 0
    endloop
  endfacet
  facet normal 0.459073 0.858878 -0.227114
    outer loop
      vertex -4.86414 -9.86351 0
      vertex -2 -3.4641 29.99
      vertex -1.76915 -3.58749 29.99
    endloop
  endfacet
  facet normal 0.435492 0.870985 -0.227446
    outer loop
      vertex -2 -3.4641 29.99
      vertex -4.86414 -9.86351 0
      vertex -4.86422 -9.86347 0
    endloop
  endfacet
  facet normal 0.343082 0.911435 -0.227114
    outer loop
      vertex -1.53073 -3.69552 29.99
      vertex -3.53517 -10.414 0
      vertex -4.20862 -10.1605 0
    endloop
  endfacet
  facet normal 0.567262 0.791601 -0.227114
    outer loop
      vertex -2.43505 -3.17341 29.99
      vertex -6.11005 -9.14417 0
      vertex -6.69495 -8.72503 0
    endloop
  endfacet
  facet normal 0.617805 0.752819 -0.227114
    outer loop
      vertex -2.43505 -3.17341 29.99
      vertex -6.69495 -8.72503 0
      vertex -7.2512 -8.26854 0
    endloop
  endfacet
  facet normal 0.514261 0.827015 -0.227114
    outer loop
      vertex -5.49883 -9.52426 0
      vertex -2.22228 -3.32588 29.99
      vertex -2 -3.4641 29.99
    endloop
  endfacet
  facet normal 0.516153 0.825845 -0.227079
    outer loop
      vertex -2.22228 -3.32588 29.99
      vertex -5.49883 -9.52426 0
      vertex -5.49891 -9.52421 0
    endloop
  endfacet
  facet normal 0.665713 0.710806 -0.227114
    outer loop
      vertex -7.77646 -7.77658 0
      vertex -2.82843 -2.82843 29.99
      vertex -2.63738 -3.00736 29.99
    endloop
  endfacet
  facet normal 0.68861 0.68861 -0.227229
    outer loop
      vertex -2.82843 -2.82843 29.99
      vertex -7.77646 -7.77658 0
      vertex -7.77652 -7.77652 0
    endloop
  endfacet
  facet normal 0.665733 0.710787 -0.227114
    outer loop
      vertex -2.63738 -3.00736 29.99
      vertex -7.25127 -8.26848 0
      vertex -7.77646 -7.77658 0
    endloop
  endfacet
  facet normal 0.0954697 0.969178 -0.227113
    outer loop
      vertex -0.719281 -10.9741 0
      vertex -0.522104 -3.96578 29.99
      vertex -0.261612 -3.99144 29.99
    endloop
  endfacet
  facet normal 0 0.973765 -0.227558
    outer loop
      vertex -0.522104 -3.96578 29.99
      vertex -0.719281 -10.9741 0
      vertex -0.719368 -10.9741 0
    endloop
  endfacet
  facet normal 0.0318481 0.973347 -0.227113
    outer loop
      vertex -0.719194 -10.9741 0
      vertex -0.261612 -3.99144 29.99
      vertex 0 -4 29.99
    endloop
  endfacet
  facet normal 0 0.973949 -0.226767
    outer loop
      vertex -0.261612 -3.99144 29.99
      vertex -0.719194 -10.9741 0
      vertex -0.719281 -10.9741 0
    endloop
  endfacet
  facet normal 0 0.973765 -0.227558
    outer loop
      vertex 0.719281 -10.9741 0
      vertex 0.522104 -3.96578 29.99
      vertex 0.719368 -10.9741 0
    endloop
  endfacet
  facet normal -0.0954697 0.969178 -0.227113
    outer loop
      vertex 0.522104 -3.96578 29.99
      vertex 0.719281 -10.9741 0
      vertex 0.261612 -3.99144 29.99
    endloop
  endfacet
  facet normal 0 0.976449 -0.215746
    outer loop
      vertex 3.535 -10.414 0
      vertex 1.28576 -3.78772 29.99
      vertex 3.53508 -10.414 0
    endloop
  endfacet
  facet normal -0.282691 0.931936 -0.227113
    outer loop
      vertex 1.28576 -3.78772 29.99
      vertex 3.535 -10.414 0
      vertex 1.03528 -3.8637 29.99
    endloop
  endfacet
  facet normal -0.931936 0.282691 -0.227113
    outer loop
      vertex 10.414 -3.535 0
      vertex 3.78772 -1.28576 29.99
      vertex 3.8637 -1.03528 29.99
    endloop
  endfacet
  facet normal -0.976449 0 -0.215746
    outer loop
      vertex 3.78772 -1.28576 29.99
      vertex 10.414 -3.535 0
      vertex 10.414 -3.53508 0
    endloop
  endfacet
  facet normal -0.63377 0.739398 -0.227216
    outer loop
      vertex 7.2512 -8.26854 0
      vertex 2.63738 -3.00736 29.99
      vertex 7.25127 -8.26848 0
    endloop
  endfacet
  facet normal -0.61782 0.752806 -0.227114
    outer loop
      vertex 2.63738 -3.00736 29.99
      vertex 7.2512 -8.26854 0
      vertex 2.43505 -3.17341 29.99
    endloop
  endfacet
  facet normal -0.827015 0.514261 -0.227114
    outer loop
      vertex 9.52426 -5.49883 0
      vertex 3.32588 -2.22228 29.99
      vertex 3.4641 -2 29.99
    endloop
  endfacet
  facet normal -0.825845 0.516153 -0.227079
    outer loop
      vertex 3.32588 -2.22228 29.99
      vertex 9.52426 -5.49883 0
      vertex 9.52421 -5.49891 0
    endloop
  endfacet
  facet normal 0.342025 -0.912068 -0.226166
    outer loop
      vertex -4.86406 9.86354 0
      vertex -1.76915 3.58749 29.99
      vertex -4.86414 9.86351 0
    endloop
  endfacet
  facet normal 0.401932 -0.887057 -0.227114
    outer loop
      vertex -1.76915 3.58749 29.99
      vertex -4.86406 9.86354 0
      vertex -1.53073 3.69552 29.99
    endloop
  endfacet
  facet normal 0.767431 -0.613945 -0.184718
    outer loop
      vertex -2.84632 10.623 0
      vertex -1.03528 3.8637 29.99
      vertex -2.8464 10.6229 0
    endloop
  endfacet
  facet normal 0.221147 -0.948426 -0.227116
    outer loop
      vertex -1.03528 3.8637 29.99
      vertex -2.84632 10.623 0
      vertex -0.780361 3.92314 29.99
    endloop
  endfacet
  facet normal 0.282718 -0.931928 -0.227113
    outer loop
      vertex -2.8464 10.6229 0
      vertex -1.03528 3.8637 29.99
      vertex -3.535 10.414 0
    endloop
  endfacet
  facet normal 0.617805 -0.752819 -0.227114
    outer loop
      vertex -6.69495 8.72503 0
      vertex -2.43505 3.17341 29.99
      vertex -7.2512 8.26854 0
    endloop
  endfacet
  facet normal 0.63377 -0.739398 -0.227216
    outer loop
      vertex -7.2512 8.26854 0
      vertex -2.63738 3.00736 29.99
      vertex -7.25127 8.26848 0
    endloop
  endfacet
  facet normal 0.61782 -0.752806 -0.227114
    outer loop
      vertex -2.63738 3.00736 29.99
      vertex -7.2512 8.26854 0
      vertex -2.43505 3.17341 29.99
    endloop
  endfacet
  facet normal 0.931936 0.282691 -0.227113
    outer loop
      vertex -3.78772 -1.28576 29.99
      vertex -10.414 -3.535 0
      vertex -3.8637 -1.03528 29.99
    endloop
  endfacet
  facet normal 0.976449 0 -0.215746
    outer loop
      vertex -10.414 -3.535 0
      vertex -3.78772 -1.28576 29.99
      vertex -10.414 -3.53508 0
    endloop
  endfacet
  facet normal 0.887057 0.401932 -0.227114
    outer loop
      vertex -3.58749 -1.76915 29.99
      vertex -9.86354 -4.86406 0
      vertex -3.69552 -1.53073 29.99
    endloop
  endfacet
  facet normal 0.912068 0.342025 -0.226166
    outer loop
      vertex -9.86354 -4.86406 0
      vertex -3.58749 -1.76915 29.99
      vertex -9.86351 -4.86414 0
    endloop
  endfacet
  facet normal 0.858878 0.459073 -0.227114
    outer loop
      vertex -3.4641 -2 29.99
      vertex -9.86351 -4.86414 0
      vertex -3.58749 -1.76915 29.99
    endloop
  endfacet
  facet normal 0.870985 0.435492 -0.227446
    outer loop
      vertex -9.86351 -4.86414 0
      vertex -3.4641 -2 29.99
      vertex -9.86347 -4.86422 0
    endloop
  endfacet
  facet normal 0.827016 0.514261 -0.227114
    outer loop
      vertex -3.32588 -2.22228 29.99
      vertex -9.14423 -6.10998 0
      vertex -9.52421 -5.49891 0
    endloop
  endfacet
  facet normal 0.791603 0.567259 -0.227114
    outer loop
      vertex -3.17341 -2.43505 29.99
      vertex -9.14423 -6.10998 0
      vertex -3.32588 -2.22228 29.99
    endloop
  endfacet
  facet normal 0.73979 0.634106 -0.22499
    outer loop
      vertex -9.14423 -6.10998 0
      vertex -3.17341 -2.43505 29.99
      vertex -9.14417 -6.11005 0
    endloop
  endfacet
  facet normal 0.752819 0.617805 -0.227114
    outer loop
      vertex -3.17341 -2.43505 29.99
      vertex -8.26854 -7.2512 0
      vertex -8.72503 -6.69495 0
    endloop
  endfacet
  facet normal 0.282691 0.931936 -0.227113
    outer loop
      vertex -3.535 -10.414 0
      vertex -1.28576 -3.78772 29.99
      vertex -1.03528 -3.8637 29.99
    endloop
  endfacet
  facet normal 0 0.976449 -0.215746
    outer loop
      vertex -1.28576 -3.78772 29.99
      vertex -3.535 -10.414 0
      vertex -3.53508 -10.414 0
    endloop
  endfacet
  facet normal -0.791603 0.567259 -0.227114
    outer loop
      vertex 9.14423 -6.10998 0
      vertex 3.17341 -2.43505 29.99
      vertex 3.32588 -2.22228 29.99
    endloop
  endfacet
  facet normal -0.73979 0.634106 -0.22499
    outer loop
      vertex 3.17341 -2.43505 29.99
      vertex 9.14423 -6.10998 0
      vertex 9.14417 -6.11005 0
    endloop
  endfacet
  facet normal -0.827016 0.514261 -0.227114
    outer loop
      vertex 9.52421 -5.49891 0
      vertex 9.14423 -6.10998 0
      vertex 3.32588 -2.22228 29.99
    endloop
  endfacet
  facet normal -0 -0.976449 -0.215746
    outer loop
      vertex -3.535 10.414 0
      vertex -1.28576 3.78772 29.99
      vertex -3.53508 10.414 0
    endloop
  endfacet
  facet normal 0.282691 -0.931936 -0.227113
    outer loop
      vertex -1.28576 3.78772 29.99
      vertex -3.535 10.414 0
      vertex -1.03528 3.8637 29.99
    endloop
  endfacet
  facet normal 0.516153 -0.825845 -0.227079
    outer loop
      vertex -5.49883 9.52426 0
      vertex -2.22228 3.32588 29.99
      vertex -5.49891 9.52421 0
    endloop
  endfacet
  facet normal 0.514261 -0.827015 -0.227114
    outer loop
      vertex -2.22228 3.32588 29.99
      vertex -5.49883 9.52426 0
      vertex -2 3.4641 29.99
    endloop
  endfacet
  facet normal -0.999464 -0.0327332 0
    outer loop
      vertex 5 0 35
      vertex 4.98929 0.327015 50
      vertex 4.98929 0.327015 35
    endloop
  endfacet
  facet normal -0.999464 -0.0327332 0
    outer loop
      vertex 4.98929 0.327015 50
      vertex 5 0 35
      vertex 5 0 50
    endloop
  endfacet
  facet normal 0.999464 -0.0327332 0
    outer loop
      vertex -5 0 50
      vertex -4.98929 0.327015 35
      vertex -4.98929 0.327015 50
    endloop
  endfacet
  facet normal 0.999464 -0.0327332 0
    outer loop
      vertex -4.98929 0.327015 35
      vertex -5 0 50
      vertex -5 0 35
    endloop
  endfacet
  facet normal -0.0327332 -0.999464 0
    outer loop
      vertex 0 5 35
      vertex 0.327015 4.98929 50
      vertex 0 5 50
    endloop
  endfacet
  facet normal -0.0327332 -0.999464 -0
    outer loop
      vertex 0.327015 4.98929 50
      vertex 0 5 35
      vertex 0.327015 4.98929 35
    endloop
  endfacet
  facet normal -0.72985 -0.683608 0
    outer loop
      vertex 3.7592 3.29673 35
      vertex 3.53553 3.53553 50
      vertex 3.53553 3.53553 35
    endloop
  endfacet
  facet normal -0.72985 -0.683608 0
    outer loop
      vertex 3.53553 3.53553 50
      vertex 3.7592 3.29673 35
      vertex 3.7592 3.29673 50
    endloop
  endfacet
  facet normal 0.683608 -0.72985 0
    outer loop
      vertex -3.53553 3.53553 35
      vertex -3.29673 3.7592 50
      vertex -3.53553 3.53553 50
    endloop
  endfacet
  facet normal 0.683608 -0.72985 0
    outer loop
      vertex -3.29673 3.7592 50
      vertex -3.53553 3.53553 35
      vertex -3.29673 3.7592 35
    endloop
  endfacet
  facet normal 0.352242 -0.935909 0
    outer loop
      vertex -1.91342 4.6194 35
      vertex -1.6072 4.73465 50
      vertex -1.91342 4.6194 50
    endloop
  endfacet
  facet normal 0.352242 -0.935909 0
    outer loop
      vertex -1.6072 4.73465 50
      vertex -1.91342 4.6194 35
      vertex -1.6072 4.73465 35
    endloop
  endfacet
  facet normal -0.910854 -0.41273 0
    outer loop
      vertex 4.6194 1.91342 35
      vertex 4.48436 2.21144 50
      vertex 4.48436 2.21144 35
    endloop
  endfacet
  facet normal -0.910854 -0.41273 0
    outer loop
      vertex 4.48436 2.21144 50
      vertex 4.6194 1.91342 35
      vertex 4.6194 1.91342 50
    endloop
  endfacet
  facet normal -0.773005 -0.6344 0
    outer loop
      vertex 3.96677 3.04381 35
      vertex 3.7592 3.29673 50
      vertex 3.7592 3.29673 35
    endloop
  endfacet
  facet normal -0.773005 -0.6344 0
    outer loop
      vertex 3.7592 3.29673 50
      vertex 3.96677 3.04381 35
      vertex 3.96677 3.04381 50
    endloop
  endfacet
  facet normal -0.471376 -0.881932 0
    outer loop
      vertex 2.21144 4.48436 35
      vertex 2.5 4.33013 50
      vertex 2.21144 4.48436 50
    endloop
  endfacet
  facet normal -0.471376 -0.881932 -0
    outer loop
      vertex 2.5 4.33013 50
      vertex 2.21144 4.48436 35
      vertex 2.5 4.33013 35
    endloop
  endfacet
  facet normal 0.8492 -0.528072 0
    outer loop
      vertex -4.33013 2.5 50
      vertex -4.15735 2.77785 35
      vertex -4.15735 2.77785 50
    endloop
  endfacet
  facet normal 0.8492 -0.528072 0
    outer loop
      vertex -4.15735 2.77785 35
      vertex -4.33013 2.5 50
      vertex -4.33013 2.5 35
    endloop
  endfacet
  facet normal 0.812853 -0.582469 0
    outer loop
      vertex -4.15735 2.77785 50
      vertex -3.96677 3.04381 35
      vertex -3.96677 3.04381 50
    endloop
  endfacet
  facet normal 0.812853 -0.582469 0
    outer loop
      vertex -3.96677 3.04381 35
      vertex -4.15735 2.77785 50
      vertex -4.15735 2.77785 35
    endloop
  endfacet
  facet normal 0.6344 -0.773005 0
    outer loop
      vertex -3.29673 3.7592 35
      vertex -3.04381 3.96677 50
      vertex -3.29673 3.7592 50
    endloop
  endfacet
  facet normal 0.6344 -0.773005 0
    outer loop
      vertex -3.04381 3.96677 50
      vertex -3.29673 3.7592 35
      vertex -3.04381 3.96677 35
    endloop
  endfacet
  facet normal 0.162872 -0.986647 0
    outer loop
      vertex -0.975451 4.90393 35
      vertex -0.652631 4.95722 50
      vertex -0.975451 4.90393 50
    endloop
  endfacet
  facet normal 0.162872 -0.986647 0
    outer loop
      vertex -0.652631 4.95722 50
      vertex -0.975451 4.90393 35
      vertex -0.652631 4.95722 35
    endloop
  endfacet
  facet normal -0.881932 0.471376 0
    outer loop
      vertex 4.33013 -2.5 35
      vertex 4.48436 -2.21144 50
      vertex 4.48436 -2.21144 35
    endloop
  endfacet
  facet normal -0.881932 0.471376 0
    outer loop
      vertex 4.48436 -2.21144 50
      vertex 4.33013 -2.5 35
      vertex 4.33013 -2.5 50
    endloop
  endfacet
  facet normal -0.227081 0.973876 0
    outer loop
      vertex 1.2941 -4.82963 35
      vertex 0.975451 -4.90393 50
      vertex 1.2941 -4.82963 50
    endloop
  endfacet
  facet normal -0.227081 0.973876 0
    outer loop
      vertex 0.975451 -4.90393 50
      vertex 1.2941 -4.82963 35
      vertex 0.975451 -4.90393 35
    endloop
  endfacet
  facet normal -0.6344 0.773005 0
    outer loop
      vertex 3.29673 -3.7592 35
      vertex 3.04381 -3.96677 50
      vertex 3.29673 -3.7592 50
    endloop
  endfacet
  facet normal -0.6344 0.773005 0
    outer loop
      vertex 3.04381 -3.96677 50
      vertex 3.29673 -3.7592 35
      vertex 3.04381 -3.96677 35
    endloop
  endfacet
  facet normal -0.956939 0.290291 0
    outer loop
      vertex 4.73465 -1.6072 35
      vertex 4.82963 -1.2941 50
      vertex 4.82963 -1.2941 35
    endloop
  endfacet
  facet normal -0.956939 0.290291 0
    outer loop
      vertex 4.82963 -1.2941 50
      vertex 4.73465 -1.6072 35
      vertex 4.73465 -1.6072 50
    endloop
  endfacet
  facet normal 0.352242 0.935909 -0
    outer loop
      vertex -1.6072 -4.73465 35
      vertex -1.91342 -4.6194 50
      vertex -1.6072 -4.73465 50
    endloop
  endfacet
  facet normal 0.352242 0.935909 0
    outer loop
      vertex -1.91342 -4.6194 50
      vertex -1.6072 -4.73465 35
      vertex -1.91342 -4.6194 35
    endloop
  endfacet
  facet normal 0.812853 0.582469 0
    outer loop
      vertex -3.96677 -3.04381 50
      vertex -4.15735 -2.77785 35
      vertex -4.15735 -2.77785 50
    endloop
  endfacet
  facet normal 0.812853 0.582469 0
    outer loop
      vertex -4.15735 -2.77785 35
      vertex -3.96677 -3.04381 50
      vertex -3.96677 -3.04381 35
    endloop
  endfacet
  facet normal -0.995185 -0.098016 0
    outer loop
      vertex 4.98929 0.327015 35
      vertex 4.95722 0.652631 50
      vertex 4.95722 0.652631 35
    endloop
  endfacet
  facet normal -0.995185 -0.098016 0
    outer loop
      vertex 4.95722 0.652631 50
      vertex 4.98929 0.327015 35
      vertex 4.98929 0.327015 50
    endloop
  endfacet
  facet normal -0.956939 -0.290291 0
    outer loop
      vertex 4.82963 1.2941 35
      vertex 4.73465 1.6072 50
      vertex 4.73465 1.6072 35
    endloop
  endfacet
  facet normal -0.956939 -0.290291 0
    outer loop
      vertex 4.73465 1.6072 50
      vertex 4.82963 1.2941 35
      vertex 4.82963 1.2941 50
    endloop
  endfacet
  facet normal -0.8492 -0.528072 0
    outer loop
      vertex 4.33013 2.5 35
      vertex 4.15735 2.77785 50
      vertex 4.15735 2.77785 35
    endloop
  endfacet
  facet normal -0.8492 -0.528072 0
    outer loop
      vertex 4.15735 2.77785 50
      vertex 4.33013 2.5 35
      vertex 4.33013 2.5 50
    endloop
  endfacet
  facet normal -0.881932 -0.471376 0
    outer loop
      vertex 4.48436 2.21144 35
      vertex 4.33013 2.5 50
      vertex 4.33013 2.5 35
    endloop
  endfacet
  facet normal -0.881932 -0.471376 0
    outer loop
      vertex 4.33013 2.5 50
      vertex 4.48436 2.21144 35
      vertex 4.48436 2.21144 50
    endloop
  endfacet
  facet normal -0.227081 -0.973876 0
    outer loop
      vertex 0.975451 4.90393 35
      vertex 1.2941 4.82963 50
      vertex 0.975451 4.90393 50
    endloop
  endfacet
  facet normal -0.227081 -0.973876 -0
    outer loop
      vertex 1.2941 4.82963 50
      vertex 0.975451 4.90393 35
      vertex 1.2941 4.82963 35
    endloop
  endfacet
  facet normal -0.352242 -0.935909 0
    outer loop
      vertex 1.6072 4.73465 35
      vertex 1.91342 4.6194 50
      vertex 1.6072 4.73465 50
    endloop
  endfacet
  facet normal -0.352242 -0.935909 -0
    outer loop
      vertex 1.91342 4.6194 50
      vertex 1.6072 4.73465 35
      vertex 1.91342 4.6194 35
    endloop
  endfacet
  facet normal -0.162872 -0.986647 0
    outer loop
      vertex 0.652631 4.95722 35
      vertex 0.975451 4.90393 50
      vertex 0.652631 4.95722 50
    endloop
  endfacet
  facet normal -0.162872 -0.986647 -0
    outer loop
      vertex 0.975451 4.90393 50
      vertex 0.652631 4.95722 35
      vertex 0.975451 4.90393 35
    endloop
  endfacet
  facet normal -0.582469 -0.812853 0
    outer loop
      vertex 2.77785 4.15735 35
      vertex 3.04381 3.96677 50
      vertex 2.77785 4.15735 50
    endloop
  endfacet
  facet normal -0.582469 -0.812853 -0
    outer loop
      vertex 3.04381 3.96677 50
      vertex 2.77785 4.15735 35
      vertex 3.04381 3.96677 35
    endloop
  endfacet
  facet normal 0.973876 -0.227081 0
    outer loop
      vertex -4.90393 0.975451 50
      vertex -4.82963 1.2941 35
      vertex -4.82963 1.2941 50
    endloop
  endfacet
  facet normal 0.973876 -0.227081 0
    outer loop
      vertex -4.82963 1.2941 35
      vertex -4.90393 0.975451 50
      vertex -4.90393 0.975451 35
    endloop
  endfacet
  facet normal 0.935909 -0.352242 0
    outer loop
      vertex -4.73465 1.6072 50
      vertex -4.6194 1.91342 35
      vertex -4.6194 1.91342 50
    endloop
  endfacet
  facet normal 0.935909 -0.352242 0
    outer loop
      vertex -4.6194 1.91342 35
      vertex -4.73465 1.6072 50
      vertex -4.73465 1.6072 35
    endloop
  endfacet
  facet normal 0.986647 -0.162872 0
    outer loop
      vertex -4.95722 0.652631 50
      vertex -4.90393 0.975451 35
      vertex -4.90393 0.975451 50
    endloop
  endfacet
  facet normal 0.986647 -0.162872 0
    outer loop
      vertex -4.90393 0.975451 35
      vertex -4.95722 0.652631 50
      vertex -4.95722 0.652631 35
    endloop
  endfacet
  facet normal 0.528072 -0.8492 0
    outer loop
      vertex -2.77785 4.15735 35
      vertex -2.5 4.33013 50
      vertex -2.77785 4.15735 50
    endloop
  endfacet
  facet normal 0.528072 -0.8492 0
    outer loop
      vertex -2.5 4.33013 50
      vertex -2.77785 4.15735 35
      vertex -2.5 4.33013 35
    endloop
  endfacet
  facet normal 0.098016 -0.995185 0
    outer loop
      vertex -0.652631 4.95722 35
      vertex -0.327015 4.98929 50
      vertex -0.652631 4.95722 50
    endloop
  endfacet
  facet normal 0.098016 -0.995185 0
    outer loop
      vertex -0.327015 4.98929 50
      vertex -0.652631 4.95722 35
      vertex -0.327015 4.98929 35
    endloop
  endfacet
  facet normal -0.582469 0.812853 0
    outer loop
      vertex 3.04381 -3.96677 35
      vertex 2.77785 -4.15735 50
      vertex 3.04381 -3.96677 50
    endloop
  endfacet
  facet normal -0.582469 0.812853 0
    outer loop
      vertex 2.77785 -4.15735 50
      vertex 3.04381 -3.96677 35
      vertex 2.77785 -4.15735 35
    endloop
  endfacet
  facet normal 0.582469 0.812853 -0
    outer loop
      vertex -2.77785 -4.15735 35
      vertex -3.04381 -3.96677 50
      vertex -2.77785 -4.15735 50
    endloop
  endfacet
  facet normal 0.582469 0.812853 0
    outer loop
      vertex -3.04381 -3.96677 50
      vertex -2.77785 -4.15735 35
      vertex -3.04381 -3.96677 35
    endloop
  endfacet
  facet normal 0.528072 0.8492 -0
    outer loop
      vertex -2.5 -4.33013 35
      vertex -2.77785 -4.15735 50
      vertex -2.5 -4.33013 50
    endloop
  endfacet
  facet normal 0.528072 0.8492 0
    outer loop
      vertex -2.77785 -4.15735 50
      vertex -2.5 -4.33013 35
      vertex -2.77785 -4.15735 35
    endloop
  endfacet
  facet normal 0.162872 0.986647 -0
    outer loop
      vertex -0.652631 -4.95722 35
      vertex -0.975451 -4.90393 50
      vertex -0.652631 -4.95722 50
    endloop
  endfacet
  facet normal 0.162872 0.986647 0
    outer loop
      vertex -0.975451 -4.90393 50
      vertex -0.652631 -4.95722 35
      vertex -0.975451 -4.90393 35
    endloop
  endfacet
  facet normal 0.910854 0.41273 0
    outer loop
      vertex -4.48436 -2.21144 50
      vertex -4.6194 -1.91342 35
      vertex -4.6194 -1.91342 50
    endloop
  endfacet
  facet normal 0.910854 0.41273 0
    outer loop
      vertex -4.6194 -1.91342 35
      vertex -4.48436 -2.21144 50
      vertex -4.48436 -2.21144 35
    endloop
  endfacet
  facet normal 0 0 1
    outer loop
      vertex 4.98929 0.327015 35
      vertex 4.98929 -0.327015 35
      vertex 5 0 35
    endloop
  endfacet
  facet normal 0 0 1
    outer loop
      vertex 4.95722 0.652631 35
      vertex 4.98929 -0.327015 35
      vertex 4.98929 0.327015 35
    endloop
  endfacet
  facet normal 0 0 1
    outer loop
      vertex 4.95722 0.652631 35
      vertex 4.95722 -0.652631 35
      vertex 4.98929 -0.327015 35
    endloop
  endfacet
  facet normal 0 0 1
    outer loop
      vertex 4.90393 0.975451 35
      vertex 4.95722 -0.652631 35
      vertex 4.95722 0.652631 35
    endloop
  endfacet
  facet normal 0 0 1
    outer loop
      vertex 4.90393 0.975451 35
      vertex 4.90393 -0.975451 35
      vertex 4.95722 -0.652631 35
    endloop
  endfacet
  facet normal 0 0 1
    outer loop
      vertex 4.82963 1.2941 35
      vertex 4.90393 -0.975451 35
      vertex 4.90393 0.975451 35
    endloop
  endfacet
  facet normal 0 0 1
    outer loop
      vertex 4.82963 1.2941 35
      vertex 4.82963 -1.2941 35
      vertex 4.90393 -0.975451 35
    endloop
  endfacet
  facet normal 0 0 1
    outer loop
      vertex 4.73465 1.6072 35
      vertex 4.82963 -1.2941 35
      vertex 4.82963 1.2941 35
    endloop
  endfacet
  facet normal 0 0 1
    outer loop
      vertex 4.73465 1.6072 35
      vertex 4.73465 -1.6072 35
      vertex 4.82963 -1.2941 35
    endloop
  endfacet
  facet normal 0 0 1
    outer loop
      vertex 4.6194 1.91342 35
      vertex 4.73465 -1.6072 35
      vertex 4.73465 1.6072 35
    endloop
  endfacet
  facet normal 0 0 1
    outer loop
      vertex 4.6194 1.91342 35
      vertex 4.6194 -1.91342 35
      vertex 4.73465 -1.6072 35
    endloop
  endfacet
  facet normal 0 0 1
    outer loop
      vertex 4.48436 2.21144 35
      vertex 4.6194 -1.91342 35
      vertex 4.6194 1.91342 35
    endloop
  endfacet
  facet normal 0 0 1
    outer loop
      vertex 4.48436 2.21144 35
      vertex 4.48436 -2.21144 35
      vertex 4.6194 -1.91342 35
    endloop
  endfacet
  facet normal 0 0 1
    outer loop
      vertex 4.33013 2.5 35
      vertex 4.48436 -2.21144 35
      vertex 4.48436 2.21144 35
    endloop
  endfacet
  facet normal 0 0 1
    outer loop
      vertex 4.33013 2.5 35
      vertex 4.33013 -2.5 35
      vertex 4.48436 -2.21144 35
    endloop
  endfacet
  facet normal 0 0 1
    outer loop
      vertex 4.15735 2.77785 35
      vertex 4.33013 -2.5 35
      vertex 4.33013 2.5 35
    endloop
  endfacet
  facet normal 0 0 1
    outer loop
      vertex 4.15735 2.77785 35
      vertex 4.15735 -2.77785 35
      vertex 4.33013 -2.5 35
    endloop
  endfacet
  facet normal 0 0 1
    outer loop
      vertex 3.96677 3.04381 35
      vertex 4.15735 -2.77785 35
      vertex 4.15735 2.77785 35
    endloop
  endfacet
  facet normal 0 0 1
    outer loop
      vertex 3.96677 3.04381 35
      vertex 3.96677 -3.04381 35
      vertex 4.15735 -2.77785 35
    endloop
  endfacet
  facet normal 0 0 1
    outer loop
      vertex 3.7592 3.29673 35
      vertex 3.96677 -3.04381 35
      vertex 3.96677 3.04381 35
    endloop
  endfacet
  facet normal 0 0 1
    outer loop
      vertex 3.7592 3.29673 35
      vertex 3.7592 -3.29673 35
      vertex 3.96677 -3.04381 35
    endloop
  endfacet
  facet normal 0 0 1
    outer loop
      vertex 3.53553 3.53553 35
      vertex 3.7592 -3.29673 35
      vertex 3.7592 3.29673 35
    endloop
  endfacet
  facet normal 0 0 1
    outer loop
      vertex 3.53553 3.53553 35
      vertex 3.53553 -3.53553 35
      vertex 3.7592 -3.29673 35
    endloop
  endfacet
  facet normal 0 0 1
    outer loop
      vertex 3.29673 3.7592 35
      vertex 3.53553 -3.53553 35
      vertex 3.53553 3.53553 35
    endloop
  endfacet
  facet normal 0 0 1
    outer loop
      vertex 3.29673 3.7592 35
      vertex 3.29673 -3.7592 35
      vertex 3.53553 -3.53553 35
    endloop
  endfacet
  facet normal 0 0 1
    outer loop
      vertex 3.04381 3.96677 35
      vertex 3.29673 -3.7592 35
      vertex 3.29673 3.7592 35
    endloop
  endfacet
  facet normal 0 0 1
    outer loop
      vertex 3.04381 3.96677 35
      vertex 3.04381 -3.96677 35
      vertex 3.29673 -3.7592 35
    endloop
  endfacet
  facet normal 0 0 1
    outer loop
      vertex 2.77785 4.15735 35
      vertex 3.04381 -3.96677 35
      vertex 3.04381 3.96677 35
    endloop
  endfacet
  facet normal 0 0 1
    outer loop
      vertex 2.77785 4.15735 35
      vertex 2.77785 -4.15735 35
      vertex 3.04381 -3.96677 35
    endloop
  endfacet
  facet normal 0 0 1
    outer loop
      vertex 2.5 4.33013 35
      vertex 2.77785 -4.15735 35
      vertex 2.77785 4.15735 35
    endloop
  endfacet
  facet normal 0 0 1
    outer loop
      vertex 2.5 4.33013 35
      vertex 2.5 -4.33013 35
      vertex 2.77785 -4.15735 35
    endloop
  endfacet
  facet normal 0 0 1
    outer loop
      vertex 2.21144 4.48436 35
      vertex 2.5 -4.33013 35
      vertex 2.5 4.33013 35
    endloop
  endfacet
  facet normal 0 0 1
    outer loop
      vertex 2.21144 4.48436 35
      vertex 2.21144 -4.48436 35
      vertex 2.5 -4.33013 35
    endloop
  endfacet
  facet normal 0 0 1
    outer loop
      vertex 1.91342 4.6194 35
      vertex 2.21144 -4.48436 35
      vertex 2.21144 4.48436 35
    endloop
  endfacet
  facet normal 0 0 1
    outer loop
      vertex 1.91342 4.6194 35
      vertex 1.91342 -4.6194 35
      vertex 2.21144 -4.48436 35
    endloop
  endfacet
  facet normal 0 0 1
    outer loop
      vertex 1.6072 4.73465 35
      vertex 1.91342 -4.6194 35
      vertex 1.91342 4.6194 35
    endloop
  endfacet
  facet normal 0 0 1
    outer loop
      vertex 1.6072 4.73465 35
      vertex 1.6072 -4.73465 35
      vertex 1.91342 -4.6194 35
    endloop
  endfacet
  facet normal 0 0 1
    outer loop
      vertex 1.2941 4.82963 35
      vertex 1.6072 -4.73465 35
      vertex 1.6072 4.73465 35
    endloop
  endfacet
  facet normal 0 0 1
    outer loop
      vertex 1.2941 4.82963 35
      vertex 1.2941 -4.82963 35
      vertex 1.6072 -4.73465 35
    endloop
  endfacet
  facet normal 0 0 1
    outer loop
      vertex 0.975451 4.90393 35
      vertex 1.2941 -4.82963 35
      vertex 1.2941 4.82963 35
    endloop
  endfacet
  facet normal 0 0 1
    outer loop
      vertex 0.975451 4.90393 35
      vertex 0.975451 -4.90393 35
      vertex 1.2941 -4.82963 35
    endloop
  endfacet
  facet normal 0 0 1
    outer loop
      vertex 0.652631 4.95722 35
      vertex 0.975451 -4.90393 35
      vertex 0.975451 4.90393 35
    endloop
  endfacet
  facet normal 0 0 1
    outer loop
      vertex 0.652631 4.95722 35
      vertex 0.652631 -4.95722 35
      vertex 0.975451 -4.90393 35
    endloop
  endfacet
  facet normal 0 0 1
    outer loop
      vertex 0.327015 4.98929 35
      vertex 0.652631 -4.95722 35
      vertex 0.652631 4.95722 35
    endloop
  endfacet
  facet normal 0 0 1
    outer loop
      vertex 0.327015 4.98929 35
      vertex 0.327015 -4.98929 35
      vertex 0.652631 -4.95722 35
    endloop
  endfacet
  facet normal 0 0 1
    outer loop
      vertex 0 5 35
      vertex 0.327015 -4.98929 35
      vertex 0.327015 4.98929 35
    endloop
  endfacet
  facet normal 0 0 1
    outer loop
      vertex 0 5 35
      vertex 0 -5 35
      vertex 0.327015 -4.98929 35
    endloop
  endfacet
  facet normal -0 0 1
    outer loop
      vertex -0.327015 4.98929 35
      vertex 0 -5 35
      vertex 0 5 35
    endloop
  endfacet
  facet normal 0 0 1
    outer loop
      vertex -0.327015 4.98929 35
      vertex -0.327015 -4.98929 35
      vertex 0 -5 35
    endloop
  endfacet
  facet normal -0 0 1
    outer loop
      vertex -0.652631 4.95722 35
      vertex -0.327015 -4.98929 35
      vertex -0.327015 4.98929 35
    endloop
  endfacet
  facet normal 0 0 1
    outer loop
      vertex -0.652631 4.95722 35
      vertex -0.652631 -4.95722 35
      vertex -0.327015 -4.98929 35
    endloop
  endfacet
  facet normal -0 0 1
    outer loop
      vertex -0.975451 4.90393 35
      vertex -0.652631 -4.95722 35
      vertex -0.652631 4.95722 35
    endloop
  endfacet
  facet normal 0 0 1
    outer loop
      vertex -0.975451 4.90393 35
      vertex -0.975451 -4.90393 35
      vertex -0.652631 -4.95722 35
    endloop
  endfacet
  facet normal -0 0 1
    outer loop
      vertex -1.2941 4.82963 35
      vertex -0.975451 -4.90393 35
      vertex -0.975451 4.90393 35
    endloop
  endfacet
  facet normal 0 0 1
    outer loop
      vertex -1.2941 4.82963 35
      vertex -1.2941 -4.82963 35
      vertex -0.975451 -4.90393 35
    endloop
  endfacet
  facet normal -0 0 1
    outer loop
      vertex -1.6072 4.73465 35
      vertex -1.2941 -4.82963 35
      vertex -1.2941 4.82963 35
    endloop
  endfacet
  facet normal 0 0 1
    outer loop
      vertex -1.6072 4.73465 35
      vertex -1.6072 -4.73465 35
      vertex -1.2941 -4.82963 35
    endloop
  endfacet
  facet normal -0 0 1
    outer loop
      vertex -1.91342 4.6194 35
      vertex -1.6072 -4.73465 35
      vertex -1.6072 4.73465 35
    endloop
  endfacet
  facet normal 0 0 1
    outer loop
      vertex -1.91342 4.6194 35
      vertex -1.91342 -4.6194 35
      vertex -1.6072 -4.73465 35
    endloop
  endfacet
  facet normal -0 0 1
    outer loop
      vertex -2.21144 4.48436 35
      vertex -1.91342 -4.6194 35
      vertex -1.91342 4.6194 35
    endloop
  endfacet
  facet normal 0 0 1
    outer loop
      vertex -2.21144 4.48436 35
      vertex -2.21144 -4.48436 35
      vertex -1.91342 -4.6194 35
    endloop
  endfacet
  facet normal -0 0 1
    outer loop
      vertex -2.5 4.33013 35
      vertex -2.21144 -4.48436 35
      vertex -2.21144 4.48436 35
    endloop
  endfacet
  facet normal 0 0 1
    outer loop
      vertex -2.5 4.33013 35
      vertex -2.5 -4.33013 35
      vertex -2.21144 -4.48436 35
    endloop
  endfacet
  facet normal -0 0 1
    outer loop
      vertex -2.77785 4.15735 35
      vertex -2.5 -4.33013 35
      vertex -2.5 4.33013 35
    endloop
  endfacet
  facet normal 0 0 1
    outer loop
      vertex -2.77785 4.15735 35
      vertex -2.77785 -4.15735 35
      vertex -2.5 -4.33013 35
    endloop
  endfacet
  facet normal -0 0 1
    outer loop
      vertex -3.04381 3.96677 35
      vertex -2.77785 -4.15735 35
      vertex -2.77785 4.15735 35
    endloop
  endfacet
  facet normal 0 0 1
    outer loop
      vertex -3.04381 3.96677 35
      vertex -3.04381 -3.96677 35
      vertex -2.77785 -4.15735 35
    endloop
  endfacet
  facet normal -0 0 1
    outer loop
      vertex -3.29673 3.7592 35
      vertex -3.04381 -3.96677 35
      vertex -3.04381 3.96677 35
    endloop
  endfacet
  facet normal 0 0 1
    outer loop
      vertex -3.29673 3.7592 35
      vertex -3.29673 -3.7592 35
      vertex -3.04381 -3.96677 35
    endloop
  endfacet
  facet normal -0 0 1
    outer loop
      vertex -3.53553 3.53553 35
      vertex -3.29673 -3.7592 35
      vertex -3.29673 3.7592 35
    endloop
  endfacet
  facet normal 0 0 1
    outer loop
      vertex -3.53553 3.53553 35
      vertex -3.53553 -3.53553 35
      vertex -3.29673 -3.7592 35
    endloop
  endfacet
  facet normal -0 0 1
    outer loop
      vertex -3.7592 3.29673 35
      vertex -3.53553 -3.53553 35
      vertex -3.53553 3.53553 35
    endloop
  endfacet
  facet normal 0 0 1
    outer loop
      vertex -3.7592 3.29673 35
      vertex -3.7592 -3.29673 35
      vertex -3.53553 -3.53553 35
    endloop
  endfacet
  facet normal -0 0 1
    outer loop
      vertex -3.96677 3.04381 35
      vertex -3.7592 -3.29673 35
      vertex -3.7592 3.29673 35
    endloop
  endfacet
  facet normal 0 0 1
    outer loop
      vertex -3.96677 3.04381 35
      vertex -3.96677 -3.04381 35
      vertex -3.7592 -3.29673 35
    endloop
  endfacet
  facet normal -0 0 1
    outer loop
      vertex -4.15735 2.77785 35
      vertex -3.96677 -3.04381 35
      vertex -3.96677 3.04381 35
    endloop
  endfacet
  facet normal 0 0 1
    outer loop
      vertex -4.15735 2.77785 35
      vertex -4.15735 -2.77785 35
      vertex -3.96677 -3.04381 35
    endloop
  endfacet
  facet normal -0 0 1
    outer loop
      vertex -4.33013 2.5 35
      vertex -4.15735 -2.77785 35
      vertex -4.15735 2.77785 35
    endloop
  endfacet
  facet normal 0 0 1
    outer loop
      vertex -4.33013 2.5 35
      vertex -4.33013 -2.5 35
      vertex -4.15735 -2.77785 35
    endloop
  endfacet
  facet normal -0 0 1
    outer loop
      vertex -4.48436 2.21144 35
      vertex -4.33013 -2.5 35
      vertex -4.33013 2.5 35
    endloop
  endfacet
  facet normal 0 0 1
    outer loop
      vertex -4.48436 2.21144 35
      vertex -4.48436 -2.21144 35
      vertex -4.33013 -2.5 35
    endloop
  endfacet
  facet normal -0 0 1
    outer loop
      vertex -4.6194 1.91342 35
      vertex -4.48436 -2.21144 35
      vertex -4.48436 2.21144 35
    endloop
  endfacet
  facet normal 0 0 1
    outer loop
      vertex -4.6194 1.91342 35
      vertex -4.6194 -1.91342 35
      vertex -4.48436 -2.21144 35
    endloop
  endfacet
  facet normal -0 0 1
    outer loop
      vertex -4.73465 1.6072 35
      vertex -4.6194 -1.91342 35
      vertex -4.6194 1.91342 35
    endloop
  endfacet
  facet normal 0 0 1
    outer loop
      vertex -4.73465 1.6072 35
      vertex -4.73465 -1.6072 35
      vertex -4.6194 -1.91342 35
    endloop
  endfacet
  facet normal -0 0 1
    outer loop
      vertex -4.82963 1.2941 35
      vertex -4.73465 -1.6072 35
      vertex -4.73465 1.6072 35
    endloop
  endfacet
  facet normal 0 0 1
    outer loop
      vertex -4.82963 1.2941 35
      vertex -4.82963 -1.2941 35
      vertex -4.73465 -1.6072 35
    endloop
  endfacet
  facet normal -0 0 1
    outer loop
      vertex -4.90393 0.975451 35
      vertex -4.82963 -1.2941 35
      vertex -4.82963 1.2941 35
    endloop
  endfacet
  facet normal 0 0 1
    outer loop
      vertex -4.90393 0.975451 35
      vertex -4.90393 -0.975451 35
      vertex -4.82963 -1.2941 35
    endloop
  endfacet
  facet normal -0 0 1
    outer loop
      vertex -4.95722 0.652631 35
      vertex -4.90393 -0.975451 35
      vertex -4.90393 0.975451 35
    endloop
  endfacet
  facet normal 0 0 1
    outer loop
      vertex -4.95722 0.652631 35
      vertex -4.95722 -0.652631 35
      vertex -4.90393 -0.975451 35
    endloop
  endfacet
  facet normal -0 0 1
    outer loop
      vertex -4.98929 0.327015 35
      vertex -4.95722 -0.652631 35
      vertex -4.95722 0.652631 35
    endloop
  endfacet
  facet normal 0 0 1
    outer loop
      vertex -4.98929 0.327015 35
      vertex -4.98929 -0.327015 35
      vertex -4.95722 -0.652631 35
    endloop
  endfacet
  facet normal 0 -0 1
    outer loop
      vertex -4.98929 -0.327015 35
      vertex -4.98929 0.327015 35
      vertex -5 0 35
    endloop
  endfacet
  facet normal -0.973876 -0.227081 0
    outer loop
      vertex 4.90393 0.975451 35
      vertex 4.82963 1.2941 50
      vertex 4.82963 1.2941 35
    endloop
  endfacet
  facet normal -0.973876 -0.227081 0
    outer loop
      vertex 4.82963 1.2941 50
      vertex 4.90393 0.975451 35
      vertex 4.90393 0.975451 50
    endloop
  endfacet
  facet normal -0.986647 -0.162872 0
    outer loop
      vertex 4.95722 0.652631 35
      vertex 4.90393 0.975451 50
      vertex 4.90393 0.975451 35
    endloop
  endfacet
  facet normal -0.986647 -0.162872 0
    outer loop
      vertex 4.90393 0.975451 50
      vertex 4.95722 0.652631 35
      vertex 4.95722 0.652631 50
    endloop
  endfacet
  facet normal -0.935909 -0.352242 0
    outer loop
      vertex 4.73465 1.6072 35
      vertex 4.6194 1.91342 50
      vertex 4.6194 1.91342 35
    endloop
  endfacet
  facet normal -0.935909 -0.352242 0
    outer loop
      vertex 4.6194 1.91342 50
      vertex 4.73465 1.6072 35
      vertex 4.73465 1.6072 50
    endloop
  endfacet
  facet normal -0.812853 -0.582469 0
    outer loop
      vertex 4.15735 2.77785 35
      vertex 3.96677 3.04381 50
      vertex 3.96677 3.04381 35
    endloop
  endfacet
  facet normal -0.812853 -0.582469 0
    outer loop
      vertex 3.96677 3.04381 50
      vertex 4.15735 2.77785 35
      vertex 4.15735 2.77785 50
    endloop
  endfacet
  facet normal -0.290291 -0.956939 0
    outer loop
      vertex 1.2941 4.82963 35
      vertex 1.6072 4.73465 50
      vertex 1.2941 4.82963 50
    endloop
  endfacet
  facet normal -0.290291 -0.956939 -0
    outer loop
      vertex 1.6072 4.73465 50
      vertex 1.2941 4.82963 35
      vertex 1.6072 4.73465 35
    endloop
  endfacet
  facet normal -0.098016 -0.995185 0
    outer loop
      vertex 0.327015 4.98929 35
      vertex 0.652631 4.95722 50
      vertex 0.327015 4.98929 50
    endloop
  endfacet
  facet normal -0.098016 -0.995185 -0
    outer loop
      vertex 0.652631 4.95722 50
      vertex 0.327015 4.98929 35
      vertex 0.652631 4.95722 35
    endloop
  endfacet
  facet normal -0.41273 -0.910854 0
    outer loop
      vertex 1.91342 4.6194 35
      vertex 2.21144 4.48436 50
      vertex 1.91342 4.6194 50
    endloop
  endfacet
  facet normal -0.41273 -0.910854 -0
    outer loop
      vertex 2.21144 4.48436 50
      vertex 1.91342 4.6194 35
      vertex 2.21144 4.48436 35
    endloop
  endfacet
  facet normal -0.528072 -0.8492 0
    outer loop
      vertex 2.5 4.33013 35
      vertex 2.77785 4.15735 50
      vertex 2.5 4.33013 50
    endloop
  endfacet
  facet normal -0.528072 -0.8492 -0
    outer loop
      vertex 2.77785 4.15735 50
      vertex 2.5 4.33013 35
      vertex 2.77785 4.15735 35
    endloop
  endfacet
  facet normal -0.6344 -0.773005 0
    outer loop
      vertex 3.04381 3.96677 35
      vertex 3.29673 3.7592 50
      vertex 3.04381 3.96677 50
    endloop
  endfacet
  facet normal -0.6344 -0.773005 -0
    outer loop
      vertex 3.29673 3.7592 50
      vertex 3.04381 3.96677 35
      vertex 3.29673 3.7592 35
    endloop
  endfacet
  facet normal -0.683608 -0.72985 0
    outer loop
      vertex 3.29673 3.7592 35
      vertex 3.53553 3.53553 50
      vertex 3.29673 3.7592 50
    endloop
  endfacet
  facet normal -0.683608 -0.72985 -0
    outer loop
      vertex 3.53553 3.53553 50
      vertex 3.29673 3.7592 35
      vertex 3.53553 3.53553 35
    endloop
  endfacet
  facet normal 0.72985 -0.683608 0
    outer loop
      vertex -3.7592 3.29673 50
      vertex -3.53553 3.53553 35
      vertex -3.53553 3.53553 50
    endloop
  endfacet
  facet normal 0.72985 -0.683608 0
    outer loop
      vertex -3.53553 3.53553 35
      vertex -3.7592 3.29673 50
      vertex -3.7592 3.29673 35
    endloop
  endfacet
  facet normal 0.773005 -0.6344 0
    outer loop
      vertex -3.96677 3.04381 50
      vertex -3.7592 3.29673 35
      vertex -3.7592 3.29673 50
    endloop
  endfacet
  facet normal 0.773005 -0.6344 0
    outer loop
      vertex -3.7592 3.29673 35
      vertex -3.96677 3.04381 50
      vertex -3.96677 3.04381 35
    endloop
  endfacet
  facet normal 0.910854 -0.41273 0
    outer loop
      vertex -4.6194 1.91342 50
      vertex -4.48436 2.21144 35
      vertex -4.48436 2.21144 50
    endloop
  endfacet
  facet normal 0.910854 -0.41273 0
    outer loop
      vertex -4.48436 2.21144 35
      vertex -4.6194 1.91342 50
      vertex -4.6194 1.91342 35
    endloop
  endfacet
  facet normal 0.881932 -0.471376 0
    outer loop
      vertex -4.48436 2.21144 50
      vertex -4.33013 2.5 35
      vertex -4.33013 2.5 50
    endloop
  endfacet
  facet normal 0.881932 -0.471376 0
    outer loop
      vertex -4.33013 2.5 35
      vertex -4.48436 2.21144 50
      vertex -4.48436 2.21144 35
    endloop
  endfacet
  facet normal 0.956939 -0.290291 0
    outer loop
      vertex -4.82963 1.2941 50
      vertex -4.73465 1.6072 35
      vertex -4.73465 1.6072 50
    endloop
  endfacet
  facet normal 0.956939 -0.290291 0
    outer loop
      vertex -4.73465 1.6072 35
      vertex -4.82963 1.2941 50
      vertex -4.82963 1.2941 35
    endloop
  endfacet
  facet normal 0.995185 -0.098016 0
    outer loop
      vertex -4.98929 0.327015 50
      vertex -4.95722 0.652631 35
      vertex -4.95722 0.652631 50
    endloop
  endfacet
  facet normal 0.995185 -0.098016 0
    outer loop
      vertex -4.95722 0.652631 35
      vertex -4.98929 0.327015 50
      vertex -4.98929 0.327015 35
    endloop
  endfacet
  facet normal 0.41273 -0.910854 0
    outer loop
      vertex -2.21144 4.48436 35
      vertex -1.91342 4.6194 50
      vertex -2.21144 4.48436 50
    endloop
  endfacet
  facet normal 0.41273 -0.910854 0
    outer loop
      vertex -1.91342 4.6194 50
      vertex -2.21144 4.48436 35
      vertex -1.91342 4.6194 35
    endloop
  endfacet
  facet normal 0.582469 -0.812853 0
    outer loop
      vertex -3.04381 3.96677 35
      vertex -2.77785 4.15735 50
      vertex -3.04381 3.96677 50
    endloop
  endfacet
  facet normal 0.582469 -0.812853 0
    outer loop
      vertex -2.77785 4.15735 50
      vertex -3.04381 3.96677 35
      vertex -2.77785 4.15735 35
    endloop
  endfacet
  facet normal 0.471376 -0.881932 0
    outer loop
      vertex -2.5 4.33013 35
      vertex -2.21144 4.48436 50
      vertex -2.5 4.33013 50
    endloop
  endfacet
  facet normal 0.471376 -0.881932 0
    outer loop
      vertex -2.21144 4.48436 50
      vertex -2.5 4.33013 35
      vertex -2.21144 4.48436 35
    endloop
  endfacet
  facet normal 0.227081 -0.973876 0
    outer loop
      vertex -1.2941 4.82963 35
      vertex -0.975451 4.90393 50
      vertex -1.2941 4.82963 50
    endloop
  endfacet
  facet normal 0.227081 -0.973876 0
    outer loop
      vertex -0.975451 4.90393 50
      vertex -1.2941 4.82963 35
      vertex -0.975451 4.90393 35
    endloop
  endfacet
  facet normal 0.290291 -0.956939 0
    outer loop
      vertex -1.6072 4.73465 35
      vertex -1.2941 4.82963 50
      vertex -1.6072 4.73465 50
    endloop
  endfacet
  facet normal 0.290291 -0.956939 0
    outer loop
      vertex -1.2941 4.82963 50
      vertex -1.6072 4.73465 35
      vertex -1.2941 4.82963 35
    endloop
  endfacet
  facet normal 0.0327332 -0.999464 0
    outer loop
      vertex -0.327015 4.98929 35
      vertex 0 5 50
      vertex -0.327015 4.98929 50
    endloop
  endfacet
  facet normal 0.0327332 -0.999464 0
    outer loop
      vertex 0 5 50
      vertex -0.327015 4.98929 35
      vertex 0 5 35
    endloop
  endfacet
  facet normal -0.0327332 0.999464 0
    outer loop
      vertex 0.327015 -4.98929 35
      vertex 0 -5 50
      vertex 0.327015 -4.98929 50
    endloop
  endfacet
  facet normal -0.0327332 0.999464 0
    outer loop
      vertex 0 -5 50
      vertex 0.327015 -4.98929 35
      vertex 0 -5 35
    endloop
  endfacet
  facet normal -0.162872 0.986647 0
    outer loop
      vertex 0.975451 -4.90393 35
      vertex 0.652631 -4.95722 50
      vertex 0.975451 -4.90393 50
    endloop
  endfacet
  facet normal -0.162872 0.986647 0
    outer loop
      vertex 0.652631 -4.95722 50
      vertex 0.975451 -4.90393 35
      vertex 0.652631 -4.95722 35
    endloop
  endfacet
  facet normal -0.352242 0.935909 0
    outer loop
      vertex 1.91342 -4.6194 35
      vertex 1.6072 -4.73465 50
      vertex 1.91342 -4.6194 50
    endloop
  endfacet
  facet normal -0.352242 0.935909 0
    outer loop
      vertex 1.6072 -4.73465 50
      vertex 1.91342 -4.6194 35
      vertex 1.6072 -4.73465 35
    endloop
  endfacet
  facet normal -0.528072 0.8492 0
    outer loop
      vertex 2.77785 -4.15735 35
      vertex 2.5 -4.33013 50
      vertex 2.77785 -4.15735 50
    endloop
  endfacet
  facet normal -0.528072 0.8492 0
    outer loop
      vertex 2.5 -4.33013 50
      vertex 2.77785 -4.15735 35
      vertex 2.5 -4.33013 35
    endloop
  endfacet
  facet normal -0.41273 0.910854 0
    outer loop
      vertex 2.21144 -4.48436 35
      vertex 1.91342 -4.6194 50
      vertex 2.21144 -4.48436 50
    endloop
  endfacet
  facet normal -0.41273 0.910854 0
    outer loop
      vertex 1.91342 -4.6194 50
      vertex 2.21144 -4.48436 35
      vertex 1.91342 -4.6194 35
    endloop
  endfacet
  facet normal -0.72985 0.683608 0
    outer loop
      vertex 3.53553 -3.53553 35
      vertex 3.7592 -3.29673 50
      vertex 3.7592 -3.29673 35
    endloop
  endfacet
  facet normal -0.72985 0.683608 0
    outer loop
      vertex 3.7592 -3.29673 50
      vertex 3.53553 -3.53553 35
      vertex 3.53553 -3.53553 50
    endloop
  endfacet
  facet normal -0.812853 0.582469 0
    outer loop
      vertex 3.96677 -3.04381 35
      vertex 4.15735 -2.77785 50
      vertex 4.15735 -2.77785 35
    endloop
  endfacet
  facet normal -0.812853 0.582469 0
    outer loop
      vertex 4.15735 -2.77785 50
      vertex 3.96677 -3.04381 35
      vertex 3.96677 -3.04381 50
    endloop
  endfacet
  facet normal -0.910854 0.41273 0
    outer loop
      vertex 4.48436 -2.21144 35
      vertex 4.6194 -1.91342 50
      vertex 4.6194 -1.91342 35
    endloop
  endfacet
  facet normal -0.910854 0.41273 0
    outer loop
      vertex 4.6194 -1.91342 50
      vertex 4.48436 -2.21144 35
      vertex 4.48436 -2.21144 50
    endloop
  endfacet
  facet normal -0.973876 0.227081 0
    outer loop
      vertex 4.82963 -1.2941 35
      vertex 4.90393 -0.975451 50
      vertex 4.90393 -0.975451 35
    endloop
  endfacet
  facet normal -0.973876 0.227081 0
    outer loop
      vertex 4.90393 -0.975451 50
      vertex 4.82963 -1.2941 35
      vertex 4.82963 -1.2941 50
    endloop
  endfacet
  facet normal -0.995185 0.098016 0
    outer loop
      vertex 4.95722 -0.652631 35
      vertex 4.98929 -0.327015 50
      vertex 4.98929 -0.327015 35
    endloop
  endfacet
  facet normal -0.995185 0.098016 0
    outer loop
      vertex 4.98929 -0.327015 50
      vertex 4.95722 -0.652631 35
      vertex 4.95722 -0.652631 50
    endloop
  endfacet
  facet normal 0.683608 0.72985 -0
    outer loop
      vertex -3.29673 -3.7592 35
      vertex -3.53553 -3.53553 50
      vertex -3.29673 -3.7592 50
    endloop
  endfacet
  facet normal 0.683608 0.72985 0
    outer loop
      vertex -3.53553 -3.53553 50
      vertex -3.29673 -3.7592 35
      vertex -3.53553 -3.53553 35
    endloop
  endfacet
  facet normal 0.471376 0.881932 -0
    outer loop
      vertex -2.21144 -4.48436 35
      vertex -2.5 -4.33013 50
      vertex -2.21144 -4.48436 50
    endloop
  endfacet
  facet normal 0.471376 0.881932 0
    outer loop
      vertex -2.5 -4.33013 50
      vertex -2.21144 -4.48436 35
      vertex -2.5 -4.33013 35
    endloop
  endfacet
  facet normal 0.290291 0.956939 -0
    outer loop
      vertex -1.2941 -4.82963 35
      vertex -1.6072 -4.73465 50
      vertex -1.2941 -4.82963 50
    endloop
  endfacet
  facet normal 0.290291 0.956939 0
    outer loop
      vertex -1.6072 -4.73465 50
      vertex -1.2941 -4.82963 35
      vertex -1.6072 -4.73465 35
    endloop
  endfacet
  facet normal 0.098016 0.995185 -0
    outer loop
      vertex -0.327015 -4.98929 35
      vertex -0.652631 -4.95722 50
      vertex -0.327015 -4.98929 50
    endloop
  endfacet
  facet normal 0.098016 0.995185 0
    outer loop
      vertex -0.652631 -4.95722 50
      vertex -0.327015 -4.98929 35
      vertex -0.652631 -4.95722 35
    endloop
  endfacet
  facet normal 0.773005 0.6344 0
    outer loop
      vertex -3.7592 -3.29673 50
      vertex -3.96677 -3.04381 35
      vertex -3.96677 -3.04381 50
    endloop
  endfacet
  facet normal 0.773005 0.6344 0
    outer loop
      vertex -3.96677 -3.04381 35
      vertex -3.7592 -3.29673 50
      vertex -3.7592 -3.29673 35
    endloop
  endfacet
  facet normal 0.8492 0.528072 0
    outer loop
      vertex -4.15735 -2.77785 50
      vertex -4.33013 -2.5 35
      vertex -4.33013 -2.5 50
    endloop
  endfacet
  facet normal 0.8492 0.528072 0
    outer loop
      vertex -4.33013 -2.5 35
      vertex -4.15735 -2.77785 50
      vertex -4.15735 -2.77785 35
    endloop
  endfacet
  facet normal 0.956939 0.290291 0
    outer loop
      vertex -4.73465 -1.6072 50
      vertex -4.82963 -1.2941 35
      vertex -4.82963 -1.2941 50
    endloop
  endfacet
  facet normal 0.956939 0.290291 0
    outer loop
      vertex -4.82963 -1.2941 35
      vertex -4.73465 -1.6072 50
      vertex -4.73465 -1.6072 35
    endloop
  endfacet
  facet normal 0.973876 0.227081 0
    outer loop
      vertex -4.82963 -1.2941 50
      vertex -4.90393 -0.975451 35
      vertex -4.90393 -0.975451 50
    endloop
  endfacet
  facet normal 0.973876 0.227081 0
    outer loop
      vertex -4.90393 -0.975451 35
      vertex -4.82963 -1.2941 50
      vertex -4.82963 -1.2941 35
    endloop
  endfacet
  facet normal 0.935909 0.352242 0
    outer loop
      vertex -4.6194 -1.91342 50
      vertex -4.73465 -1.6072 35
      vertex -4.73465 -1.6072 50
    endloop
  endfacet
  facet normal 0.935909 0.352242 0
    outer loop
      vertex -4.73465 -1.6072 35
      vertex -4.6194 -1.91342 50
      vertex -4.6194 -1.91342 35
    endloop
  endfacet
  facet normal 0.986647 0.162872 0
    outer loop
      vertex -4.90393 -0.975451 50
      vertex -4.95722 -0.652631 35
      vertex -4.95722 -0.652631 50
    endloop
  endfacet
  facet normal 0.986647 0.162872 0
    outer loop
      vertex -4.95722 -0.652631 35
      vertex -4.90393 -0.975451 50
      vertex -4.90393 -0.975451 35
    endloop
  endfacet
  facet normal 0.999464 0.0327332 0
    outer loop
      vertex -4.98929 -0.327015 50
      vertex -5 0 35
      vertex -5 0 50
    endloop
  endfacet
  facet normal 0.999464 0.0327332 0
    outer loop
      vertex -5 0 35
      vertex -4.98929 -0.327015 50
      vertex -4.98929 -0.327015 35
    endloop
  endfacet
  facet normal -0.098016 0.995185 0
    outer loop
      vertex 0.652631 -4.95722 35
      vertex 0.327015 -4.98929 50
      vertex 0.652631 -4.95722 50
    endloop
  endfacet
  facet normal -0.098016 0.995185 0
    outer loop
      vertex 0.327015 -4.98929 50
      vertex 0.652631 -4.95722 35
      vertex 0.327015 -4.98929 35
    endloop
  endfacet
  facet normal -0.290291 0.956939 0
    outer loop
      vertex 1.6072 -4.73465 35
      vertex 1.2941 -4.82963 50
      vertex 1.6072 -4.73465 50
    endloop
  endfacet
  facet normal -0.290291 0.956939 0
    outer loop
      vertex 1.2941 -4.82963 50
      vertex 1.6072 -4.73465 35
      vertex 1.2941 -4.82963 35
    endloop
  endfacet
  facet normal -0.683608 0.72985 0
    outer loop
      vertex 3.53553 -3.53553 35
      vertex 3.29673 -3.7592 50
      vertex 3.53553 -3.53553 50
    endloop
  endfacet
  facet normal -0.683608 0.72985 0
    outer loop
      vertex 3.29673 -3.7592 50
      vertex 3.53553 -3.53553 35
      vertex 3.29673 -3.7592 35
    endloop
  endfacet
  facet normal -0.471376 0.881932 0
    outer loop
      vertex 2.5 -4.33013 35
      vertex 2.21144 -4.48436 50
      vertex 2.5 -4.33013 50
    endloop
  endfacet
  facet normal -0.471376 0.881932 0
    outer loop
      vertex 2.21144 -4.48436 50
      vertex 2.5 -4.33013 35
      vertex 2.21144 -4.48436 35
    endloop
  endfacet
  facet normal -0.8492 0.528072 0
    outer loop
      vertex 4.15735 -2.77785 35
      vertex 4.33013 -2.5 50
      vertex 4.33013 -2.5 35
    endloop
  endfacet
  facet normal -0.8492 0.528072 0
    outer loop
      vertex 4.33013 -2.5 50
      vertex 4.15735 -2.77785 35
      vertex 4.15735 -2.77785 50
    endloop
  endfacet
  facet normal -0.935909 0.352242 0
    outer loop
      vertex 4.6194 -1.91342 35
      vertex 4.73465 -1.6072 50
      vertex 4.73465 -1.6072 35
    endloop
  endfacet
  facet normal -0.935909 0.352242 0
    outer loop
      vertex 4.73465 -1.6072 50
      vertex 4.6194 -1.91342 35
      vertex 4.6194 -1.91342 50
    endloop
  endfacet
  facet normal -0.999464 0.0327332 0
    outer loop
      vertex 4.98929 -0.327015 35
      vertex 5 0 50
      vertex 5 0 35
    endloop
  endfacet
  facet normal -0.999464 0.0327332 0
    outer loop
      vertex 5 0 50
      vertex 4.98929 -0.327015 35
      vertex 4.98929 -0.327015 50
    endloop
  endfacet
  facet normal 0.6344 0.773005 -0
    outer loop
      vertex -3.04381 -3.96677 35
      vertex -3.29673 -3.7592 50
      vertex -3.04381 -3.96677 50
    endloop
  endfacet
  facet normal 0.6344 0.773005 0
    outer loop
      vertex -3.29673 -3.7592 50
      vertex -3.04381 -3.96677 35
      vertex -3.29673 -3.7592 35
    endloop
  endfacet
  facet normal 0.41273 0.910854 -0
    outer loop
      vertex -1.91342 -4.6194 35
      vertex -2.21144 -4.48436 50
      vertex -1.91342 -4.6194 50
    endloop
  endfacet
  facet normal 0.41273 0.910854 0
    outer loop
      vertex -2.21144 -4.48436 50
      vertex -1.91342 -4.6194 35
      vertex -2.21144 -4.48436 35
    endloop
  endfacet
  facet normal 0.227081 0.973876 -0
    outer loop
      vertex -0.975451 -4.90393 35
      vertex -1.2941 -4.82963 50
      vertex -0.975451 -4.90393 50
    endloop
  endfacet
  facet normal 0.227081 0.973876 0
    outer loop
      vertex -1.2941 -4.82963 50
      vertex -0.975451 -4.90393 35
      vertex -1.2941 -4.82963 35
    endloop
  endfacet
  facet normal 0.0327332 0.999464 -0
    outer loop
      vertex 0 -5 35
      vertex -0.327015 -4.98929 50
      vertex 0 -5 50
    endloop
  endfacet
  facet normal 0.0327332 0.999464 0
    outer loop
      vertex -0.327015 -4.98929 50
      vertex 0 -5 35
      vertex -0.327015 -4.98929 35
    endloop
  endfacet
  facet normal 0.72985 0.683608 0
    outer loop
      vertex -3.53553 -3.53553 50
      vertex -3.7592 -3.29673 35
      vertex -3.7592 -3.29673 50
    endloop
  endfacet
  facet normal 0.72985 0.683608 0
    outer loop
      vertex -3.7592 -3.29673 35
      vertex -3.53553 -3.53553 50
      vertex -3.53553 -3.53553 35
    endloop
  endfacet
  facet normal 0.881932 0.471376 0
    outer loop
      vertex -4.33013 -2.5 50
      vertex -4.48436 -2.21144 35
      vertex -4.48436 -2.21144 50
    endloop
  endfacet
  facet normal 0.881932 0.471376 0
    outer loop
      vertex -4.48436 -2.21144 35
      vertex -4.33013 -2.5 50
      vertex -4.33013 -2.5 35
    endloop
  endfacet
  facet normal 0.995185 0.098016 0
    outer loop
      vertex -4.95722 -0.652631 50
      vertex -4.98929 -0.327015 35
      vertex -4.98929 -0.327015 50
    endloop
  endfacet
  facet normal 0.995185 0.098016 0
    outer loop
      vertex -4.98929 -0.327015 35
      vertex -4.95722 -0.652631 50
      vertex -4.95722 -0.652631 35
    endloop
  endfacet
  facet normal -0.773005 0.6344 0
    outer loop
      vertex 3.7592 -3.29673 35
      vertex 3.96677 -3.04381 50
      vertex 3.96677 -3.04381 35
    endloop
  endfacet
  facet normal -0.773005 0.6344 0
    outer loop
      vertex 3.96677 -3.04381 50
      vertex 3.7592 -3.29673 35
      vertex 3.7592 -3.29673 50
    endloop
  endfacet
  facet normal -0.986647 0.162872 0
    outer loop
      vertex 4.90393 -0.975451 35
      vertex 4.95722 -0.652631 50
      vertex 4.95722 -0.652631 35
    endloop
  endfacet
  facet normal -0.986647 0.162872 0
    outer loop
      vertex 4.95722 -0.652631 50
      vertex 4.90393 -0.975451 35
      vertex 4.90393 -0.975451 50
    endloop
  endfacet
endsolid OpenSCAD_Model
